     collisions(billions)   time(microsecond)   temperature(K)   Etotal(kJ/mol)   KE(kJ/mol)   PE(kJ/mol)
===============================================================================================================
         0.0000                  0.0000            1028.4          10798.4040    10800.0000       -1.5960
         0.0745                  0.0061            1022.5          10719.2964    10744.0200      -24.7236
         0.1000                  0.0082            1008.2          10602.6316    10608.6600       -6.0284
         0.1716                  0.0143             938.1           9913.9411     9947.5200      -33.5789
         0.2000                  0.0168             907.3           9631.7923     9656.8200      -25.0277
         0.2683                  0.0230             792.8           8564.8769     8576.2800      -11.4031
         0.3000                  0.0259             803.6           8661.5577     8678.1600      -16.6023
         0.3649                  0.0323             673.4           7432.6228     7448.7600      -16.1372
         0.4000                  0.0357             696.6           7616.5724     7667.6400      -51.0676
         0.4611                  0.0422             569.0           6432.5400     6463.4400      -30.9000
         0.5000                  0.0463             558.8           6345.5040     6367.5000      -21.9960
         0.5597                  0.0528             526.2           6028.6398     6059.3400      -30.7002
         0.6195                  0.0594             529.0           6059.4086     6086.1600      -26.7514
         0.6500                  0.0627             513.9           5878.6747     5943.6000      -64.9253
         0.7082                  0.0693             489.2           5649.2995     5710.6800      -61.3805
         0.7664                  0.0759             476.4           5481.4828     5589.3600     -107.8772
         0.8000                  0.0797             467.7           5453.3924     5507.1000      -53.7076
         0.8565                  0.0864             462.4           5363.2094     5456.8800      -93.6706
         0.9130                  0.0930             455.4           5289.0142     5391.5400     -102.5258
         0.9696                  0.0997             447.5           5251.0954     5317.0200      -65.9246
         1.0000                  0.1033             419.9           4971.1010     5055.8400      -84.7390
         1.0548                  0.1100             393.8           4607.9834     4809.4200     -201.4366
         1.1096                  0.1168             388.7           4605.4526     4761.9000     -156.4474
         1.1645                  0.1235             378.3           4407.5420     4663.6200     -256.0780
         1.2193                  0.1303             392.9           4613.7580     4801.5000     -187.7420
         1.2500                  0.1341             378.3           4605.2925     4663.6200      -58.3275
         1.3020                  0.1410             316.3           3438.5150     4078.2600     -639.7450
         1.3541                  0.1479             313.7           3415.0259     4054.1400     -639.1141
         1.4061                  0.1548             286.0           3201.7936     3792.4200     -590.6264
         1.4579                  0.1618             309.6           3386.7482     4015.0800     -628.3318
         1.5098                  0.1687             300.7           3366.9626     3931.5600     -564.5974
         1.5618                  0.1756             298.9           3258.2855     3914.4600     -656.1745
         1.6137                  0.1825             311.9           3396.3756     4037.0400     -640.6644
         1.6656                  0.1895             309.7           3347.0071     4015.8000     -668.7929
         1.7175                  0.1964             302.4           3186.6339     3947.5800     -760.9461
         1.7696                  0.2033             312.9           3060.6473     4046.5800     -985.9327
         1.8217                  0.2103             311.3           3113.0174     4031.1000     -918.0826
         1.8738                  0.2172             294.1           3153.8754     3868.9200     -715.0446
         1.9257                  0.2241             304.3           3206.2141     3965.4000     -759.1859
         1.9777                  0.2310             301.4           3123.6990     3937.8600     -814.1610
         2.0296                  0.2380             302.1           3335.9178     3944.5200     -608.6022
         2.0816                  0.2449             298.2           3289.8152     3907.2600     -617.4448
         2.1335                  0.2518             284.2           3260.6754     3775.6800     -515.0046
         2.1852                  0.2588             309.8           3244.4118     4017.0600     -772.6482
         2.2371                  0.2657             310.4           3423.6343     4022.4600     -598.8257
         2.2500                  0.2674             295.8           3181.3531     3884.7600     -703.4069
         2.3019                  0.2743             316.6           3498.7660     4080.7800     -582.0140
         2.3537                  0.2813             305.9           3509.0239     3980.5200     -471.4961
         2.4056                  0.2882             306.4           3350.0412     3984.8400     -634.7988
         2.4576                  0.2951             308.5           3333.4357     4005.1800     -671.7443
         2.5096                  0.3020             314.7           3583.3334     4063.6800     -480.3466
         2.5615                  0.3090             314.4           3517.5888     4060.6200     -543.0312
         2.6133                  0.3159             308.4           3346.9104     4003.9200     -657.0096
         2.6653                  0.3228             308.5           3438.7602     4004.4600     -565.6998
         2.7172                  0.3297             320.4           3438.7821     4116.7800     -677.9979
         2.7691                  0.3367             311.8           3341.0607     4036.1400     -695.0793
         2.8211                  0.3436             304.1           3338.1339     3963.0600     -624.9261
         2.8731                  0.3505             295.3           3427.6837     3880.4400     -452.7563
         2.9250                  0.3575             300.2           3294.0630     3926.7000     -632.6370
         2.9769                  0.3644             314.6           3506.4589     4062.0600     -555.6011
         3.0288                  0.3713             305.5           3552.6516     3976.2000     -423.5484
         3.0807                  0.3782             321.3           3514.5201     4125.7800     -611.2599
         3.1327                  0.3852             309.2           3463.0030     4011.1200     -548.1170
         3.1847                  0.3921             313.3           3472.0034     4049.8200     -577.8166
         3.2366                  0.3990             295.2           3242.5892     3878.8200     -636.2308
         3.2500                  0.4008             313.1           3498.0840     4047.8400     -549.7560
         3.3018                  0.4077             312.8           3219.4618     4045.3200     -825.8582
         3.3538                  0.4147             299.4           3281.3251     3918.6000     -637.2749
         3.4057                  0.4216             306.8           3484.6011     3988.9800     -504.3789
         3.4576                  0.4285             326.6           3666.7177     4175.4600     -508.7423
         3.5095                  0.4355             305.4           3438.6583     3975.6600     -537.0017
         3.5615                  0.4424             296.6           3263.9485     3891.9600     -628.0115
         3.6134                  0.4493             301.2           3494.9424     3935.5200     -440.5776
         3.6653                  0.4562             303.9           3331.0650     3960.9000     -629.8350
         3.7173                  0.4632             297.4           3186.0800     3900.2400     -714.1600
         3.7693                  0.4701             310.4           3231.1362     4022.2800     -791.1438
         3.8214                  0.4770             306.5           3195.1747     3985.9200     -790.7453
         3.8733                  0.4840             324.3           3595.3191     4153.5000     -558.1809
         3.9252                  0.4909             309.1           3338.3700     4010.0400     -671.6700
         3.9771                  0.4978             312.3           3624.6682     4040.4600     -415.7918
         4.0291                  0.5047             318.7           3503.8376     4101.1200     -597.2824
         4.0810                  0.5117             306.1           3273.7636     3981.6000     -707.8364
         4.1330                  0.5186             296.6           2951.2522     3892.6800     -941.4278
         4.1849                  0.5255             322.4           3344.5033     4136.2200     -791.7167
         4.2368                  0.5324             308.5           3208.0941     4004.4600     -796.3659
         4.2500                  0.5342             307.4           3243.7655     3994.0200     -750.2545
         4.3019                  0.5411             299.0           3299.8352     3915.3600     -615.5248
         4.3538                  0.5480             316.8           3555.3799     4083.1200     -527.7401
         4.4059                  0.5550             298.8           3314.6391     3913.5600     -598.9209
         4.4578                  0.5619             298.6           3539.9978     3911.2200     -371.2222
         4.5097                  0.5688             293.2           3081.0168     3860.6400     -779.6232
         4.5615                  0.5758             306.2           3444.9170     3982.6800     -537.7630
         4.6135                  0.5827             322.3           3521.4072     4134.9600     -613.5528
         4.6654                  0.5896             302.0           3331.8003     3943.8000     -611.9997
         4.7174                  0.5965             316.5           3750.6334     4080.0600     -329.4266
         4.7692                  0.6035             304.3           3346.6991     3964.6800     -617.9809
         4.8212                  0.6104             291.8           3048.5080     3846.7800     -798.2720
         4.8731                  0.6173             298.9           3427.9355     3914.1000     -486.1645
         4.9250                  0.6243             291.0           3318.0561     3839.2200     -521.1639
         4.9770                  0.6312             299.1           3338.6925     3915.5400     -576.8475
         5.0289                  0.6381             317.0           3571.2858     4084.9200     -513.6342
         5.0808                  0.6450             284.2           3089.9398     3775.3200     -685.3802
         5.1328                  0.6520             321.9           3469.4016     4131.3600     -661.9584
         5.1846                  0.6589             308.2           2999.8282     4002.3000    -1002.4718
         5.2366                  0.6658             318.9           3102.4732     4102.7400    -1000.2668
         5.2500                  0.6676             318.9           3341.2318     4102.9200     -761.6882
         5.3020                  0.6745             305.6           3367.8219     3976.9200     -609.0981
         5.3539                  0.6815             295.1           2893.3800     3878.6400     -985.2600
         5.4059                  0.6884             294.1           2944.4131     3869.1000     -924.6869
         5.4579                  0.6953             302.4           3197.7186     3947.5800     -749.8614
         5.5097                  0.7022             306.8           3221.2188     3988.9800     -767.7612
         5.5618                  0.7092             295.7           3139.5915     3884.0400     -744.4485
         5.6137                  0.7161             304.9           3145.8776     3970.6200     -824.7424
         5.6655                  0.7230             307.2           3300.9508     3992.0400     -691.0892
         5.7175                  0.7299             308.8           3204.1249     4007.7000     -803.5751
         5.7694                  0.7369             303.8           3159.4791     3960.5400     -801.0609
         5.8215                  0.7438             315.0           3323.6982     4066.3800     -742.6818
         5.8734                  0.7507             309.7           3335.2652     4016.1600     -680.8948
         5.9254                  0.7577             302.3           3309.0429     3946.3200     -637.2771
         5.9771                  0.7646             310.2           3576.5959     4020.6600     -444.0641
         6.0290                  0.7715             309.6           3595.8598     4014.9000     -419.0402
         6.0810                  0.7784             307.7           3355.5804     3997.6200     -642.0396
         6.1331                  0.7854             311.8           3288.9100     4035.6000     -746.6900
         6.1851                  0.7923             293.4           3316.0534     3862.6200     -546.5666
         6.2370                  0.7992             311.1           3471.5110     4029.6600     -558.1490
         6.2500                  0.8010             304.9           3273.4361     3970.4400     -697.0039
         6.3020                  0.8079             315.0           3489.5533     4066.3800     -576.8267
         6.3540                  0.8148             304.4           3214.7527     3966.4800     -751.7273
         6.4061                  0.8217             299.1           2969.9777     3916.4400     -946.4623
         6.4582                  0.8287             303.9           3294.4050     3961.2600     -666.8550
         6.5102                  0.8356             303.2           3288.0322     3955.1400     -667.1078
         6.5622                  0.8425             291.6           3065.5487     3845.3400     -779.7913
         6.6141                  0.8495             302.0           3179.1653     3943.0800     -763.9147
         6.6662                  0.8564             318.6           3498.4157     4100.0400     -601.6243
         6.7182                  0.8633             313.2           3188.6381     4049.2800     -860.6419
         6.7702                  0.8702             304.9           3428.2420     3971.1600     -542.9180
         6.8221                  0.8772             283.1           3070.0954     3764.8800     -694.7846
         6.8741                  0.8841             299.2           3290.5327     3917.1600     -626.6273
         6.9260                  0.8910             306.5           3407.1859     3985.9200     -578.7341
         6.9780                  0.8979             304.1           3242.7869     3963.2400     -720.4531
         7.0299                  0.9049             318.3           3532.0483     4096.9800     -564.9317
         7.0818                  0.9118             301.0           3355.9235     3933.7200     -577.7965
         7.1337                  0.9187             294.7           3151.0875     3874.6800     -723.5925
         7.1856                  0.9257             327.7           3512.2726     4186.0800     -673.8074
         7.2375                  0.9326             328.0           3352.4110     4188.7800     -836.3690
         7.2500                  0.9342             297.8           3130.6317     3903.6600     -773.0283
         7.3019                  0.9412             301.4           3165.6846     3937.6800     -771.9954
         7.3539                  0.9481             298.7           3378.6876     3911.7600     -533.0724
         7.4060                  0.9550             295.7           3167.4839     3883.6800     -716.1961
         7.4580                  0.9620             315.5           3555.9212     4070.7000     -514.7788
         7.5099                  0.9689             310.3           3247.3259     4021.3800     -774.0541
         7.5618                  0.9758             309.1           3460.0797     4010.0400     -549.9603
         7.6137                  0.9827             286.3           3132.1786     3795.1200     -662.9414
         7.6657                  0.9897             313.1           3264.3910     4048.0200     -783.6290
         7.7177                  0.9966             308.0           3359.4936     4000.3200     -640.8264
         7.7698                  1.0035             308.1           3229.9279     4000.8600     -770.9321
         7.8218                  1.0104             301.3           3205.7885     3937.1400     -731.3515
         7.8738                  1.0174             289.7           3189.4732     3827.7000     -638.2268
         7.9258                  1.0243             308.2           3409.4369     4002.3000     -592.8631
         7.9776                  1.0312             306.7           3431.7729     3987.7200     -555.9471
         8.0293                  1.0382             278.3           2883.6498     3719.8800     -836.2302
         8.0812                  1.0451             308.2           3193.9358     4001.9400     -808.0042
         8.1330                  1.0520             317.1           3197.9753     4086.1800     -888.2047
         8.1848                  1.0589             310.6           3055.4939     4024.8000     -969.3061
         8.2368                  1.0659             284.1           2943.1815     3774.6000     -831.4185
         8.2500                  1.0676             322.2           3341.0850     4133.8800     -792.7950
         8.3019                  1.0745             304.1           3191.8255     3963.6000     -771.7745
         8.3539                  1.0815             294.9           3115.8726     3876.6600     -760.7874
         8.4057                  1.0884             283.9           2935.3658     3772.9800     -837.6142
         8.4576                  1.0953             302.0           3122.2595     3943.0800     -820.8205
         8.5096                  1.1023             305.4           3203.7056     3975.3000     -771.5944
         8.5615                  1.1092             307.7           3341.5225     3997.6200     -656.0975
         8.6133                  1.1161             306.1           3214.5153     3982.3200     -767.8047
         8.6652                  1.1230             294.2           3002.8553     3869.4600     -866.6047
         8.7170                  1.1300             305.3           3288.8556     3974.2200     -685.3644
         8.7690                  1.1369             294.5           3099.1384     3872.3400     -773.2016
         8.8211                  1.1438             310.6           3498.4130     4024.0800     -525.6670
         8.8730                  1.1508             294.4           3320.9803     3871.6200     -550.6397
         8.9248                  1.1577             303.2           3200.8806     3954.6000     -753.7194
         8.9769                  1.1646             297.4           3309.3092     3900.2400     -590.9308
         9.0288                  1.1715             291.4           3214.0856     3843.1800     -629.0944
         9.0807                  1.1785             309.4           3356.7991     4013.1000     -656.3009
         9.1327                  1.1854             310.6           3518.2929     4024.4400     -506.1471
         9.1846                  1.1923             305.8           3439.4042     3979.0800     -539.6758
         9.2366                  1.1992             310.7           3571.9882     4025.3400     -453.3518
         9.2500                  1.2010             302.4           3259.9613     3947.0400     -687.0787
         9.3019                  1.2080             291.4           3198.3284     3843.3600     -645.0316
         9.3538                  1.2149             312.1           3286.5621     4038.3000     -751.7379
         9.4058                  1.2218             296.0           3129.4720     3886.7400     -757.2680
         9.4578                  1.2288             306.5           3389.3288     3985.5600     -596.2312
         9.5099                  1.2357             313.5           3342.9030     4051.8000     -708.8970
         9.5618                  1.2426             298.0           3241.7553     3905.8200     -664.0647
         9.6137                  1.2495             312.4           3293.8322     4041.3600     -747.5278
         9.6656                  1.2565             310.3           3402.8253     4022.1000     -619.2747
         9.7175                  1.2634             313.9           3423.6049     4056.1200     -632.5151
         9.7695                  1.2703             302.3           3253.0371     3945.9600     -692.9229
         9.8214                  1.2772             318.3           3427.3827     4096.9800     -669.5973
         9.8733                  1.2842             312.6           3488.2484     4043.1600     -554.9116
         9.9252                  1.2911             295.0           3048.8612     3877.0200     -828.1588
         9.9771                  1.2980             304.2           3200.0231     3964.5000     -764.4769
        10.0290                  1.3050             311.4           3330.7581     4032.5400     -701.7819
        10.0810                  1.3119             295.1           3128.0316     3878.6400     -750.6084
        10.1329                  1.3188             319.2           3446.3883     4105.2600     -658.8717
        10.1848                  1.3257             298.6           3420.9579     3911.0400     -490.0821
        10.2367                  1.3327             319.0           3541.2790     4103.4600     -562.1810
        10.2500                  1.3344             301.5           3167.5421     3938.5800     -771.0379
        10.3019                  1.3414             296.9           3261.1132     3895.2000     -634.0868
        10.3537                  1.3483             296.4           3223.6846     3890.8800     -667.1954
        10.4056                  1.3552             303.0           3420.6162     3952.9800     -532.3638
        10.4576                  1.3622             305.0           3308.0651     3971.8800     -663.8149
        10.5095                  1.3691             309.8           3282.6734     4017.0600     -734.3866
        10.5614                  1.3760             315.2           3540.0822     4068.3600     -528.2778
        10.6133                  1.3829             304.3           3438.2216     3965.0400     -526.8184
        10.6654                  1.3899             309.3           3237.1298     4012.5600     -775.4302
        10.7174                  1.3968             297.7           3213.1674     3902.7600     -689.5926
        10.7692                  1.4037             302.6           3225.9883     3949.0200     -723.0317
        10.8213                  1.4106             321.5           3431.7738     4127.4000     -695.6262
        10.8732                  1.4176             312.9           3423.4129     4046.4000     -622.9871
        10.9252                  1.4245             303.4           3204.3943     3956.9400     -752.5457
        10.9772                  1.4314             309.0           3125.5782     4009.8600     -884.2818
        11.0294                  1.4384             311.5           3177.8058     4032.9000     -855.0942
        11.0815                  1.4453             295.4           3257.9328     3881.3400     -623.4072
        11.1334                  1.4522             310.9           3417.2792     4027.1400     -609.8608
        11.1854                  1.4591             296.2           3117.7194     3889.0800     -771.3606
        11.2373                  1.4661             320.0           3518.5042     4112.8200     -594.3158
        11.2500                  1.4678             293.9           3134.1171     3867.3000     -733.1829
        11.3020                  1.4747             301.4           3028.6763     3937.6800     -909.0037
        11.3538                  1.4816             303.5           3221.4327     3957.1200     -735.6873
        11.4059                  1.4885             321.4           3260.7910     4126.8600     -866.0690
        11.4579                  1.4955             307.8           3215.9429     3998.3400     -782.3971
        11.5097                  1.5024             293.7           3272.4534     3865.3200     -592.8666
        11.5616                  1.5093             300.3           3212.1446     3927.0600     -714.9154
        11.6135                  1.5163             320.3           3563.1920     4116.2400     -553.0480
        11.6655                  1.5232             314.5           3407.0957     4061.7000     -654.6043
        11.7174                  1.5301             305.3           3387.9066     3974.7600     -586.8534
        11.7694                  1.5370             318.4           3541.9784     4098.0600     -556.0816
        11.8212                  1.5440             297.8           3183.8509     3904.0200     -720.1691
        11.8731                  1.5509             320.1           3448.7115     4114.0800     -665.3685
        11.9250                  1.5578             311.5           3371.0061     4033.2600     -662.2539
        11.9770                  1.5647             314.3           3438.0792     4059.5400     -621.4608
        12.0290                  1.5717             323.6           3462.4558     4147.2000     -684.7442
        12.0810                  1.5786             305.2           3297.2025     3973.8600     -676.6575
        12.1329                  1.5855             309.3           3185.5908     4012.0200     -826.4292
        12.1849                  1.5925             303.7           3468.6037     3959.8200     -491.2163
        12.2367                  1.5994             295.3           3106.9721     3880.4400     -773.4679
        12.2500                  1.6011             296.0           3172.6499     3886.9200     -714.2701
        12.3020                  1.6081             302.6           3122.2495     3948.8400     -826.5905
        12.3540                  1.6150             325.2           3372.4827     4162.3200     -789.8373
        12.4060                  1.6219             316.4           3360.7214     4079.1600     -718.4386
        12.4579                  1.6289             307.6           3308.6013     3996.3600     -687.7587
        12.5100                  1.6358             305.6           3247.6514     3977.6400     -729.9886
        12.5618                  1.6427             311.8           3333.3943     4036.3200     -702.9257
        12.6139                  1.6496             309.8           3329.5442     4016.7000     -687.1558
        12.6659                  1.6566             310.3           3597.0495     4021.3800     -424.3305
        12.7179                  1.6635             306.2           3346.6905     3982.8600     -636.1695
        12.7699                  1.6704             296.6           3114.5847     3892.8600     -778.2753
        12.8218                  1.6774             295.8           3316.2322     3884.4000     -568.1678
        12.8738                  1.6843             303.6           3219.7498     3958.5600     -738.8102
        12.9259                  1.6912             318.4           3211.4865     4097.7000     -886.2135
        12.9781                  1.6981             306.3           2998.3986     3983.5800     -985.1814
        13.0301                  1.7051             298.2           3061.4174     3907.6200     -846.2026
        13.0819                  1.7120             296.0           3268.8392     3887.1000     -618.2608
        13.1337                  1.7189             296.0           3247.9922     3886.3800     -638.3878
        13.1856                  1.7258             294.0           3203.6007     3867.8400     -664.2393
        13.2376                  1.7328             301.2           3165.8346     3935.5200     -769.6854
        13.2500                  1.7344             307.1           2983.6959     3991.5000    -1007.8041
        13.3020                  1.7414             314.3           3307.1362     4059.1800     -752.0438
        13.3540                  1.7483             307.3           3057.2392     3993.1200     -935.8808
        13.4060                  1.7552             303.1           3054.6997     3953.5200     -898.8203
        13.4578                  1.7621             312.5           3260.1956     4042.4400     -782.2444
        13.5097                  1.7691             305.6           3323.9597     3977.6400     -653.6803
        13.5617                  1.7760             311.9           3354.9077     4036.5000     -681.5923
        13.6136                  1.7829             306.6           3066.4059     3986.8200     -920.4141
        13.6656                  1.7898             296.6           3251.8077     3892.8600     -641.0523
        13.7177                  1.7968             310.1           3335.3262     4020.1200     -684.7938
        13.7697                  1.8037             305.1           3242.0530     3972.9600     -730.9070
        13.8218                  1.8106             297.0           3107.7248     3896.2800     -788.5552
        13.8737                  1.8176             292.8           3220.5367     3856.5000     -635.9633
        13.9254                  1.8245             296.6           3250.9792     3892.6800     -641.7008
        13.9775                  1.8314             326.7           3412.3014     4176.1800     -763.8786
        14.0295                  1.8383             312.6           3334.6183     4043.5200     -708.9017
        14.0815                  1.8453             307.4           3385.0484     3994.3800     -609.3316
        14.1334                  1.8522             307.2           3188.5619     3992.7600     -804.1981
        14.1855                  1.8591             307.9           3422.7792     3998.8800     -576.1008
        14.2375                  1.8661             289.5           3187.3575     3825.5400     -638.1825
        14.2500                  1.8677             293.5           3157.2933     3862.9800     -705.6867
        14.3019                  1.8746             304.2           3466.4090     3964.3200     -497.9110
        14.3539                  1.8816             312.0           3420.3524     4037.5800     -617.2276
        14.4060                  1.8885             311.6           3233.4760     4034.3400     -800.8640
        14.4580                  1.8954             314.0           3223.3736     4056.4800     -833.1064
        14.5100                  1.9024             306.7           3510.8977     3988.0800     -477.1823
        14.5619                  1.9093             304.0           3037.7044     3962.7000     -924.9956
        14.6138                  1.9162             329.4           3626.6366     4201.5600     -574.9234
        14.6659                  1.9231             306.2           3478.6028     3982.8600     -504.2572
        14.7180                  1.9301             304.1           3414.9364     3963.0600     -548.1236
        14.7699                  1.9370             294.5           3356.5944     3872.8800     -516.2856
        14.8221                  1.9439             293.7           3198.0720     3865.3200     -667.2480
        14.8740                  1.9508             294.1           3162.9440     3868.7400     -705.7960
        14.9259                  1.9578             287.8           3176.3725     3809.5200     -633.1475
        14.9778                  1.9647             316.2           3458.0445     4077.1800     -619.1355
        15.0298                  1.9716             311.4           3528.6141     4031.6400     -503.0259
        15.0817                  1.9786             295.7           3201.4806     3884.0400     -682.5594
        15.1337                  1.9855             316.7           3426.1157     4081.6800     -655.5643
        15.1857                  1.9924             303.4           3221.0367     3956.7600     -735.7233
        15.2376                  1.9993             296.3           3157.5235     3889.2600     -731.7365
        15.2500                  2.0010             293.4           2985.6024     3862.2600     -876.6576
        15.3021                  2.0079             308.4           3260.2801     4003.9200     -743.6399
        15.3541                  2.0148             302.6           3184.0415     3949.0200     -764.9785
        15.4062                  2.0218             316.9           3180.2287     4084.2000     -903.9713
        15.4581                  2.0287             312.7           3533.7301     4044.2400     -510.5099
        15.5100                  2.0356             308.9           3382.5159     4008.9600     -626.4441
        15.5619                  2.0426             300.1           3381.2692     3925.2600     -543.9908
        15.6138                  2.0495             303.8           3235.1203     3960.7200     -725.5997
        15.6657                  2.0564             316.7           3495.9711     4082.5800     -586.6089
        15.7176                  2.0633             317.3           3626.6529     4087.9800     -461.3271
        15.7695                  2.0703             301.2           3477.6338     3935.7000     -458.0662
        15.8214                  2.0772             298.1           3443.9412     3906.7200     -462.7788
        15.8733                  2.0841             332.8           3697.7047     4234.3200     -536.6153
        15.9252                  2.0910             275.8           3384.9637     3696.1200     -311.1563
        15.9770                  2.0980             295.8           3096.3137     3884.5800     -788.2663
        16.0290                  2.1049             289.0           3115.3165     3820.5000     -705.1835
        16.0810                  2.1118             316.8           3534.2710     4083.3000     -549.0290
        16.1330                  2.1188             308.5           3261.2187     4004.6400     -743.4213
        16.1850                  2.1257             310.7           3157.5469     4025.7000     -868.1531
        16.2372                  2.1326             321.5           3232.8081     4127.4000     -894.5919
        16.2500                  2.1343             296.5           3021.0886     3891.6000     -870.5114
        16.3019                  2.1413             292.1           3206.1241     3849.6600     -643.5359
        16.3539                  2.1482             323.0           3521.6280     4141.8000     -620.1720
        16.4058                  2.1551             304.5           3216.2116     3967.3800     -751.1684
        16.4577                  2.1620             301.4           3231.1679     3937.6800     -706.5121
        16.5097                  2.1690             296.9           3036.4023     3895.0200     -858.6177
        16.5616                  2.1759             316.7           3643.6463     4082.0400     -438.3937
        16.6136                  2.1828             300.0           3300.0305     3924.5400     -624.5095
        16.6656                  2.1897             307.6           3350.8613     3996.0000     -645.1387
        16.7175                  2.1967             306.8           3367.1745     3988.4400     -621.2655
        16.7693                  2.2036             313.1           3570.7076     4048.3800     -477.6724
        16.8212                  2.2105             312.1           3343.7975     4038.3000     -694.5025
        16.8731                  2.2175             293.6           3286.1666     3863.8800     -577.7134
        16.9250                  2.2244             319.5           3279.2353     4108.3200     -829.0847
        16.9770                  2.2313             323.3           3480.7326     4144.5000     -663.7674
        17.0292                  2.2382             297.4           3264.0396     3900.2400     -636.2004
        17.0812                  2.2452             308.4           3236.1773     4004.1000     -767.9227
        17.1332                  2.2521             312.6           3457.1869     4043.8800     -586.6931
        17.1851                  2.2590             301.1           3342.3541     3934.6200     -592.2659
        17.2370                  2.2660             326.0           3633.4733     4170.2400     -536.7667
        17.2500                  2.2677             309.0           3392.0954     4009.6800     -617.5846
        17.3019                  2.2746             307.9           3445.7699     3998.7000     -552.9301
        17.3537                  2.2815             310.1           3370.4839     4019.7600     -649.2761
        17.4056                  2.2885             295.2           3347.2367     3878.8200     -531.5833
        17.4576                  2.2954             325.8           3660.6651     4167.5400     -506.8749
        17.5095                  2.3023             303.9           3385.0391     3961.0800     -576.0409
        17.5615                  2.3093             316.7           3340.2228     4082.4000     -742.1772
        17.6135                  2.3162             300.2           3323.7471     3926.5200     -602.7729
        17.6655                  2.3231             318.1           3363.1190     4095.0000     -731.8810
        17.7174                  2.3300             316.0           3386.9053     4075.7400     -688.8347
        17.7694                  2.3370             288.4           3083.1774     3815.1000     -731.9226
        17.8214                  2.3439             312.3           3211.3259     4041.0000     -829.6741
        17.8734                  2.3508             302.4           3248.5406     3947.0400     -698.4994
        17.9254                  2.3577             317.2           3214.0179     4086.5400     -872.5221
        17.9775                  2.3647             296.2           3327.8423     3888.9000     -561.0577
        18.0294                  2.3716             327.9           3684.8710     4187.5200     -502.6490
        18.0813                  2.3785             303.5           3329.2860     3957.6600     -628.3740
        18.1333                  2.3855             304.3           3370.2177     3964.6800     -594.4623
        18.1853                  2.3924             303.5           3256.9307     3957.1200     -700.1893
        18.2371                  2.3993             317.3           3367.7548     4088.1600     -720.4052
        18.2500                  2.4010             290.5           3085.6619     3835.0800     -749.4181
        18.3019                  2.4080             300.7           3298.5388     3931.0200     -632.4812
        18.3538                  2.4149             307.1           3411.2557     3991.1400     -579.8843
        18.4058                  2.4218             311.8           3367.4197     4035.6000     -668.1803
        18.4577                  2.4288             303.1           3296.5286     3953.7000     -657.1714
        18.5096                  2.4357             302.0           3367.3743     3943.6200     -576.2457
        18.5614                  2.4426             284.7           3082.1194     3779.8200     -697.7006
        18.6133                  2.4495             289.8           3133.6580     3828.4200     -694.7620
        18.6654                  2.4565             315.0           3304.4087     4066.3800     -761.9713
        18.7174                  2.4634             306.5           3254.3103     3986.2800     -731.9697
        18.7694                  2.4703             310.2           3126.3496     4021.0200     -894.6704
        18.8213                  2.4772             314.3           3125.2421     4059.7200     -934.4779
        18.8733                  2.4842             306.5           3295.7971     3986.2800     -690.4829
        18.9253                  2.4911             301.8           3479.0293     3941.1000     -462.0707
        18.9770                  2.4980             302.0           3345.4784     3943.0800     -597.6016
        19.0291                  2.5050             323.7           3451.9872     4148.1000     -696.1128
        19.0809                  2.5119             302.2           3288.0503     3944.8800     -656.8297
        19.1328                  2.5188             292.3           3222.6771     3851.6400     -628.9629
        19.1847                  2.5257             312.5           3341.9495     4042.6200     -700.6705
        19.2366                  2.5327             315.5           3591.6004     4071.2400     -479.6396
        19.2500                  2.5345             314.6           3440.1376     4062.4200     -622.2824
        19.3019                  2.5414             289.4           3257.8317     3824.4600     -566.6283
        19.3540                  2.5483             331.6           3531.3028     4222.9800     -691.6772
        19.4060                  2.5552             307.3           3179.2841     3993.3000     -814.0159
        19.4578                  2.5622             283.9           3086.1062     3772.4400     -686.3338
        19.5097                  2.5691             310.7           3170.7100     4025.1600     -854.4500
        19.5617                  2.5760             302.3           3312.3692     3945.7800     -633.4108
        19.6135                  2.5830             309.0           3391.1235     4009.6800     -618.5565
        19.6654                  2.5899             297.7           3355.9806     3903.1200     -547.1394
        19.7174                  2.5968             314.9           3375.7095     4065.1200     -689.4105
        19.7694                  2.6037             305.3           3252.9445     3974.5800     -721.6355
        19.8213                  2.6107             298.8           3366.9961     3913.5600     -546.5639
        19.8734                  2.6176             308.9           3053.8536     4008.7800     -954.9264
        19.9254                  2.6245             332.4           3596.3369     4230.1800     -633.8431
        19.9774                  2.6314             302.9           3251.7711     3951.7200     -699.9489
        20.0293                  2.6384             311.9           3471.5295     4036.5000     -564.9705
        20.0812                  2.6453             292.0           3026.7349     3849.3000     -822.5651
        20.1333                  2.6522             305.1           3434.3566     3972.6000     -538.2434
        20.1853                  2.6592             318.0           3448.3965     4094.8200     -646.4235
        20.2372                  2.6661             307.2           3399.1483     3992.4000     -593.2517
        20.2500                  2.6678             320.3           3614.9524     4115.7000     -500.7476
        20.3021                  2.6747             301.3           3256.2667     3936.6000     -680.3333
        20.3539                  2.6817             320.6           3460.9064     4119.3000     -658.3936
        20.4060                  2.6886             316.4           3505.4666     4078.9800     -573.5134
        20.4579                  2.6955             308.1           3296.0568     4000.5000     -704.4432
        20.5099                  2.7024             304.3           3031.5657     3965.2200     -933.6543
        20.5618                  2.7094             322.7           3205.6529     4138.7400     -933.0871
        20.6138                  2.7163             293.3           3103.3848     3861.5400     -758.1552
        20.6657                  2.7232             307.9           3276.7056     3999.4200     -722.7144
        20.7176                  2.7302             301.7           3209.6076     3940.7400     -731.1324
        20.7695                  2.7371             326.7           3530.1566     4176.1800     -646.0234
        20.8216                  2.7440             297.4           3237.9777     3899.8800     -661.9023
        20.8734                  2.7509             286.1           2981.7514     3793.5000     -811.7486
        20.9253                  2.7579             297.8           3330.0735     3903.4800     -573.4065
        20.9773                  2.7648             320.2           3536.3701     4115.5200     -579.1499
        21.0293                  2.7717             303.4           3493.5687     3956.5800     -463.0113
        21.0811                  2.7786             299.0           3483.6744     3915.0000     -431.3256
        21.1330                  2.7856             307.3           3215.7763     3993.1200     -777.3437
        21.1849                  2.7925             331.2           3528.5412     4218.8400     -690.2988
        21.2369                  2.7994             303.1           3375.5357     3953.3400     -577.8043
        21.2500                  2.8012             296.9           3377.4890     3895.5600     -518.0710
        21.3019                  2.8081             313.1           3355.6711     4048.5600     -692.8889
        21.3538                  2.8150             293.1           3410.2623     3859.0200     -448.7577
        21.4058                  2.8220             310.6           3405.8565     4024.9800     -619.1235
        21.4577                  2.8289             303.1           3275.0822     3953.8800     -678.7978
        21.5097                  2.8358             299.2           3344.0668     3916.6200     -572.5532
        21.5615                  2.8427             300.4           3317.4050     3928.6800     -611.2750
        21.6135                  2.8497             303.4           3198.5275     3956.7600     -758.2325
        21.6655                  2.8566             303.1           3232.4879     3953.8800     -721.3921
        21.7174                  2.8635             305.5           3249.6486     3976.0200     -726.3714
        21.7694                  2.8705             317.9           3312.5945     4093.0200     -780.4255
        21.8213                  2.8774             300.9           3238.5632     3933.3600     -694.7968
        21.8734                  2.8843             292.3           3031.5404     3851.6400     -820.0996
        21.9254                  2.8912             305.9           3336.2623     3980.3400     -644.0777
        21.9775                  2.8982             317.1           3369.5649     4085.4600     -715.8951
        22.0294                  2.9051             297.0           3190.4771     3896.4600     -705.9829
        22.0815                  2.9120             306.5           3299.2298     3985.3800     -686.1502
        22.1334                  2.9189             296.4           3179.2246     3890.7000     -711.4754
        22.1853                  2.9259             305.1           3310.2406     3972.6000     -662.3594
        22.2370                  2.9328             310.8           3639.4394     4026.4200     -386.9806
        22.2500                  2.9345             316.8           3418.6130     4083.3000     -664.6870
        22.3019                  2.9415             301.7           3208.1403     3940.9200     -732.7797
        22.3538                  2.9484             305.6           3083.7850     3977.1000     -893.3150
        22.4058                  2.9553             301.0           3304.4811     3934.2600     -629.7789
        22.4577                  2.9622             329.6           3584.0796     4203.5400     -619.4604
        22.5097                  2.9692             311.1           3334.7972     4029.6600     -694.8628
        22.5618                  2.9761             301.1           3154.3779     3934.8000     -780.4221
        22.6137                  2.9830             293.8           3258.0628     3866.0400     -607.9772
        22.6656                  2.9899             312.1           3389.8799     4039.0200     -649.1401
        22.7176                  2.9969             302.5           3388.7957     3948.4800     -559.6843
        22.7696                  3.0038             292.0           3283.0506     3848.9400     -565.8894
        22.8216                  3.0107             312.8           3054.7831     4045.1400     -990.3569
        22.8737                  3.0177             315.9           3346.9496     4074.4800     -727.5304
        22.9257                  3.0246             292.5           3098.1586     3853.8000     -755.6414
        22.9776                  3.0315             310.1           3095.6207     4019.7600     -924.1393
        23.0297                  3.0384             300.5           3344.0546     3929.5800     -585.5254
        23.0816                  3.0454             313.2           3324.7601     4048.7400     -723.9799
        23.1336                  3.0523             292.5           3265.8743     3854.1600     -588.2857
        23.1856                  3.0592             310.5           3357.7296     4023.5400     -665.8104
        23.2375                  3.0662             301.1           3415.7959     3934.6200     -518.8241
        23.2500                  3.0678             315.6           3515.6401     4071.7800     -556.1399
        23.3019                  3.0747             313.1           3229.1801     4048.2000     -819.0199
        23.3537                  3.0817             291.1           2904.2009     3840.3000     -936.0991
        23.4057                  3.0886             298.1           3147.9494     3906.3600     -758.4106
        23.4579                  3.0955             303.2           3025.1114     3954.4200     -929.3086
        23.5099                  3.1025             311.1           3237.5391     4029.6600     -792.1209
        23.5618                  3.1094             315.9           3397.1556     4074.8400     -677.6844
        23.6137                  3.1163             307.4           3434.1256     3994.5600     -560.4344
        23.6657                  3.1232             302.2           3094.1107     3945.6000     -851.4893
        23.7177                  3.1302             310.7           3410.5529     4025.7000     -615.1471
        23.7697                  3.1371             311.4           3374.2615     4031.6400     -657.3785
        23.8217                  3.1440             307.1           3268.8983     3991.1400     -722.2417
        23.8737                  3.1509             278.3           3031.9117     3719.5200     -687.6083
        23.9256                  3.1579             308.4           3421.2941     4003.3800     -582.0859
        23.9774                  3.1648             308.6           3370.5331     4006.0800     -635.5469
        24.0295                  3.1717             314.7           3472.1847     4063.1400     -590.9553
        24.0814                  3.1787             312.9           3355.2599     4046.5800     -691.3201
        24.1333                  3.1856             281.4           3123.6278     3749.4000     -625.7722
        24.1852                  3.1925             314.3           3443.0875     4059.9000     -616.8125
        24.2372                  3.1994             314.1           3456.5281     4057.9200     -601.3919
        24.2500                  3.2011             302.1           3357.7409     3943.9800     -586.2391
        24.3020                  3.2081             313.9           3499.7060     4055.7600     -556.0540
        24.3539                  3.2150             318.8           3605.8848     4101.8400     -495.9552
        24.4057                  3.2219             325.5           3543.5741     4165.2000     -621.6259
        24.4576                  3.2289             300.7           3412.6977     3930.6600     -517.9623
        24.5095                  3.2358             328.7           3582.5126     4195.2600     -612.7474
        24.5616                  3.2427             320.1           3380.3742     4114.0800     -733.7058
        24.6136                  3.2496             322.0           3402.8929     4132.4400     -729.5471
        24.6657                  3.2566             312.7           3512.0267     4044.0600     -532.0333
        24.7178                  3.2635             303.8           3275.4597     3960.0000     -684.5403
        24.7698                  3.2704             312.3           3365.5545     4040.2800     -674.7255
        24.8218                  3.2773             314.6           3331.7600     4062.4200     -730.6600
        24.8737                  3.2843             299.8           3294.3938     3922.7400     -628.3462
        24.9258                  3.2912             297.9           3392.8790     3904.7400     -511.8610
        24.9778                  3.2981             304.4           3289.8858     3966.3000     -676.4142
        25.0297                  3.3051             287.7           3144.6359     3808.8000     -664.1641
        25.0816                  3.3120             306.9           3505.7286     3989.1600     -483.4314
        25.1336                  3.3189             310.1           3438.4757     4019.7600     -581.2843
        25.1854                  3.3258             321.5           3685.3382     4127.0400     -441.7018
        25.2373                  3.3328             308.5           3411.6618     4004.8200     -593.1582
        25.2500                  3.3345             317.6           3538.2196     4090.8600     -552.6404
        25.3019                  3.3414             306.0           3385.2269     3980.8800     -595.6531
        25.3539                  3.3483             322.2           3480.7263     4133.7000     -652.9737
        25.4058                  3.3552             310.1           3429.6164     4019.9400     -590.3236
        25.4578                  3.3622             294.1           3333.5868     3868.9200     -535.3332
        25.5097                  3.3691             321.9           3496.9934     4131.3600     -634.3666
        25.5617                  3.3760             320.1           3391.8377     4113.9000     -722.0623
        25.6137                  3.3830             316.4           3452.6607     4078.9800     -626.3193
        25.6658                  3.3899             318.4           3509.6935     4098.4200     -588.7265
        25.7177                  3.3968             300.8           3373.9325     3931.9200     -557.9875
        25.7697                  3.4037             299.7           3024.9911     3921.6600     -896.6689
        25.8218                  3.4107             310.4           3469.0835     4022.8200     -553.7365
        25.8738                  3.4176             288.8           3261.6276     3818.3400     -556.7124
        25.9257                  3.4245             295.0           3242.5101     3876.8400     -634.3299
        25.9776                  3.4315             297.2           3135.7459     3897.9000     -762.1541
        26.0296                  3.4384             292.6           3315.5542     3855.0600     -539.5058
        26.0815                  3.4453             317.2           3602.9251     4086.5400     -483.6149
        26.1333                  3.4522             298.6           3258.6625     3911.2200     -652.5575
        26.1853                  3.4592             293.3           3189.3710     3861.7200     -672.3490
        26.2374                  3.4661             300.8           3179.7672     3931.9200     -752.1528
        26.2500                  3.4678             317.0           3152.5701     4084.9200     -932.3499
        26.3021                  3.4747             311.9           3425.3026     4037.0400     -611.7374
        26.3541                  3.4816             319.8           3383.7955     4111.3800     -727.5845
        26.4061                  3.4885             307.4           3253.3521     3994.5600     -741.2079
        26.4582                  3.4955             306.5           3284.9815     3985.9200     -700.9385
        26.5103                  3.5024             302.6           3454.4456     3949.0200     -494.5744
        26.5621                  3.5093             288.1           3145.2927     3812.2200     -666.9273
        26.6141                  3.5163             314.8           3580.8147     4064.0400     -483.2253
        26.6660                  3.5232             302.7           3381.7366     3950.1000     -568.3634
        26.7180                  3.5301             322.6           3524.2543     4137.4800     -613.2257
        26.7699                  3.5370             291.7           3231.7586     3846.4200     -614.6614
        26.8218                  3.5440             301.6           3237.3142     3939.1200     -701.8058
        26.8737                  3.5509             311.4           3244.1970     4031.8200     -787.6230
        26.9256                  3.5578             313.1           3658.7205     4048.5600     -389.8395
        26.9775                  3.5648             326.3           3642.2367     4172.9400     -530.7033
        27.0293                  3.5717             302.3           3242.9030     3946.1400     -703.2370
        27.0811                  3.5786             327.2           3326.3389     4181.0400     -854.7011
        27.1329                  3.5855             305.2           3213.9999     3973.1400     -759.1401
        27.1849                  3.5925             306.1           3449.4085     3981.6000     -532.1915
        27.2369                  3.5994             300.6           3057.4963     3930.1200     -872.6237
        27.2500                  3.6011             294.0           3396.0768     3867.4800     -471.4032
        27.3019                  3.6081             308.4           3221.3920     4003.3800     -781.9880
        27.3539                  3.6150             303.1           3102.5494     3953.8800     -851.3306
        27.4059                  3.6219             299.8           3284.7319     3922.9200     -638.1881
        27.4577                  3.6289             309.1           3376.5259     4010.0400     -633.5141
        27.5095                  3.6358             295.6           3250.7782     3882.9600     -632.1818
        27.5612                  3.6427             289.7           3214.9009     3827.3400     -612.4391
        27.6131                  3.6496             301.3           3114.1128     3937.1400     -823.0272
        27.6650                  3.6566             297.5           3320.0251     3901.3200     -581.2949
        27.7169                  3.6635             308.9           3187.8355     4008.0600     -820.2245
        27.7689                  3.6704             301.0           3215.8622     3933.7200     -717.8578
        27.8208                  3.6773             299.4           3114.2868     3918.4200     -804.1332
        27.8727                  3.6843             295.5           3189.1357     3882.4200     -693.2843
        27.9248                  3.6912             297.8           3300.3116     3904.0200     -603.7084
        27.9766                  3.6981             293.5           2959.8794     3863.3400     -903.4606
        28.0287                  3.7051             294.2           3101.0646     3869.6400     -768.5754
        28.0806                  3.7120             303.1           3212.8939     3953.3400     -740.4461
        28.1326                  3.7189             317.7           3492.0286     4091.9400     -599.9114
        28.1844                  3.7258             302.5           3200.4141     3948.3000     -747.8859
        28.2364                  3.7328             302.6           2998.7350     3949.0200     -950.2850
        28.2500                  3.7346             305.2           3116.0649     3973.8600     -857.7951
        28.3020                  3.7415             311.6           3066.3750     4034.1600     -967.7850
        28.3540                  3.7484             304.7           3152.0015     3968.6400     -816.6385
        28.4061                  3.7554             332.1           3353.3299     4227.3000     -873.9701
        28.4581                  3.7623             307.3           3077.2708     3992.9400     -915.6692
        28.5102                  3.7692             289.5           3018.4828     3825.5400     -807.0572
        28.5624                  3.7761             301.4           3028.5122     3937.8600     -909.3478
        28.6144                  3.7831             294.4           2998.3801     3871.6200     -873.2399
        28.6664                  3.7900             306.6           3163.1972     3987.0000     -823.8028
        28.7184                  3.7969             313.5           3112.2739     4052.3400     -940.0661
        28.7704                  3.8039             328.8           3304.6927     4196.1600     -891.4673
        28.8223                  3.8108             290.4           3193.1297     3834.0000     -640.8703
        28.8743                  3.8177             308.4           3385.7165     4004.1000     -618.3835
        28.9262                  3.8246             302.8           3256.8172     3950.6400     -693.8228
        28.9783                  3.8316             309.9           3227.1670     4017.6000     -790.4330
        29.0302                  3.8385             295.7           3374.3999     3883.8600     -509.4601
        29.0823                  3.8454             315.5           3059.5766     4070.3400    -1010.7634
        29.1343                  3.8523             296.4           3314.4092     3890.1600     -575.7508
        29.1863                  3.8593             303.6           3285.3947     3958.0200     -672.6253
        29.2383                  3.8662             314.0           3489.2263     4056.3000     -567.0737
        29.2500                  3.8678             323.7           3619.7759     4148.2800     -528.5041
        29.3019                  3.8747             301.1           3297.0779     3935.3400     -638.2621
        29.3538                  3.8816             305.7           3095.2213     3977.8200     -882.5987
        29.4058                  3.8886             320.9           3386.9650     4121.8200     -734.8550
        29.4578                  3.8955             303.9           3022.6659     3960.9000     -938.2341
        29.5098                  3.9024             313.7           3091.4838     4053.6000     -962.1162
        29.5617                  3.9093             302.6           3035.9200     3949.3800     -913.4600
        29.6137                  3.9163             307.8           3204.9108     3997.8000     -792.8892
        29.6656                  3.9232             319.3           3431.2225     4106.5200     -675.2975
        29.7176                  3.9301             296.1           3089.6884     3887.6400     -797.9516
        29.7696                  3.9370             304.1           3255.5302     3963.4200     -707.8898
        29.8215                  3.9440             309.3           3376.6217     4012.5600     -635.9383
        29.8734                  3.9509             301.3           3264.2528     3936.9600     -672.7072
        29.9254                  3.9578             284.7           3221.1950     3780.5400     -559.3450
        29.9772                  3.9648             303.6           3324.4323     3958.3800     -633.9477
        30.0292                  3.9717             308.0           3336.1744     3999.6000     -663.4256
        30.0810                  3.9786             322.5           3449.4937     4136.7600     -687.2663
        30.1330                  3.9855             299.6           3293.0246     3920.5800     -627.5554
        30.1849                  3.9925             304.7           3286.3659     3968.4600     -682.0941
        30.2369                  3.9994             309.1           3300.8644     4010.5800     -709.7156
        30.2500                  4.0011             307.4           3160.0048     3994.5600     -834.5552
        30.3019                  4.0081             306.4           3104.0198     3985.2000     -881.1802
        30.3540                  4.0150             300.3           3190.4828     3927.6000     -737.1172
        30.4059                  4.0219             309.4           3200.3802     4013.2800     -812.8998
        30.4577                  4.0288             298.8           3195.7903     3912.8400     -717.0497
        30.5096                  4.0358             322.5           3407.8707     4137.1200     -729.2493
        30.5616                  4.0427             312.5           3415.1790     4042.6200     -627.4410
        30.6135                  4.0496             296.8           3233.1228     3893.9400     -660.8172
        30.6655                  4.0566             305.1           3136.6022     3972.7800     -836.1778
        30.7174                  4.0635             308.8           3126.4197     4007.3400     -880.9203
        30.7694                  4.0704             317.3           3421.1414     4087.9800     -666.8386
        30.8214                  4.0773             319.0           3355.5105     4103.6400     -748.1295
        30.8734                  4.0843             281.5           3002.9304     3749.9400     -747.0096
        30.9253                  4.0912             311.8           3450.5493     4035.7800     -585.2307
        30.9772                  4.0981             327.4           3531.1388     4183.0200     -651.8812
        31.0290                  4.1050             298.4           3191.8979     3909.4200     -717.5221
        31.0811                  4.1120             304.3           3199.1859     3965.4000     -766.2141
        31.1331                  4.1189             290.9           3176.0391     3838.8600     -662.8209
        31.1849                  4.1258             315.9           3592.3267     4074.6600     -482.3333
        31.2369                  4.1328             295.0           3062.6575     3877.5600     -814.9025
        31.2500                  4.1345             303.6           3160.4372     3958.9200     -798.4828
        31.3019                  4.1414             314.5           3233.0263     4061.1600     -828.1337
        31.3539                  4.1484             323.0           3362.3244     4141.4400     -779.1156
        31.4059                  4.1553             289.5           3011.1995     3825.3600     -814.1605
        31.4579                  4.1622             315.9           3519.8220     4074.3000     -554.4780
        31.5098                  4.1692             304.0           3481.3416     3962.7000     -481.3584
        31.5617                  4.1761             294.9           3269.5698     3876.3000     -606.7302
        31.6136                  4.1830             305.4           3538.1136     3975.4800     -437.3664
        31.6655                  4.1899             305.3           3125.5535     3974.7600     -849.2065
        31.7174                  4.1969             295.5           3325.3967     3882.0600     -556.6633
        31.7694                  4.2038             313.6           3643.1883     4052.5200     -409.3317
        31.8212                  4.2107             319.4           3477.5577     4107.6000     -630.0423
        31.8732                  4.2176             314.9           3386.2222     4064.9400     -678.7178
        31.9250                  4.2246             295.1           3447.1088     3877.9200     -430.8112
        31.9769                  4.2315             308.3           3223.2161     4002.6600     -779.4439
        32.0289                  4.2384             300.8           3258.5218     3931.9200     -673.3982
        32.0808                  4.2454             312.6           3557.5994     4043.8800     -486.2806
        32.1329                  4.2523             309.8           3516.5034     4016.5200     -500.0166
        32.1849                  4.2592             305.9           3447.2981     3980.5200     -533.2219
        32.2369                  4.2661             313.0           3445.4175     4047.4800     -602.0625
        32.2500                  4.2679             299.2           3323.0507     3917.1600     -594.1093
        32.3019                  4.2748             307.3           3371.7669     3993.8400     -622.0731
        32.3538                  4.2817             295.7           3138.1924     3883.5000     -745.3076
        32.4059                  4.2887             306.9           3393.5142     3990.0600     -596.5458
        32.4579                  4.2956             305.0           3348.8473     3971.3400     -622.4927
        32.5099                  4.3025             313.4           3451.5081     4051.2600     -599.7519
        32.5617                  4.3095             312.4           3158.1820     4041.9000     -883.7180
        32.6138                  4.3164             302.7           3172.9829     3950.1000     -777.1171
        32.6658                  4.3233             297.7           3239.3393     3903.1200     -663.7807
        32.7178                  4.3302             305.6           3403.0700     3977.4600     -574.3900
        32.7698                  4.3372             315.2           3554.8688     4067.6400     -512.7712
        32.8218                  4.3441             309.7           3350.4107     4016.3400     -665.9293
        32.8738                  4.3510             306.8           3490.7712     3988.9800     -498.2088
        32.9256                  4.3579             308.0           3400.4002     4000.3200     -599.9198
        32.9775                  4.3649             302.1           3477.5438     3944.7000     -467.1562
        33.0295                  4.3718             292.4           3404.5737     3852.9000     -448.3263
        33.0813                  4.3787             308.3           3440.2242     4003.2000     -562.9758
        33.1334                  4.3857             316.3           3325.0996     4078.2600     -753.1604
        33.1852                  4.3926             319.8           3456.4047     4111.7400     -655.3353
        33.2370                  4.3995             297.4           3202.6693     3899.8800     -697.2107
        33.2500                  4.4013             294.4           3318.2220     3871.9800     -553.7580
        33.3019                  4.4082             302.2           3353.1061     3945.6000     -592.4939
        33.3541                  4.4151             288.8           3101.7310     3819.0600     -717.3290
        33.4060                  4.4220             302.5           3273.4750     3947.9400     -674.4650
        33.4579                  4.4290             318.1           3512.1402     4095.0000     -582.8598
        33.5098                  4.4359             315.4           3208.5482     4070.1600     -861.6118
        33.5618                  4.4428             320.2           3345.6154     4115.1600     -769.5446
        33.6139                  4.4497             304.8           3231.0235     3970.0800     -739.0565
        33.6658                  4.4567             313.7           3540.4293     4053.6000     -513.1707
        33.7176                  4.4636             308.4           3439.0458     4003.5600     -564.5142
        33.7696                  4.4705             310.0           3466.3018     4018.6800     -552.3782
        33.8215                  4.4775             318.1           3484.5321     4095.7200     -611.1879
        33.8735                  4.4844             310.9           3575.1103     4027.6800     -452.5697
        33.9254                  4.4913             296.1           3253.9649     3887.4600     -633.4951
        33.9772                  4.4982             303.4           3268.2711     3956.7600     -688.4889
        34.0291                  4.5052             310.6           3314.1201     4024.8000     -710.6799
        34.0813                  4.5121             314.8           3466.2403     4064.2200     -597.9797
        34.1333                  4.5190             294.9           3274.9985     3876.4800     -601.4815
        34.1851                  4.5260             308.8           3193.4486     4007.8800     -814.4314
        34.2371                  4.5329             300.6           3180.7007     3930.3000     -749.5993
        34.2500                  4.5346             300.0           3320.1972     3924.9000     -604.7028
        34.3019                  4.5415             309.9           3109.1372     4017.7800     -908.6428
        34.3537                  4.5485             308.3           3377.3923     4002.4800     -625.0877
        34.4056                  4.5554             320.4           3396.2828     4116.6000     -720.3172
        34.4573                  4.5623             293.2           3091.1270     3860.6400     -769.5130
        34.5092                  4.5693             300.4           3304.3543     3928.1400     -623.7857
        34.5610                  4.5762             292.1           3104.9489     3849.8400     -744.8911
        34.6129                  4.5831             294.3           3314.0518     3871.0800     -557.0282
        34.6648                  4.5900             300.9           3274.1478     3932.8200     -658.6722
        34.7169                  4.5970             308.1           3481.2259     4000.6800     -519.4541
        34.7689                  4.6039             294.3           3048.5084     3871.0800     -822.5716
        34.8210                  4.6108             324.0           3381.8701     4150.9800     -769.1099
        34.8729                  4.6177             308.5           3455.9614     4004.4600     -548.4986
        34.9250                  4.6247             315.8           3490.0208     4073.4000     -583.3792
        34.9769                  4.6316             295.3           3259.8228     3880.2600     -620.4372
        35.0291                  4.6385             280.1           2977.6186     3736.9800     -759.3614
        35.0811                  4.6455             307.2           3232.0192     3992.2200     -760.2008
        35.1331                  4.6524             297.9           3194.1101     3904.9200     -710.8099
        35.1852                  4.6593             303.5           3174.4606     3957.4800     -783.0194
        35.2371                  4.6662             305.2           3367.6360     3973.5000     -605.8640
        35.2500                  4.6680             316.3           3284.2890     4077.9000     -793.6110
        35.3020                  4.6749             311.9           3227.4943     4036.6800     -809.1857
        35.3541                  4.6818             307.4           3098.1523     3994.5600     -896.4077
        35.4060                  4.6887             291.5           3274.2619     3844.4400     -570.1781
        35.4579                  4.6957             314.9           3513.2446     4065.4800     -552.2354
        35.5098                  4.7026             307.2           3176.8302     3992.2200     -815.3898
        35.5617                  4.7095             299.0           3143.9342     3914.8200     -770.8858
        35.6136                  4.7165             306.1           3491.7489     3982.1400     -490.3911
        35.6654                  4.7234             297.8           3460.1139     3903.6600     -443.5461
        35.7172                  4.7303             301.0           3477.2836     3933.9000     -456.6164
        35.7690                  4.7372             295.1           3258.8533     3878.1000     -619.2467
        35.8210                  4.7442             308.4           3323.8356     4003.7400     -679.9044
        35.8728                  4.7511             311.6           3283.6115     4033.6200     -750.0085
        35.9248                  4.7580             295.5           3353.4678     3882.0600     -528.5922
        35.9767                  4.7649             303.8           3266.9825     3960.7200     -693.7375
        36.0286                  4.7719             316.2           3542.3374     4077.3600     -535.0226
        36.0805                  4.7788             342.2           3624.4123     4322.5200     -698.1077
        36.1325                  4.7857             298.4           3306.0931     3909.6000     -603.5069
        36.1845                  4.7927             305.4           3477.3612     3975.4800     -498.1188
        36.2366                  4.7996             314.8           3365.9528     4064.4000     -698.4472
        36.2500                  4.8014             311.2           3335.7987     4030.0200     -694.2213
        36.3019                  4.8083             291.2           3291.2909     3841.2000     -549.9091
        36.3539                  4.8152             296.8           3173.7854     3894.4800     -720.6946
        36.4059                  4.8222             309.1           3371.7624     4010.4000     -638.6376
        36.4578                  4.8291             293.2           3216.9804     3860.6400     -643.6596
        36.5096                  4.8360             306.9           3403.2803     3989.3400     -586.0597
        36.5617                  4.8429             303.5           3275.8342     3957.8400     -682.0058
        36.6137                  4.8499             306.1           3245.2061     3982.1400     -736.9339
        36.6655                  4.8568             295.8           3370.2929     3884.7600     -514.4671
        36.7174                  4.8637             308.3           3299.4683     4003.0200     -703.5517
        36.7694                  4.8706             301.8           3276.1408     3941.8200     -665.6792
        36.8213                  4.8776             318.6           3339.3964     4099.8600     -760.4636
        36.8734                  4.8845             305.5           3274.7143     3976.3800     -701.6657
        36.9252                  4.8914             306.0           3273.2820     3980.7000     -707.4180
        36.9773                  4.8984             301.9           2953.6207     3942.0000     -988.3793
        37.0294                  4.9053             303.1           3266.7724     3953.7000     -686.9276
        37.0815                  4.9122             303.8           3117.3198     3960.3600     -843.0402
        37.1334                  4.9191             294.0           3264.5710     3868.0200     -603.4490
        37.1852                  4.9261             310.1           3364.7943     4020.1200     -655.3257
        37.2372                  4.9330             314.1           3512.0575     4057.7400     -545.6825
        37.2500                  4.9347             311.8           3381.0734     4035.9600     -654.8866
        37.3020                  4.9416             314.4           3254.1208     4060.6200     -806.4992
        37.3540                  4.9486             300.2           3290.5832     3925.9800     -635.3968
        37.4058                  4.9555             300.1           3425.8869     3925.4400     -499.5531
        37.4577                  4.9624             293.9           3240.1153     3866.7600     -626.6447
        37.5098                  4.9694             301.1           3247.1578     3934.8000     -687.6422
        37.5617                  4.9763             303.1           3161.4353     3954.0600     -792.6247
        37.6136                  4.9832             299.6           3454.4261     3921.1200     -466.6939
        37.6655                  4.9901             314.0           3465.9403     4056.4800     -590.5397
        37.7175                  4.9971             311.4           3155.1611     4032.5400     -877.3789
        37.7697                  5.0040             303.0           3163.0492     3952.4400     -789.3908
        37.8216                  5.0109             316.0           3311.2074     4075.7400     -764.5326
        37.8734                  5.0179             299.8           3525.7340     3922.5600     -396.8260
        37.9253                  5.0248             303.4           3314.4181     3956.2200     -641.8019
        37.9772                  5.0317             301.9           3133.2243     3942.0000     -808.7757
        38.0292                  5.0386             297.2           3354.1827     3898.4400     -544.2573
        38.0811                  5.0456             296.7           2830.2862     3893.0400    -1062.7538
        38.1331                  5.0525             311.5           3500.6776     4032.9000     -532.2224
        38.1850                  5.0594             306.4           3238.1853     3985.0200     -746.8347
        38.2371                  5.0663             301.1           3383.5716     3934.9800     -551.4084
        38.2500                  5.0681             316.7           3484.0091     4081.6800     -597.6709
        38.3020                  5.0750             285.6           3413.8945     3788.4600     -374.5655
        38.3538                  5.0819             306.5           3600.0817     3985.3800     -385.2983
        38.4056                  5.0888             318.9           3374.4536     4102.5600     -728.1064
        38.4575                  5.0958             302.9           3398.9355     3952.0800     -553.1445
        38.5093                  5.1027             313.8           3389.3711     4054.3200     -664.9489
        38.5612                  5.1096             285.2           3096.9805     3784.8600     -687.8795
        38.6129                  5.1166             300.9           3365.9527     3932.8200     -566.8673
        38.6650                  5.1235             310.0           3644.1206     4018.5000     -374.3794
        38.7171                  5.1304             306.3           3322.4842     3983.9400     -661.4558
        38.7690                  5.1373             305.2           3422.0710     3974.0400     -551.9690
        38.8211                  5.1443             299.0           3213.1959     3915.3600     -702.1641
        38.8729                  5.1512             322.0           3244.4233     4131.7200     -887.2967
        38.9248                  5.1581             326.2           3639.0424     4171.3200     -532.2776
        38.9768                  5.1650             299.7           3116.7966     3921.4800     -804.6834
        39.0288                  5.1720             289.9           3130.6479     3828.7800     -698.1321
        39.0808                  5.1789             307.9           3330.0305     3998.7000     -668.6695
        39.1328                  5.1858             298.5           3224.3500     3909.9600     -685.6100
        39.1847                  5.1928             312.9           3348.5620     4046.4000     -697.8380
        39.2367                  5.1997             306.0           3273.0976     3981.2400     -708.1424
        39.2500                  5.2015             327.0           3485.4725     4179.2400     -693.7675
        39.3019                  5.2084             293.5           3004.1457     3862.8000     -858.6543
        39.3541                  5.2153             291.2           3101.0893     3841.5600     -740.4707
        39.4061                  5.2222             309.6           3400.4855     4015.2600     -614.7745
        39.4580                  5.2292             318.1           3424.0536     4095.1800     -671.1264
        39.5100                  5.2361             301.5           3275.3969     3938.2200     -662.8231
        39.5617                  5.2430             317.4           3389.3384     4088.3400     -699.0016
        39.6137                  5.2500             302.2           3094.7886     3944.8800     -850.0914
        39.6657                  5.2569             312.0           3297.9685     4037.5800     -739.6115
        39.7176                  5.2638             316.6           3507.9708     4081.1400     -573.1692
        39.7696                  5.2707             307.0           3339.5549     3990.2400     -650.6851
        39.8214                  5.2777             294.0           3070.8445     3867.4800     -796.6355
        39.8735                  5.2846             296.1           3274.5376     3887.2800     -612.7424
        39.9255                  5.2915             311.4           3437.9817     4031.8200     -593.8383
        39.9774                  5.2984             314.1           3305.4674     4057.9200     -752.4526
        40.0294                  5.3054             300.1           3210.1561     3925.2600     -715.1039
        40.0813                  5.3123             314.9           3502.5389     4065.1200     -562.5811
        40.1333                  5.3192             318.5           3459.1985     4099.1400     -639.9415
        40.1853                  5.3262             307.7           3285.5548     3996.7200     -711.1652
        40.2373                  5.3331             309.8           3324.3407     4017.2400     -692.8993
        40.2500                  5.3348             310.0           3273.6794     4018.5000     -744.8206
        40.3019                  5.3417             286.1           2929.6598     3793.1400     -863.4802
        40.3538                  5.3486             319.1           3383.2825     4104.3600     -721.0775
        40.4059                  5.3556             302.8           3050.8741     3951.0000     -900.1259
        40.4579                  5.3625             316.2           3263.5551     4077.5400     -813.9849
        40.5100                  5.3694             315.4           3525.5801     4069.9800     -544.3999
        40.5619                  5.3763             286.3           3148.7752     3794.9400     -646.1648
        40.6139                  5.3833             299.7           3442.6197     3921.3000     -478.6803
        40.6658                  5.3902             307.2           3416.1599     3992.4000     -576.2401
        40.7179                  5.3971             303.8           3413.6356     3960.1800     -546.5444
        40.7698                  5.4041             324.8           3561.7519     4158.9000     -597.1481
        40.8217                  5.4110             305.8           3273.3859     3979.6200     -706.2341
        40.8735                  5.4179             296.8           3239.1879     3894.1200     -654.9321
        40.9254                  5.4248             299.4           3196.0960     3918.7800     -722.6840
        40.9775                  5.4318             297.1           3003.8804     3897.3600     -893.4796
        41.0297                  5.4387             305.8           2738.4493     3979.6200    -1241.1707
        41.0816                  5.4456             306.2           3320.8953     3982.8600     -661.9647
        41.1335                  5.4526             296.4           3158.7264     3890.1600     -731.4336
        41.1855                  5.4595             302.0           3285.6163     3943.0800     -657.4637
        41.2375                  5.4664             314.9           3516.2655     4065.3000     -549.0345
        41.2500                  5.4681             296.6           3283.8950     3892.8600     -608.9650
        41.3019                  5.4750             297.0           3255.8046     3896.4600     -640.6554
        41.3539                  5.4819             310.5           3426.1946     4023.7200     -597.5254
        41.4057                  5.4889             303.5           3191.6270     3957.1200     -765.4930
        41.4577                  5.4958             307.3           3425.5593     3993.8400     -568.2807
        41.5097                  5.5027             312.7           3209.6327     4044.0600     -834.4273
        41.5617                  5.5096             326.4           3672.2177     4173.3000     -501.0823
        41.6137                  5.5166             314.3           3364.5025     4059.3600     -694.8575
        41.6657                  5.5235             303.9           3442.3201     3961.4400     -519.1199
        41.7176                  5.5304             301.4           3286.8538     3937.3200     -650.4662
        41.7695                  5.5374             300.9           3204.5452     3932.6400     -728.0948
        41.8215                  5.5443             314.8           3272.5969     4064.0400     -791.4431
        41.8734                  5.5512             302.6           3119.2250     3949.3800     -830.1550
        41.9254                  5.5581             316.3           3501.3925     4078.6200     -577.2275
        41.9774                  5.5651             320.4           3365.1618     4117.1400     -751.9782
        42.0294                  5.5720             312.0           3230.8876     4037.9400     -807.0524
        42.0813                  5.5789             298.3           3341.5071     3908.3400     -566.8329
        42.1330                  5.5858             312.5           3583.8619     4042.8000     -458.9381
        42.1849                  5.5928             316.7           3219.6507     4081.6800     -862.0293
        42.2369                  5.5997             305.4           3349.2792     3975.3000     -626.0208
        42.2500                  5.6015             302.0           3511.3432     3943.4400     -432.0968
        42.3020                  5.6084             304.8           3325.5044     3970.2600     -644.7556
        42.3539                  5.6153             302.8           3254.7293     3951.0000     -696.2707
        42.4059                  5.6222             311.0           3164.6763     4028.7600     -864.0837
        42.4579                  5.6292             303.4           3267.1635     3956.4000     -689.2365
        42.5099                  5.6361             313.3           3323.6322     4050.3600     -726.7278
        42.5620                  5.6430             314.7           3348.1344     4062.9600     -714.8256
        42.6140                  5.6500             321.6           3253.0770     4127.9400     -874.8630
        42.6659                  5.6569             303.6           3409.5960     3958.7400     -549.1440
        42.7179                  5.6638             293.1           2966.5374     3859.3800     -892.8426
        42.7700                  5.6707             307.9           3254.0287     3998.8800     -744.8513
        42.8219                  5.6777             312.0           3365.2257     4037.9400     -672.7143
        42.8739                  5.6846             322.4           3607.3477     4135.8600     -528.5123
        42.9258                  5.6915             277.0           3070.6020     3707.1000     -636.4980
        42.9776                  5.6984             321.0           3539.4102     4123.0800     -583.6698
        43.0296                  5.7054             326.1           3464.5926     4170.4200     -705.8274
        43.0816                  5.7123             293.4           3139.1948     3862.2600     -723.0652
        43.1335                  5.7192             313.1           3415.7701     4048.2000     -632.4299
        43.1854                  5.7262             293.8           3205.6193     3866.2200     -660.6007
        43.2374                  5.7331             307.8           3386.1285     3998.1600     -612.0315
        43.2500                  5.7348             322.2           3540.7598     4134.2400     -593.4802
        43.3020                  5.7417             313.7           3484.5053     4053.9600     -569.4547
        43.3540                  5.7486             300.6           3386.0152     3930.3000     -544.2848
        43.4060                  5.7555             312.6           3217.1810     4043.3400     -826.1590
        43.4580                  5.7625             286.3           3077.3165     3795.4800     -718.1635
        43.5099                  5.7694             309.9           3392.2136     4017.9600     -625.7464
        43.5619                  5.7763             320.6           3395.4296     4119.1200     -723.6904
        43.6138                  5.7833             303.2           3537.1308     3955.1400     -418.0092
        43.6657                  5.7902             316.0           3431.2517     4075.2000     -643.9483
        43.7177                  5.7971             309.0           3228.8109     4009.3200     -780.5091
        43.7698                  5.8040             318.5           3204.9075     4099.3200     -894.4125
        43.8219                  5.8110             294.1           2978.3723     3868.7400     -890.3677
        43.8740                  5.8179             285.4           3278.3634     3786.8400     -508.4766
        43.9260                  5.8248             295.4           3076.4127     3881.1600     -804.7473
        43.9780                  5.8318             306.9           3307.1826     3989.3400     -682.1574
        44.0301                  5.8387             319.7           3455.4851     4110.3000     -654.8149
        44.0818                  5.8456             321.8           3390.8383     4130.1000     -739.2617
        44.1335                  5.8525             298.5           3242.4488     3910.5000     -668.0512
        44.1855                  5.8595             297.1           3239.1769     3897.5400     -658.3631
        44.2374                  5.8664             296.4           3014.4091     3890.8800     -876.4709
        44.2500                  5.8681             328.2           3156.0277     4190.2200    -1034.1923
        44.3020                  5.8750             308.8           3025.3807     4007.5200     -982.1393
        44.3541                  5.8819             314.5           3440.2773     4061.3400     -621.0627
        44.4060                  5.8888             296.8           3063.7663     3894.4800     -830.7137
        44.4580                  5.8958             300.2           3383.7113     3926.5200     -542.8087
        44.5100                  5.9027             290.7           3051.0834     3836.8800     -785.7966
        44.5619                  5.9096             308.8           3252.2897     4007.5200     -755.2303
        44.6139                  5.9166             311.8           3195.0435     4036.3200     -841.2765
        44.6659                  5.9235             299.3           3168.8237     3918.0600     -749.2363
        44.7180                  5.9304             301.7           3193.5514     3940.2000     -746.6486
        44.7699                  5.9373             295.7           3173.9977     3884.0400     -710.0423
        44.8220                  5.9443             304.2           3252.7717     3964.3200     -711.5483
        44.8738                  5.9512             323.5           3451.6417     4146.3000     -694.6583
        44.9257                  5.9581             312.4           3516.9867     4041.1800     -524.1933
        44.9776                  5.9651             309.6           3342.8884     4014.7200     -671.8316
        45.0296                  5.9720             319.2           3275.9036     4105.8000     -829.8964
        45.0817                  5.9789             312.8           3255.4860     4045.6800     -790.1940
        45.1335                  5.9858             310.1           3386.3371     4019.9400     -633.6029
        45.1855                  5.9928             326.0           3507.5831     4169.8800     -662.2969
        45.2373                  5.9997             314.7           3502.9408     4062.7800     -559.8392
        45.2500                  6.0014             296.9           3300.7713     3895.0200     -594.2487
        45.3018                  6.0083             313.8           3471.0044     4054.5000     -583.4956
        45.3537                  6.0152             291.7           3299.0657     3845.8800     -546.8143
        45.4057                  6.0222             315.3           3398.3682     4069.0800     -670.7118
        45.4577                  6.0291             302.7           3451.2510     3949.7400     -498.4890
        45.5098                  6.0360             297.5           3225.6853     3900.6000     -674.9147
        45.5617                  6.0430             309.6           3423.1167     4014.7200     -591.6033
        45.6136                  6.0499             306.9           3580.5908     3989.3400     -408.7492
        45.6655                  6.0568             313.4           3405.2699     4051.2600     -645.9901
        45.7175                  6.0637             307.7           3142.3075     3997.2600     -854.9525
        45.7696                  6.0707             298.7           3156.7548     3912.6600     -755.9052
        45.8217                  6.0776             312.4           3337.6142     4041.7200     -704.1058
        45.8736                  6.0845             315.5           3198.6161     4070.5200     -871.9039
        45.9255                  6.0914             302.0           3321.7732     3943.4400     -621.6668
        45.9775                  6.0984             305.5           3265.7407     3976.3800     -710.6393
        46.0293                  6.1053             308.1           3475.5768     4001.0400     -525.4632
        46.0812                  6.1122             304.6           3235.0290     3967.5600     -732.5310
        46.1331                  6.1192             316.5           3169.4979     4080.2400     -910.7421
        46.1851                  6.1261             316.7           3179.2064     4082.4000     -903.1936
        46.2367                  6.1330             295.8           3202.5081     3884.5800     -682.0719
        46.2500                  6.1348             311.7           3292.1455     4034.5200     -742.3745
        46.3019                  6.1417             304.7           3290.4946     3969.0000     -678.5054
        46.3538                  6.1486             301.5           2945.2632     3938.9400     -993.6768
        46.4058                  6.1556             301.1           2825.4945     3934.8000    -1109.3055
        46.4577                  6.1625             307.1           3252.1617     3991.6800     -739.5183
        46.5094                  6.1694             300.1           3389.8042     3925.2600     -535.4558
        46.5614                  6.1764             298.6           3265.8663     3911.5800     -645.7137
        46.6132                  6.1833             306.6           3237.7043     3986.6400     -748.9357
        46.6651                  6.1902             292.3           3455.4082     3851.4600     -396.0518
        46.7170                  6.1971             297.7           3220.8560     3902.5800     -681.7240
        46.7691                  6.2041             298.1           3345.1318     3906.5400     -561.4082
        46.8209                  6.2110             284.4           2997.8549     3777.6600     -779.8051
        46.8730                  6.2179             301.8           3205.2790     3941.4600     -736.1810
        46.9250                  6.2249             311.5           3366.4204     4032.9000     -666.4796
        46.9770                  6.2318             316.0           3424.2817     4075.7400     -651.4583
        47.0290                  6.2387             311.3           3517.6996     4031.4600     -513.7604
        47.0809                  6.2456             312.2           3492.4561     4040.1000     -547.6439
        47.1329                  6.2526             318.1           3296.0117     4095.3600     -799.3483
        47.1849                  6.2595             298.8           2991.8168     3913.0200     -921.2032
        47.2369                  6.2664             302.3           3485.1476     3946.5000     -461.3524
        47.2500                  6.2682             293.8           3050.8062     3866.4000     -815.5938
        47.3020                  6.2751             311.4           3427.6438     4032.3600     -604.7162
        47.3539                  6.2820             300.3           3133.5923     3927.7800     -794.1877
        47.4059                  6.2889             317.2           3352.8165     4087.2600     -734.4435
        47.4577                  6.2959             299.4           3209.5044     3918.4200     -708.9156
        47.5096                  6.3028             320.2           3523.8930     4115.5200     -591.6270
        47.5615                  6.3097             306.1           3305.3115     3982.1400     -676.8285
        47.6135                  6.3167             300.3           3198.2828     3927.2400     -728.9572
        47.6654                  6.3236             297.7           3341.8050     3902.9400     -561.1350
        47.7174                  6.3305             289.8           3221.1151     3828.6000     -607.4849
        47.7692                  6.3374             315.9           3440.2746     4074.4800     -634.2054
        47.8212                  6.3444             311.7           3264.0466     4035.2400     -771.1934
        47.8732                  6.3513             313.2           3437.6140     4048.9200     -611.3060
        47.9251                  6.3582             301.9           3200.3833     3942.7200     -742.3367
        47.9771                  6.3651             297.7           3161.3799     3902.4000     -741.0201
        48.0290                  6.3721             305.9           3173.8386     3980.3400     -806.5014
        48.0810                  6.3790             317.9           3479.5488     4093.3800     -613.8312
        48.1330                  6.3859             291.7           3102.0065     3846.2400     -744.2335
        48.1849                  6.3929             307.5           3408.0669     3995.1000     -587.0331
        48.2368                  6.3998             312.4           3428.7853     4041.3600     -612.5747
        48.2500                  6.4015             298.8           3217.6613     3913.2000     -695.5387
        48.3020                  6.4085             300.9           3270.8772     3932.8200     -661.9428
        48.3539                  6.4154             293.7           3127.1910     3865.1400     -737.9490
        48.4058                  6.4223             288.1           3126.1362     3812.5800     -686.4438
        48.4576                  6.4293             303.2           3380.6293     3954.9600     -574.3307
        48.5094                  6.4362             305.4           3362.4545     3975.1200     -612.6655
        48.5613                  6.4431             298.4           3299.9017     3909.2400     -609.3383
        48.6133                  6.4500             307.3           3286.7602     3993.8400     -707.0798
        48.6654                  6.4570             296.2           3264.4529     3888.3600     -623.9071
        48.7172                  6.4639             309.1           3590.4908     4010.7600     -420.2692
        48.7689                  6.4708             310.4           3530.0737     4022.8200     -492.7463
        48.8208                  6.4778             299.5           3213.2087     3919.5000     -706.2913
        48.8728                  6.4847             301.6           3130.2623     3939.8400     -809.5777
        48.9249                  6.4916             314.6           3428.1174     4061.8800     -633.7626
        48.9769                  6.4985             309.3           3470.4345     4012.7400     -542.3055
        49.0288                  6.5055             297.0           3289.7354     3896.1000     -606.3646
        49.0807                  6.5124             300.2           3256.2194     3926.3400     -670.1206
        49.1328                  6.5193             311.9           3508.1443     4036.8600     -528.7157
        49.1847                  6.5262             306.2           3322.3808     3983.2200     -660.8392
        49.2365                  6.5332             313.1           3401.2380     4048.0200     -646.7820
        49.2500                  6.5350             311.2           3355.2478     4030.3800     -675.1322
        49.3020                  6.5419             308.2           3278.6932     4002.1200     -723.4268
        49.3540                  6.5488             295.8           3155.1279     3884.7600     -729.6321
        49.4060                  6.5558             321.2           3610.3719     4124.5200     -514.1481
        49.4578                  6.5627             304.7           3504.7097     3968.8200     -464.1103
        49.5097                  6.5696             313.0           3277.1203     4046.7600     -769.6397
        49.5618                  6.5765             290.7           3253.5764     3836.8800     -583.3036
        49.6137                  6.5835             299.8           3116.8884     3922.2000     -805.3116
        49.6657                  6.5904             332.9           3558.5706     4234.8600     -676.2894
        49.7177                  6.5973             310.1           3379.7526     4019.4000     -639.6474
        49.7697                  6.6042             290.4           3185.6667     3833.8200     -648.1533
        49.8217                  6.6112             295.7           3370.2438     3883.6800     -513.4362
        49.8736                  6.6181             316.1           3438.2445     4076.6400     -638.3955
        49.9255                  6.6250             316.8           3453.4994     4082.7600     -629.2606
        49.9773                  6.6320             307.1           3463.3427     3991.5000     -528.1573
        50.0292                  6.6389             323.4           3536.4344     4145.2200     -608.7856
        50.0812                  6.6458             312.4           3156.8138     4041.1800     -884.3662
        50.1331                  6.6527             320.4           3319.7463     4116.6000     -796.8537
        50.1851                  6.6597             327.4           3337.6455     4182.6600     -845.0145
        50.2371                  6.6666             298.4           3126.0111     3909.2400     -783.2289
        50.2500                  6.6683             292.7           3164.5887     3855.7800     -691.1913
        50.3020                  6.6752             298.7           3138.7203     3912.4800     -773.7597
        50.3539                  6.6822             299.8           3281.4236     3922.7400     -641.3164
        50.4056                  6.6891             306.6           3365.9687     3987.1800     -621.2113
        50.4576                  6.6960             326.6           3489.9157     4176.0000     -686.0843
        50.5094                  6.7030             315.5           3424.4093     4070.8800     -646.4707
        50.5614                  6.7099             305.3           3382.3230     3974.2200     -591.8970
        50.6132                  6.7168             294.1           3042.1813     3868.7400     -826.5587
        50.6652                  6.7237             323.9           3468.9144     4150.2600     -681.3456
        50.7173                  6.7307             304.9           3364.3819     3971.1600     -606.7781
        50.7692                  6.7376             314.4           3351.4201     4060.4400     -709.0199
        50.8212                  6.7445             300.6           3149.9916     3930.3000     -780.3084
        50.8730                  6.7515             308.5           3382.2951     4005.1800     -622.8849
        50.9248                  6.7584             308.5           3324.3571     4004.2800     -679.9229
        50.9768                  6.7653             307.9           3191.5402     3999.4200     -807.8798
        51.0287                  6.7722             315.2           3353.9839     4068.0000     -714.0161
        51.0807                  6.7792             295.3           3135.8681     3880.4400     -744.5719
        51.1327                  6.7861             301.6           3168.6170     3940.0200     -771.4030
        51.1846                  6.7930             320.7           3356.3571     4120.2000     -763.8429
        51.2365                  6.7999             309.8           3319.8281     4016.8800     -697.0519
        51.2500                  6.8017             300.6           3187.0145     3930.1200     -743.1055
        51.3021                  6.8087             289.8           3216.0975     3827.8800     -611.7825
        51.3540                  6.8156             314.0           3297.0948     4056.6600     -759.5652
        51.4060                  6.8225             333.1           3435.7402     4237.2000     -801.4598
        51.4580                  6.8294             312.9           3276.2252     4046.5800     -770.3548
        51.5099                  6.8364             322.5           3508.6052     4136.4000     -627.7948
        51.5618                  6.8433             298.4           3317.2521     3909.4200     -592.1679
        51.6136                  6.8502             311.8           3519.1709     4035.7800     -516.6091
        51.6656                  6.8572             301.2           3344.2756     3936.2400     -591.9644
        51.7175                  6.8641             315.1           3438.4603     4067.2800     -628.8197
        51.7695                  6.8710             310.3           3512.1749     4021.7400     -509.5651
        51.8214                  6.8779             304.6           3530.2887     3968.1000     -437.8113
        51.8732                  6.8849             306.5           3457.5110     3985.5600     -528.0490
        51.9252                  6.8918             299.8           3284.5359     3922.7400     -638.2041
        51.9771                  6.8987             311.1           3225.8723     4029.6600     -803.7877
        52.0290                  6.9056             317.5           3547.7408     4089.4200     -541.6792
        52.0808                  6.9126             304.7           3308.9718     3968.6400     -659.6682
        52.1328                  6.9195             306.8           3351.6110     3988.8000     -637.1890
        52.1847                  6.9264             313.5           3322.2988     4051.4400     -729.1412
        52.2366                  6.9334             328.2           3680.3065     4190.9400     -510.6335
        52.2500                  6.9352             295.2           3437.3964     3878.8200     -441.4236
        52.3019                  6.9421             298.7           3273.5887     3912.6600     -639.0713
        52.3539                  6.9490             319.8           3466.3014     4111.5600     -645.2586
        52.4058                  6.9559             329.7           3528.9340     4204.9800     -676.0460
        52.4578                  6.9629             308.0           3317.3270     4000.1400     -682.8130
        52.5097                  6.9698             295.2           3191.9966     3879.0000     -687.0034
        52.5617                  6.9767             322.9           3435.9473     4140.3600     -704.4127
        52.6137                  6.9836             303.0           3146.9320     3952.4400     -805.5080
        52.6655                  6.9906             298.5           3303.8783     3910.3200     -606.4417
        52.7174                  6.9975             308.3           3530.1724     4003.2000     -473.0276
        52.7694                  7.0044             313.7           3359.1805     4053.4200     -694.2395
        52.8214                  7.0114             293.9           3344.4072     3866.7600     -522.3528
        52.8731                  7.0183             309.5           3663.9518     4014.1800     -350.2282
        52.9251                  7.0252             289.1           3429.6244     3821.7600     -392.1356
        52.9770                  7.0321             312.2           3448.2544     4040.1000     -591.8456
        53.0289                  7.0391             317.5           3407.5723     4089.9600     -682.3877
        53.0810                  7.0460             317.7           3421.5500     4091.7600     -670.2100
        53.1330                  7.0529             294.2           3209.8697     3869.6400     -659.7703
        53.1850                  7.0598             329.9           3729.6607     4206.4200     -476.7593
        53.2369                  7.0668             299.9           3289.8379     3923.8200     -633.9821
        53.2500                  7.0685             291.3           3067.2984     3842.8200     -775.5216
        53.3019                  7.0754             306.2           3286.9766     3983.0400     -696.0634
        53.3538                  7.0824             313.4           3575.9315     4050.7200     -474.7885
        53.4055                  7.0893             315.7           3481.0933     4072.5000     -591.4067
        53.4575                  7.0962             310.4           3489.1770     4022.6400     -533.4630
        53.5094                  7.1032             292.3           2973.3824     3851.4600     -878.0776
        53.5613                  7.1101             288.8           3164.4772     3818.3400     -653.8628
        53.6131                  7.1170             308.6           3352.5721     4005.5400     -652.9679
        53.6650                  7.1239             300.0           3441.9020     3924.9000     -482.9980
        53.7170                  7.1309             304.5           3359.4295     3966.8400     -607.4105
        53.7690                  7.1378             314.9           3289.0964     4064.7600     -775.6636
        53.8212                  7.1447             316.7           3353.0083     4082.4000     -729.3917
        53.8731                  7.1517             294.8           2896.9192     3875.4000     -978.4808
        53.9251                  7.1586             327.2           3564.4313     4181.5800     -617.1487
        53.9772                  7.1655             282.3           3170.8316     3757.8600     -587.0284
        54.0291                  7.1724             301.4           3401.4507     3937.5000     -536.0493
        54.0810                  7.1794             313.3           3278.9825     4049.6400     -770.6575
        54.1329                  7.1863             321.6           3374.0154     4128.4800     -754.4646
        54.1850                  7.1932             307.4           3424.2098     3994.0200     -569.8102
        54.2368                  7.2001             325.6           3822.6924     4165.7400     -343.0476
        54.2500                  7.2019             303.0           3481.3334     3953.1600     -471.8266
        54.3020                  7.2088             305.5           3293.6939     3976.0200     -682.3261
        54.3538                  7.2158             310.7           3420.3735     4025.5200     -605.1465
        54.4056                  7.2227             292.3           3331.2299     3852.1800     -520.9501
        54.4575                  7.2296             307.2           3603.0206     3992.0400     -389.0194
        54.5095                  7.2365             291.7           2958.1534     3845.7000     -887.5466
        54.5615                  7.2435             319.0           3424.4975     4103.8200     -679.3225
        54.6134                  7.2504             321.8           3418.5255     4130.1000     -711.5745
        54.6655                  7.2573             302.9           3492.8686     3951.7200     -458.8514
        54.7176                  7.2643             300.4           3150.2997     3928.1400     -777.8403
        54.7695                  7.2712             303.5           3410.2941     3957.6600     -547.3659
        54.8214                  7.2781             304.9           3210.2550     3970.9800     -760.7250
        54.8733                  7.2850             307.7           3332.1230     3996.9000     -664.7770
        54.9253                  7.2920             293.7           3264.3926     3864.7800     -600.3874
        54.9771                  7.2989             312.6           3536.8345     4043.7000     -506.8655
        55.0291                  7.3058             303.1           3259.3371     3953.5200     -694.1829
        55.0810                  7.3127             302.8           3216.2631     3951.0000     -734.7369
        55.1330                  7.3197             297.5           3077.2061     3901.3200     -824.1139
        55.1849                  7.3266             293.1           3320.3425     3859.5600     -539.2175
        55.2368                  7.3335             284.3           3146.4243     3776.7600     -630.3357
        55.2500                  7.3353             295.3           2952.7068     3880.0800     -927.3732
        55.3020                  7.3422             301.7           3147.5133     3940.3800     -792.8667
        55.3539                  7.3491             315.4           3264.6885     4070.1600     -805.4715
        55.4058                  7.3561             304.7           3220.8961     3968.6400     -747.7439
        55.4578                  7.3630             290.8           3244.9393     3837.9600     -593.0207
        55.5098                  7.3699             310.9           3304.9719     4027.1400     -722.1681
        55.5618                  7.3768             300.4           3180.4833     3927.9600     -747.4767
        55.6137                  7.3838             305.0           3239.2408     3971.3400     -732.0992
        55.6658                  7.3907             297.5           3270.8996     3900.7800     -629.8804
        55.7177                  7.3976             295.6           3336.1252     3882.9600     -546.8348
        55.7697                  7.4046             308.4           3448.3561     4003.5600     -555.2039
        55.8217                  7.4115             310.0           3359.0344     4019.2200     -660.1856
        55.8736                  7.4184             314.7           3306.3776     4062.7800     -756.4024
        55.9256                  7.4253             297.2           3349.3927     3898.2600     -548.8673
        55.9775                  7.4323             312.7           3371.5477     4044.0600     -672.5123
        56.0296                  7.4392             312.2           3423.1298     4039.5600     -616.4302
        56.0814                  7.4461             313.2           3347.2146     4049.2800     -702.0654
        56.1334                  7.4531             309.6           3342.0339     4015.4400     -673.4061
        56.1853                  7.4600             311.5           3433.3152     4032.7200     -599.4048
        56.2374                  7.4669             308.8           3388.2610     4007.3400     -619.0790
        56.2500                  7.4686             314.3           3548.1536     4059.5400     -511.3864
        56.3020                  7.4755             299.3           3270.9680     3918.0600     -647.0920
        56.3539                  7.4824             296.4           3459.1321     3890.7000     -431.5679
        56.4057                  7.4894             311.0           3287.8601     4027.8600     -739.9999
        56.4576                  7.4963             313.8           3483.3991     4054.8600     -571.4609
        56.5096                  7.5032             319.0           3467.7569     4104.1800     -636.4231
        56.5616                  7.5102             306.9           3303.8539     3989.3400     -685.4861
        56.6137                  7.5171             320.9           3474.5814     4121.4600     -646.8786
        56.6656                  7.5240             301.9           3264.8311     3942.1800     -677.3489
        56.7174                  7.5309             299.8           3342.8335     3922.7400     -579.9065
        56.7693                  7.5379             294.4           3264.6359     3871.6200     -606.9841
        56.8213                  7.5448             303.4           3317.4647     3956.9400     -639.4753
        56.8733                  7.5517             308.8           3328.9174     4007.3400     -678.4226
        56.9253                  7.5587             315.2           3492.8880     4068.0000     -575.1120
        56.9771                  7.5656             322.9           3355.2912     4140.1800     -784.8888
        57.0290                  7.5725             297.2           3307.6805     3898.4400     -590.7595
        57.0808                  7.5794             314.9           3239.4088     4064.9400     -825.5312
        57.1327                  7.5864             317.9           3381.9524     4093.7400     -711.7876
        57.1846                  7.5933             313.2           3241.5738     4048.7400     -807.1662
        57.2365                  7.6002             298.9           3181.0914     3914.4600     -733.3686
        57.2500                  7.6020             291.1           3114.7419     3840.3000     -725.5581
        57.3019                  7.6089             323.4           3580.5172     4145.7600     -565.2428
        57.3538                  7.6159             300.6           3398.2386     3929.9400     -531.7014
        57.4056                  7.6228             317.1           3428.3196     4086.3600     -658.0404
        57.4575                  7.6297             307.2           3350.1837     3992.7600     -642.5763
        57.5095                  7.6367             315.8           3333.9252     4073.5800     -739.6548
        57.5615                  7.6436             294.1           3295.8032     3868.7400     -572.9368
        57.6133                  7.6505             285.3           3230.8933     3785.4000     -554.5067
        57.6654                  7.6574             309.8           3178.0646     4016.5200     -838.4554
        57.7174                  7.6644             308.5           3446.3435     4004.6400     -558.2965
        57.7694                  7.6713             304.3           3134.3944     3965.2200     -830.8256
        57.8214                  7.6782             294.8           3113.1332     3875.2200     -762.0868
        57.8732                  7.6851             295.7           3188.8597     3883.8600     -695.0003
        57.9250                  7.6921             305.2           3357.5040     3973.1400     -615.6360
        57.9770                  7.6990             301.4           3354.0189     3938.0400     -584.0211
        58.0289                  7.7059             310.8           3328.6549     4026.4200     -697.7651
        58.0806                  7.7129             301.3           3229.1491     3936.9600     -707.8109
        58.1327                  7.7198             320.7           3434.4687     4120.2000     -685.7313
        58.1848                  7.7267             319.2           3286.1061     4105.2600     -819.1539
        58.2369                  7.7336             326.4           3223.4137     4173.4800     -950.0663
        58.2500                  7.7354             296.1           2956.2976     3887.4600     -931.1624
        58.3021                  7.7423             311.0           3313.3537     4027.8600     -714.5063
        58.3539                  7.7492             302.8           3460.8175     3951.3600     -490.5425
        58.4059                  7.7562             302.4           3216.1897     3947.0400     -730.8503
        58.4579                  7.7631             310.7           3453.6962     4025.5200     -571.8238
        58.5100                  7.7700             307.7           3188.8657     3996.9000     -808.0343
        58.5619                  7.7769             284.2           3052.7831     3775.6800     -722.8969
        58.6138                  7.7839             328.8           3380.2740     4195.9800     -815.7060
        58.6659                  7.7908             313.7           3404.4306     4054.1400     -649.7094
        58.7180                  7.7977             315.1           3238.5734     4066.9200     -828.3466
        58.7699                  7.8047             305.5           3267.3182     3976.7400     -709.4218
        58.8221                  7.8116             316.8           3283.2041     4083.3000     -800.0959
        58.8742                  7.8185             316.8           3474.5091     4082.7600     -608.2509
        58.9261                  7.8254             309.4           3135.6707     4013.1000     -877.4293
        58.9782                  7.8324             307.9           3615.4065     3999.2400     -383.8335
        59.0302                  7.8393             327.0           3293.6196     4178.8800     -885.2604
        59.0821                  7.8462             313.3           3402.4177     4050.0000     -647.5823
        59.1342                  7.8532             316.9           3432.8111     4084.3800     -651.5689
        59.1862                  7.8601             315.5           3645.2825     4071.0600     -425.7775
        59.2381                  7.8670             310.7           3385.6408     4025.5200     -639.8792
        59.2500                  7.8686             320.3           3520.8676     4116.2400     -595.3724
        59.3019                  7.8755             307.2           3245.5674     3992.7600     -747.1926
        59.3539                  7.8825             298.6           3153.5264     3911.2200     -757.6936
        59.4058                  7.8894             303.7           3432.8286     3959.4600     -526.6314
        59.4578                  7.8963             307.5           3370.7539     3995.2800     -624.5261
        59.5098                  7.9032             318.6           3315.9935     4100.0400     -784.0465
        59.5617                  7.9102             304.6           3162.3832     3967.9200     -805.5368
        59.6136                  7.9171             299.2           3377.8607     3917.1600     -539.2993
        59.6653                  7.9240             308.7           3436.8257     4006.6200     -569.7943
        59.7173                  7.9309             326.0           3350.6956     4170.2400     -819.5444
        59.7693                  7.9379             344.1           3631.0765     4341.0600     -709.9835
        59.8214                  7.9448             301.9           3268.9661     3942.5400     -673.5739
        59.8733                  7.9517             292.9           3130.3445     3857.0400     -726.6955
        59.9254                  7.9587             330.2           3367.8912     4209.6600     -841.7688
        59.9773                  7.9656             310.3           3341.3993     4021.7400     -680.3407
        60.0291                  7.9725             312.2           3567.4888     4039.3800     -471.8912
        60.0811                  7.9794             301.6           3111.3197     3939.6600     -828.3403
        60.1330                  7.9864             298.7           3277.5059     3912.3000     -634.7941
        60.1850                  7.9933             314.5           3356.3261     4061.7000     -705.3739
        60.2371                  8.0002             305.3           3228.0683     3974.4000     -746.3317
        60.2500                  8.0019             296.6           3139.0494     3892.1400     -753.0906
        60.3020                  8.0089             309.8           3411.7425     4016.7000     -604.9575
        60.3541                  8.0158             294.5           3079.3256     3872.1600     -792.8344
        60.4058                  8.0227             304.9           3381.7634     3971.1600     -589.3966
        60.4579                  8.0297             312.8           3310.2208     4045.6800     -735.4592
        60.5099                  8.0366             307.4           3284.2885     3994.5600     -710.2715
        60.5618                  8.0435             297.9           3037.8525     3905.1000     -867.2475
        60.6137                  8.0504             305.7           3239.3092     3978.3600     -739.0508
        60.6657                  8.0574             318.2           3374.2074     4096.0800     -721.8726
        60.7176                  8.0643             312.2           3354.9875     4040.1000     -685.1125
        60.7697                  8.0712             307.0           3252.5683     3990.2400     -737.6717
        60.8217                  8.0781             309.4           3476.8232     4013.1000     -536.2768
        60.8738                  8.0851             306.2           3260.6184     3983.0400     -722.4216
        60.9258                  8.0920             306.3           3282.4603     3983.5800     -701.1197
        60.9776                  8.0989             326.1           3610.1162     4170.9600     -560.8438
        61.0296                  8.1059             302.9           3400.6736     3951.9000     -551.2264
        61.0816                  8.1128             287.6           3125.4839     3807.3600     -681.8761
        61.1334                  8.1197             287.3           3003.5408     3804.4800     -800.9392
        61.1853                  8.1266             317.1           3469.7352     4085.8200     -616.0848
        61.2374                  8.1336             298.5           3197.5649     3910.5000     -712.9351
        61.2500                  8.1353             298.9           3420.3485     3914.2800     -493.9315
        61.3019                  8.1422             304.4           3300.4448     3965.9400     -665.4952
        61.3538                  8.1491             328.7           3511.3161     4195.8000     -684.4839
        61.4058                  8.1560             306.2           2992.6168     3982.6800     -990.0632
        61.4578                  8.1630             298.2           3240.2783     3907.2600     -666.9817
        61.5098                  8.1699             319.2           3536.7740     4105.9800     -569.2060
        61.5618                  8.1768             319.5           3425.3293     4108.6800     -683.3507
        61.6137                  8.1837             306.1           3158.8198     3981.7800     -822.9602
        61.6655                  8.1907             310.3           3474.1491     4021.3800     -547.2309
        61.7174                  8.1976             306.7           3067.5332     3988.0800     -920.5468
        61.7694                  8.2045             307.0           3071.1114     3990.2400     -919.1286
        61.8213                  8.2115             315.3           3656.1093     4068.5400     -412.4307
        61.8731                  8.2184             314.4           3445.7874     4060.4400     -614.6526
        61.9249                  8.2253             318.3           3528.3181     4097.3400     -569.0219
        61.9769                  8.2322             327.9           3631.4821     4187.8800     -556.3979
        62.0289                  8.2392             297.5           3454.2958     3900.7800     -446.4842
        62.0808                  8.2461             307.4           3377.9424     3994.2000     -616.2576
        62.1326                  8.2530             297.8           3352.8709     3904.0200     -551.1491
        62.1845                  8.2600             313.0           3372.2089     4046.9400     -674.7311
        62.2366                  8.2669             295.4           3050.6568     3881.5200     -830.8632
        62.2500                  8.2687             305.6           2985.6078     3976.9200     -991.3122
        62.3022                  8.2756             303.3           3320.0894     3955.6800     -635.5906
        62.3541                  8.2825             308.2           3352.2327     4001.5800     -649.3473
        62.4061                  8.2894             299.1           2858.7148     3916.0800    -1057.3652
        62.4581                  8.2964             319.6           3081.8433     4109.5800    -1027.7367
        62.5101                  8.3033             286.1           3103.3235     3792.9600     -689.6365
        62.5621                  8.3102             290.0           3129.0404     3830.2200     -701.1796
        62.6141                  8.3172             296.7           3323.4922     3893.5800     -570.0878
        62.6659                  8.3241             308.4           3460.3072     4003.7400     -543.4328
        62.7178                  8.3310             301.7           3163.7553     3940.3800     -776.6247
        62.7698                  8.3379             319.2           3401.6494     4105.4400     -703.7906
        62.8217                  8.3449             298.7           3212.6749     3912.4800     -699.8051
        62.8736                  8.3518             311.7           3277.4394     4035.0600     -757.6206
        62.9257                  8.3587             285.1           3076.1842     3783.4200     -707.2358
        62.9776                  8.3656             323.3           3429.2008     4144.6800     -715.4792
        63.0296                  8.3726             287.5           3297.1728     3806.4600     -509.2872
        63.0815                  8.3795             286.1           3078.6245     3793.3200     -714.6955
        63.1334                  8.3864             310.5           3497.6030     4023.7200     -526.1170
        63.1853                  8.3934             301.4           3402.6410     3937.8600     -535.2190
        63.2372                  8.4003             303.6           3322.3908     3958.0200     -635.6292
        63.2500                  8.4020             307.8           3286.3144     3998.1600     -711.8456
        63.3019                  8.4089             309.8           3308.9737     4017.2400     -708.2663
        63.3538                  8.4159             314.4           3405.0187     4060.2600     -655.2413
        63.4057                  8.4228             297.9           3083.8625     3904.5600     -820.6975
        63.4576                  8.4297             325.4           3555.3053     4164.3000     -608.9947
        63.5096                  8.4366             302.8           3198.4528     3950.8200     -752.3672
        63.5616                  8.4436             299.5           3057.9736     3919.8600     -861.8864
        63.6136                  8.4505             306.4           3147.5084     3984.8400     -837.3316
        63.6655                  8.4574             301.5           2991.0641     3938.4000     -947.3359
        63.7175                  8.4643             313.3           3568.7957     4050.1800     -481.3843
        63.7694                  8.4713             307.4           3432.6019     3994.0200     -561.4181
        63.8214                  8.4782             287.3           3184.7422     3804.3000     -619.5578
        63.8733                  8.4851             303.8           3357.1877     3960.0000     -602.8123
        63.9252                  8.4921             325.6           3509.5720     4166.4600     -656.8880
        63.9772                  8.4990             296.1           3374.2517     3888.0000     -513.7483
        64.0291                  8.5059             294.8           3278.3076     3875.7600     -597.4524
        64.0810                  8.5128             310.5           3360.8481     4023.1800     -662.3319
        64.1331                  8.5198             312.2           3416.7731     4039.2000     -622.4269
        64.1851                  8.5267             299.5           3218.3601     3920.0400     -701.6799
        64.2371                  8.5336             292.5           3058.5139     3853.4400     -794.9261
        64.2500                  8.5353             312.9           3106.3193     4046.4000     -940.0807
        64.3019                  8.5423             315.0           3353.5969     4066.3800     -712.7831
        64.3537                  8.5492             319.0           3439.5778     4103.6400     -664.0622
        64.4058                  8.5561             300.0           3165.2294     3924.1800     -758.9506
        64.4577                  8.5630             301.0           3056.9073     3933.7200     -876.8127
        64.5096                  8.5700             303.8           3383.1356     3960.1800     -577.0444
        64.5617                  8.5769             286.5           3133.6832     3796.7400     -663.0568
        64.6137                  8.5838             294.2           3341.0149     3870.1800     -529.1651
        64.6658                  8.5908             310.8           3267.8130     4026.6000     -758.7870
        64.7178                  8.5977             316.3           3390.0570     4077.9000     -687.8430
        64.7696                  8.6046             291.7           3086.5215     3845.8800     -759.3585
        64.8216                  8.6115             298.7           3293.0466     3912.1200     -619.0734
        64.8736                  8.6185             320.5           3689.9951     4117.6800     -427.6849
        64.9255                  8.6254             315.7           3564.5003     4072.8600     -508.3597
        64.9774                  8.6323             302.6           3290.2451     3949.3800     -659.1349
        65.0294                  8.6393             308.3           3209.1367     4002.8400     -793.7033
        65.0814                  8.6462             309.0           3255.6822     4009.3200     -753.6378
        65.1334                  8.6531             314.4           3268.1929     4060.2600     -792.0671
        65.1853                  8.6600             311.4           3313.1037     4031.8200     -718.7163
        65.2372                  8.6670             302.4           3112.0563     3946.8600     -834.8037
        65.2500                  8.6687             308.8           3220.1172     4007.3400     -787.2228
        65.3019                  8.6756             314.3           3352.9413     4059.7200     -706.7787
        65.3539                  8.6825             314.1           3344.6229     4057.2000     -712.5771
        65.4058                  8.6895             291.4           3299.0993     3843.0000     -543.9007
        65.4577                  8.6964             321.4           3209.0786     4126.5000     -917.4214
        65.5096                  8.7033             314.0           3246.6111     4056.6600     -810.0489
        65.5615                  8.7102             314.2           3211.7075     4058.2800     -846.5725
        65.6135                  8.7172             304.4           3013.2933     3966.1200     -952.8267
        65.6654                  8.7241             303.8           3161.1640     3960.3600     -799.1960
        65.7174                  8.7310             309.5           3130.3251     4014.5400     -884.2149
        65.7693                  8.7379             301.4           3004.2972     3938.0400     -933.7428
        65.8213                  8.7449             301.5           3198.3459     3938.4000     -740.0541
        65.8732                  8.7518             310.1           3158.5797     4019.4000     -860.8203
        65.9254                  8.7587             300.2           2925.0116     3925.9800    -1000.9684
        65.9775                  8.7657             294.4           3140.2216     3871.8000     -731.5784
        66.0295                  8.7726             305.9           3317.8888     3979.8000     -661.9112
        66.0814                  8.7795             306.2           3445.2440     3983.4000     -538.1560
        66.1334                  8.7864             307.7           3142.4883     3997.6200     -855.1317
        66.1852                  8.7934             309.0           3348.8369     4009.1400     -660.3031
        66.2371                  8.8003             305.0           3295.9201     3971.5200     -675.5999
        66.2500                  8.8020             311.2           3510.1341     4030.2000     -520.0659
        66.3019                  8.8089             300.2           3363.1009     3925.9800     -562.8791
        66.3539                  8.8159             326.6           3620.7227     4175.4600     -554.7373
        66.4058                  8.8228             314.0           3602.1235     4056.4800     -454.3565
        66.4578                  8.8297             311.9           3195.6831     4036.6800     -840.9969
        66.5097                  8.8366             308.2           3371.8723     4002.3000     -630.4277
        66.5616                  8.8436             296.9           3073.2416     3895.0200     -821.7784
        66.6136                  8.8505             314.2           3408.2017     4058.2800     -650.0783
        66.6655                  8.8574             295.7           3401.7008     3883.6800     -481.9792
        66.7174                  8.8644             302.3           3249.9002     3946.3200     -696.4198
        66.7692                  8.8713             322.5           3636.7994     4136.7600     -499.9606
        66.8211                  8.8782             309.2           3460.5735     4011.3000     -550.7265
        66.8731                  8.8851             298.8           3387.2656     3913.2000     -525.9344
        66.9250                  8.8921             314.5           3548.1701     4060.9800     -512.8099
        66.9768                  8.8990             322.8           3625.4643     4139.2800     -513.8157
        67.0287                  8.9059             310.4           3571.5487     4023.0000     -451.4513
        67.0807                  8.9129             295.5           3389.5999     3882.4200     -492.8201
        67.1326                  8.9198             307.9           3458.2399     3998.7000     -540.4601
        67.1846                  8.9267             315.3           3224.5961     4068.9000     -844.3039
        67.2366                  8.9336             310.1           3247.1431     4019.7600     -772.6169
        67.2500                  8.9354             310.3           3370.2317     4021.9200     -651.6883
        67.3019                  8.9423             318.6           3270.0141     4099.8600     -829.8459
        67.3539                  8.9493             306.1           2956.4612     3982.3200    -1025.8588
        67.4059                  8.9562             317.4           3114.0794     4088.8800     -974.8006
        67.4579                  8.9631             303.9           3231.4875     3961.4400     -729.9525
        67.5098                  8.9701             323.3           3270.8980     4143.9600     -873.0620
        67.5617                  8.9770             306.3           3246.6405     3983.5800     -736.9395
        67.6137                  8.9839             306.1           3164.7491     3981.7800     -817.0309
        67.6656                  8.9908             302.4           3071.0172     3947.0400     -876.0228
        67.7174                  8.9978             310.1           3360.7215     4019.4000     -658.6785
        67.7692                  9.0047             294.3           3259.4804     3870.7200     -611.2396
        67.8211                  9.0116             317.6           3453.0863     4091.0400     -637.9537
        67.8730                  9.0186             313.5           3265.6460     4051.6200     -785.9740
        67.9250                  9.0255             316.1           3227.0725     4076.1000     -849.0275
        67.9769                  9.0324             301.4           3006.3328     3937.5000     -931.1672
        68.0287                  9.0393             301.9           3260.5577     3942.1800     -681.6223
        68.0806                  9.0463             281.1           3156.7325     3746.3400     -589.6075
        68.1326                  9.0532             337.2           3690.0783     4275.7200     -585.6417
        68.1845                  9.0601             299.6           3153.9155     3920.4000     -766.4845
        68.2365                  9.0670             311.5           3483.8697     4033.4400     -549.5703
        68.2500                  9.0689             315.5           3556.3371     4070.3400     -514.0029
        68.3020                  9.0758             303.1           3471.7906     3954.0600     -482.2694
        68.3541                  9.0827             303.6           3349.8614     3958.7400     -608.8786
        68.4059                  9.0896             310.5           3435.8993     4023.7200     -587.8207
        68.4578                  9.0966             294.7           3478.7476     3874.3200     -395.5724
        68.5097                  9.1035             316.7           3477.0847     4082.5800     -605.4953
        68.5615                  9.1104             291.0           3095.9002     3839.9400     -744.0398
        68.6136                  9.1173             304.8           3363.4294     3970.2600     -606.8306
        68.6656                  9.1243             287.5           3311.8286     3806.1000     -494.2714
        68.7176                  9.1312             307.7           3533.7386     3997.0800     -463.3414
        68.7695                  9.1381             307.7           3540.2828     3996.9000     -456.6172
        68.8215                  9.1451             306.3           3384.5838     3984.1200     -599.5362
        68.8734                  9.1520             311.5           3319.3123     4033.2600     -713.9477
        68.9253                  9.1589             304.9           3376.5011     3970.9800     -594.4789
        68.9772                  9.1658             309.3           3346.1441     4012.3800     -666.2359
        69.0290                  9.1728             292.8           3276.2263     3856.6800     -580.4537
        69.0810                  9.1797             310.8           3384.7386     4026.2400     -641.5014
        69.1329                  9.1866             296.1           3432.7330     3887.6400     -454.9070
        69.1847                  9.1936             298.1           3353.4371     3906.7200     -553.2829
        69.2367                  9.2005             305.8           3204.3751     3979.6200     -775.2449
        69.2500                  9.2022             309.8           3352.0058     4016.5200     -664.5142
        69.3020                  9.2092             300.7           3259.2204     3931.3800     -672.1596
        69.3538                  9.2161             302.8           3313.5136     3951.3600     -637.8464
        69.4057                  9.2230             307.8           3293.2065     3997.9800     -704.7735
        69.4576                  9.2300             308.4           3283.7871     4003.7400     -719.9529
        69.5096                  9.2369             321.7           3546.3067     4129.7400     -583.4333
        69.5616                  9.2438             317.1           3594.9202     4086.0000     -491.0798
        69.6136                  9.2507             314.5           3445.2928     4061.3400     -616.0472
        69.6655                  9.2577             295.8           3169.1393     3884.7600     -715.6207
        69.7173                  9.2646             311.2           3365.3905     4030.0200     -664.6295
        69.7694                  9.2715             316.1           3480.6317     4076.6400     -596.0083
        69.8214                  9.2785             289.2           3360.6025     3822.3000     -461.6975
        69.8734                  9.2854             293.3           3133.5572     3861.0000     -727.4428
        69.9255                  9.2923             315.4           3514.7109     4069.6200     -554.9091
        69.9775                  9.2992             317.5           3348.8241     4089.6000     -740.7759
        70.0295                  9.3062             296.6           3261.7532     3891.9600     -630.2068
        70.0814                  9.3131             310.2           3416.5154     4020.3000     -603.7846
        70.1334                  9.3200             301.4           3412.8853     3937.5000     -524.6147
        70.1853                  9.3269             313.5           3455.9485     4052.1600     -596.2115
        70.2372                  9.3339             319.5           3511.4807     4108.3200     -596.8393
        70.2500                  9.3356             305.5           3412.2975     3976.3800     -564.0825
        70.3020                  9.3425             298.1           3210.7505     3906.1800     -695.4295
        70.3539                  9.3494             307.5           3125.7883     3994.9200     -869.1317
        70.4059                  9.3564             279.5           3077.4466     3731.2200     -653.7734
        70.4579                  9.3633             306.2           3241.4043     3982.8600     -741.4557
        70.5098                  9.3702             339.5           3676.3480     4297.5000     -621.1520
        70.5617                  9.3772             305.7           3288.4905     3978.0000     -689.5095
        70.6137                  9.3841             306.6           3253.8766     3986.8200     -732.9434
        70.6656                  9.3910             324.1           3487.6246     4151.5200     -663.8954
        70.7175                  9.3979             317.6           3460.8025     4090.3200     -629.5175
        70.7695                  9.4049             313.3           3534.0187     4050.1800     -516.1613
        70.8212                  9.4118             306.7           3580.8035     3987.5400     -406.7365
        70.8733                  9.4187             306.0           3219.3967     3981.4200     -762.0233
        70.9251                  9.4256             300.0           3322.5861     3924.3600     -601.7739
        70.9770                  9.4326             298.6           3280.1820     3910.8600     -630.6780
        71.0290                  9.4395             301.5           3535.5455     3938.7600     -403.2145
        71.0809                  9.4464             298.9           3181.3166     3913.7400     -732.4234
        71.1328                  9.4534             293.3           3043.4278     3861.5400     -818.1122
        71.1848                  9.4603             314.8           3488.2010     4064.5800     -576.3790
        71.2366                  9.4672             324.2           3632.7696     4152.7800     -520.0104
        71.2500                  9.4690             316.8           3601.8121     4083.3000     -481.4879
        71.3019                  9.4759             301.1           3456.3045     3934.9800     -478.6755
        71.3538                  9.4829             303.7           3335.4067     3959.2800     -623.8733
        71.4060                  9.4898             300.5           3307.9161     3929.0400     -621.1239
        71.4579                  9.4967             304.5           3221.0848     3967.0200     -745.9352
        71.5098                  9.5036             303.1           3400.3799     3953.7000     -553.3201
        71.5616                  9.5106             311.2           3469.9739     4029.8400     -559.8661
        71.6134                  9.5175             307.3           3142.6880     3992.9400     -850.2520
        71.6655                  9.5244             290.3           3255.2080     3833.1000     -577.8920
        71.7175                  9.5314             323.3           3566.1704     4144.8600     -578.6896
        71.7694                  9.5383             310.1           3300.4715     4019.4000     -718.9285
        71.8212                  9.5452             304.8           3376.1232     3969.9000     -593.7768
        71.8732                  9.5521             290.0           3227.5415     3830.2200     -602.6785
        71.9251                  9.5591             311.1           3272.9389     4029.1200     -756.1811
        71.9770                  9.5660             308.8           3325.5183     4007.5200     -682.0017
        72.0290                  9.5729             301.5           3270.0497     3938.7600     -668.7103
        72.0810                  9.5798             328.5           3322.6616     4193.2800     -870.6184
        72.1332                  9.5868             320.4           3524.8339     4117.5000     -592.6661
        72.1851                  9.5937             301.4           3354.4325     3937.8600     -583.4275
        72.2370                  9.6006             296.2           3257.2298     3888.7200     -631.4902
        72.2500                  9.6024             326.8           3444.5427     4177.0800     -732.5373
        72.3018                  9.6093             319.5           3251.4762     4108.3200     -856.8438
        72.3537                  9.6162             310.9           3347.3266     4027.1400     -679.8134
        72.4058                  9.6231             310.8           3378.2985     4026.6000     -648.3015
        72.4577                  9.6301             320.0           3637.8189     4112.8200     -475.0011
        72.5097                  9.6370             320.4           3319.5999     4117.3200     -797.7201
        72.5617                  9.6439             308.5           3285.9698     4004.4600     -718.4902
        72.6138                  9.6509             306.6           3330.9858     3987.1800     -656.1942
        72.6657                  9.6578             295.1           3064.6873     3878.6400     -813.9527
        72.7177                  9.6647             302.8           3301.6626     3950.8200     -649.1574
        72.7698                  9.6716             292.2           2937.4135     3851.2800     -913.8665
        72.8220                  9.6786             305.2           3221.4423     3973.3200     -751.8777
        72.8739                  9.6855             308.2           3456.2127     4001.7600     -545.5473
        72.9258                  9.6924             301.9           3452.7350     3942.1800     -489.4450
        72.9776                  9.6994             320.1           3700.6541     4113.9000     -413.2459
        73.0295                  9.7063             313.0           3431.7819     4047.3000     -615.5181
        73.0815                  9.7132             304.5           3172.1043     3967.2000     -795.0957
        73.1334                  9.7201             311.2           3358.1542     4030.2000     -672.0458
        73.1854                  9.7271             314.7           3297.4939     4063.3200     -765.8261
        73.2374                  9.7340             312.6           3396.0861     4043.1600     -647.0739
        73.2500                  9.7357             292.2           3375.1621     3850.5600     -475.3979
        73.3021                  9.7426             305.5           3442.5224     3976.0200     -533.4976
        73.3540                  9.7495             301.4           3260.6161     3937.3200     -676.7039
        73.4058                  9.7565             293.6           3195.1265     3864.0600     -668.9335
        73.4577                  9.7634             311.4           3524.2954     4031.8200     -507.5246
        73.5097                  9.7703             315.5           3161.9780     4071.0600     -909.0820
        73.5618                  9.7772             307.3           3288.1634     3993.4800     -705.3166
        73.6139                  9.7842             294.6           2969.3586     3873.0600     -903.7014
        73.6658                  9.7911             296.8           3261.0184     3894.1200     -633.1016
        73.7177                  9.7980             303.0           3218.9043     3953.1600     -734.2557
        73.7697                  9.8049             309.1           3283.7261     4010.7600     -727.0339
        73.8216                  9.8119             288.4           3267.2334     3814.9200     -547.6866
        73.8735                  9.8188             305.2           3376.2511     3973.3200     -597.0689
        73.9256                  9.8257             315.7           3379.2652     4073.0400     -693.7748
        73.9775                  9.8327             334.1           3557.1815     4246.5600     -689.3785
        74.0295                  9.8396             303.8           3283.9265     3960.3600     -676.4335
        74.0813                  9.8465             307.2           3466.6574     3992.2200     -525.5626
        74.1332                  9.8534             292.7           3186.0704     3855.9600     -669.8896
        74.1851                  9.8604             287.0           3404.6923     3801.9600     -397.2677
        74.2370                  9.8673             304.4           3293.1944     3966.4800     -673.2856
        74.2500                  9.8690             307.2           3165.5014     3992.2200     -826.7186
        74.3019                  9.8760             309.9           3183.8495     4018.3200     -834.4705
        74.3540                  9.8829             310.2           3142.1604     4020.8400     -878.6796
        74.4062                  9.8898             316.2           3351.4027     4077.3600     -725.9573
        74.4581                  9.8967             322.3           3422.0216     4134.7800     -712.7584
        74.5101                  9.9037             288.5           2918.0145     3816.1800     -898.1655
        74.5621                  9.9106             299.8           3299.8218     3922.3800     -622.5582
        74.6140                  9.9175             322.8           3558.2961     4139.4600     -581.1639
        74.6660                  9.9244             288.6           3064.9246     3816.9000     -751.9754
        74.7179                  9.9314             318.8           3407.9977     4102.3800     -694.3823
        74.7697                  9.9383             303.5           3372.2750     3957.1200     -584.8450
        74.8216                  9.9452             308.2           3174.7327     4002.3000     -827.5673
        74.8736                  9.9522             308.1           3355.0711     4000.6800     -645.6089
        74.9255                  9.9591             315.7           3293.4237     4072.8600     -779.4363
        74.9773                  9.9660             286.4           3074.2555     3795.8400     -721.5845
        75.0293                  9.9729             306.9           2934.1312     3989.1600    -1055.0288
        75.0814                  9.9799             297.6           3053.3082     3901.6800     -848.3718
        75.1334                  9.9868             312.2           3378.8801     4039.3800     -660.4999
        75.1851                  9.9937             318.6           3372.0373     4100.4000     -728.3627
        75.2370                 10.0007             304.8           3333.7092     3970.0800     -636.3708
        75.2500                 10.0024             306.4           3101.9639     3984.4800     -882.5161
        75.3019                 10.0093             308.5           3278.7441     4005.0000     -726.2559
        75.3537                 10.0162             317.9           3399.2732     4093.7400     -694.4668
        75.4055                 10.0232             313.0           3239.7781     4047.1200     -807.3419
        75.4573                 10.0301             294.2           2973.6976     3869.4600     -895.7624
        75.5093                 10.0370             310.5           3197.5259     4023.9000     -826.3741
        75.5612                 10.0440             299.2           3221.2885     3917.3400     -696.0515
        75.6132                 10.0509             310.3           3495.8823     4021.7400     -525.8577
        75.6651                 10.0578             309.0           3209.4687     4009.6800     -800.2113
        75.7170                 10.0647             308.9           3314.7201     4008.7800     -694.0599
        75.7690                 10.0717             303.7           3303.7114     3959.8200     -656.1086
        75.8209                 10.0786             305.9           3417.3696     3979.8000     -562.4304
        75.8728                 10.0855             333.8           3536.0187     4243.3200     -707.3013
        75.9246                 10.0925             311.4           3328.2267     4032.1800     -703.9533
        75.9765                 10.0994             312.9           3630.3529     4046.5800     -416.2271
        76.0284                 10.1063             303.7           3398.7771     3959.8200     -561.0429
        76.0804                 10.1132             307.3           3184.1929     3993.6600     -809.4671
        76.1323                 10.1202             291.5           3314.0435     3843.9000     -529.8565
        76.1844                 10.1271             305.3           3221.7859     3974.5800     -752.7941
        76.2363                 10.1340             320.9           3345.6854     4121.8200     -776.1346
        76.2500                 10.1358             313.4           3273.0093     4051.2600     -778.2507
        76.3019                 10.1428             314.5           3496.2271     4061.3400     -565.1129
        76.3539                 10.1497             297.6           3275.5198     3901.8600     -626.3402
        76.4059                 10.1566             306.2           3328.1743     3983.0400     -654.8657
        76.4577                 10.1636             336.3           3427.4654     4267.2600     -839.7946
        76.5097                 10.1705             280.4           3176.1539     3739.1400     -562.9861
        76.5616                 10.1774             308.6           3389.9652     4005.7200     -615.7548
        76.6135                 10.1843             310.4           3222.6800     4022.8200     -800.1400
        76.6655                 10.1913             287.6           3281.2632     3807.0000     -525.7368
        76.7174                 10.1982             312.2           3410.9294     4039.3800     -628.4506
        76.7692                 10.2051             298.3           3239.3784     3908.3400     -668.9616
        76.8212                 10.2120             310.3           3519.2819     4021.9200     -502.6381
        76.8731                 10.2190             308.3           3347.5670     4002.4800     -654.9130
        76.9249                 10.2259             304.2           3417.9975     3964.3200     -546.3225
        76.9769                 10.2328             314.7           3459.9890     4063.1400     -603.1510
        77.0288                 10.2398             293.3           3121.6818     3861.0000     -739.3182
        77.0808                 10.2467             307.2           3292.7479     3992.4000     -699.6521
        77.1328                 10.2536             313.4           3269.9278     4050.7200     -780.7922
        77.1848                 10.2605             314.9           3328.0999     4065.1200     -737.0201
        77.2368                 10.2675             314.5           3430.8497     4060.9800     -630.1303
        77.2500                 10.2692             299.4           3297.1875     3918.4200     -621.2325
        77.3019                 10.2762             298.0           3229.0134     3906.0000     -676.9866
        77.3538                 10.2831             299.4           3299.0122     3918.9600     -619.9478
        77.4057                 10.2900             312.4           3330.5393     4041.7200     -711.1807
        77.4577                 10.2969             304.2           3177.4932     3963.9600     -786.4668
        77.5097                 10.3039             308.2           3451.5573     4002.1200     -550.5627
        77.5616                 10.3108             286.7           3178.7286     3798.5400     -619.8114
        77.6135                 10.3177             302.3           3187.6207     3946.3200     -758.6993
        77.6654                 10.3247             304.8           3474.4962     3970.2600     -495.7638
        77.7173                 10.3316             319.6           3559.3667     4109.9400     -550.5733
        77.7694                 10.3385             316.6           3608.5281     4080.7800     -472.2519
        77.8214                 10.3454             312.2           3354.9118     4039.2000     -684.2882
        77.8733                 10.3524             300.8           3503.5508     3931.7400     -428.1892
        77.9251                 10.3593             293.2           3317.4093     3860.2800     -542.8707
        77.9768                 10.3662             317.1           3520.9507     4086.3600     -565.4093
        78.0288                 10.3731             296.1           3130.7336     3887.4600     -756.7264
        78.0808                 10.3801             296.5           3228.2355     3891.4200     -663.1845
        78.1327                 10.3870             304.3           3278.4799     3964.6800     -686.2001
        78.1847                 10.3939             308.1           3274.5380     4000.5000     -725.9620
        78.2368                 10.4009             310.2           3480.2780     4021.0200     -540.7420
        78.2500                 10.4026             305.9           3417.7097     3980.1600     -562.4503
        78.3019                 10.4096             301.4           3265.5816     3937.5000     -671.9184
        78.3538                 10.4165             291.5           3129.3435     3844.4400     -715.0965
        78.4058                 10.4234             290.1           3119.5266     3830.5800     -711.0534
        78.4576                 10.4303             317.8           3417.8630     4092.3000     -674.4370
        78.5096                 10.4373             310.4           3353.9513     4022.4600     -668.5087
        78.5614                 10.4442             311.1           3559.0254     4028.9400     -469.9146
        78.6134                 10.4511             299.7           3322.2117     3921.3000     -599.0883
        78.6654                 10.4580             300.0           3271.7463     3924.3600     -652.6137
        78.7173                 10.4650             308.2           3251.0325     4001.7600     -750.7275
        78.7694                 10.4719             324.0           3505.1783     4150.6200     -645.4417
        78.8212                 10.4788             311.0           3393.0744     4028.0400     -634.9656
        78.8731                 10.4858             303.9           3512.4343     3961.4400     -449.0057
        78.9250                 10.4927             319.5           3444.7320     4108.1400     -663.4080
        78.9770                 10.4996             314.4           3486.7910     4060.6200     -573.8290
        79.0290                 10.5065             292.8           3141.8250     3856.5000     -714.6750
        79.0810                 10.5135             305.5           3433.4913     3976.5600     -543.0687
        79.1330                 10.5204             304.9           3216.6008     3970.6200     -754.0192
        79.1850                 10.5273             310.7           3604.0242     4025.3400     -421.3158
        79.2368                 10.5343             304.1           3387.5851     3963.6000     -576.0149
        79.2500                 10.5360             309.9           3220.4931     4017.9600     -797.4669
        79.3021                 10.5429             296.1           3283.0536     3888.0000     -604.9464
        79.3540                 10.5499             303.1           3194.0472     3953.8800     -759.8328
        79.4059                 10.5568             310.9           3378.8443     4027.5000     -648.6557
        79.4580                 10.5637             310.0           3443.0587     4019.2200     -576.1613
        79.5098                 10.5707             303.0           3221.1683     3952.9800     -731.8117
        79.5617                 10.5776             295.2           3143.1096     3879.3600     -736.2504
        79.6137                 10.5845             288.1           3107.7922     3812.4000     -704.6078
        79.6656                 10.5914             305.5           3254.6496     3976.2000     -721.5504
        79.7173                 10.5984             295.0           3131.8032     3877.0200     -745.2168
        79.7695                 10.6053             305.4           3284.7364     3975.1200     -690.3836
        79.8215                 10.6122             302.3           3276.2007     3946.5000     -670.2993
        79.8733                 10.6191             305.1           3158.6209     3972.2400     -813.6191
        79.9252                 10.6261             300.1           3291.2453     3925.4400     -634.1947
        79.9772                 10.6330             291.7           3151.2902     3846.2400     -694.9498
        80.0291                 10.6399             304.9           3419.3805     3971.1600     -551.7795
        80.0811                 10.6469             294.1           3342.8234     3868.7400     -525.9166
        80.1331                 10.6538             284.4           3070.2930     3777.1200     -706.8270
        80.1850                 10.6607             308.4           3352.4187     4003.3800     -650.9613
        80.2370                 10.6676             314.7           3286.1964     4063.3200     -777.1236
        80.2500                 10.6694             311.9           3495.1817     4036.6800     -541.4983
        80.3018                 10.6763             299.2           3242.2118     3916.8000     -674.5882
        80.3537                 10.6832             291.8           3254.1693     3847.3200     -593.1507
        80.4057                 10.6902             319.7           3653.7398     4110.8400     -457.1002
        80.4577                 10.6971             306.6           3468.6360     3987.1800     -518.5440
        80.5096                 10.7040             298.4           3259.7846     3909.0600     -649.2754
        80.5615                 10.7109             295.1           3546.2142     3878.6400     -332.4258
        80.6134                 10.7179             298.1           3466.5830     3906.5400     -439.9570
        80.6654                 10.7248             301.6           3539.5863     3939.8400     -400.2537
        80.7173                 10.7317             299.0           3341.4046     3914.8200     -573.4154
        80.7693                 10.7387             299.7           3083.3260     3921.3000     -837.9740
        80.8213                 10.7456             300.8           3354.6361     3931.7400     -577.1039
        80.8732                 10.7525             299.2           3414.7286     3916.9800     -502.2514
        80.9251                 10.7594             320.8           3367.3574     4121.1000     -753.7426
        80.9772                 10.7664             315.4           3333.6409     4069.9800     -736.3391
        81.0291                 10.7733             310.7           3474.9464     4025.7000     -550.7536
        81.0811                 10.7802             308.3           3419.2628     4003.2000     -583.9372
        81.1331                 10.7871             323.3           3638.9315     4144.3200     -505.3885
        81.1850                 10.7941             301.6           3370.6565     3940.0200     -569.3635
        81.2368                 10.8010             293.3           3388.4770     3861.3600     -472.8830
        81.2500                 10.8028             321.1           3524.2771     4123.4400     -599.1629
        81.3019                 10.8097             292.0           3314.6746     3849.1200     -534.4454
        81.3539                 10.8166             310.1           3398.0354     4019.7600     -621.7246
        81.4058                 10.8235             301.3           3118.4234     3936.6000     -818.1766
        81.4577                 10.8305             296.2           3410.0439     3888.1800     -478.1361
        81.5096                 10.8374             310.9           3451.2850     4027.3200     -576.0350
        81.5616                 10.8443             302.2           3243.7752     3944.8800     -701.1048
        81.6135                 10.8513             309.4           3494.2138     4013.2800     -519.0662
        81.6653                 10.8582             311.7           3418.5087     4034.5200     -616.0113
        81.7173                 10.8651             323.0           3305.6387     4141.4400     -835.8013
        81.7691                 10.8720             284.4           3135.7452     3776.9400     -641.1948
        81.8210                 10.8790             314.9           3476.2168     4064.7600     -588.5432
        81.8728                 10.8859             305.9           3292.1381     3980.3400     -688.2019
        81.9248                 10.8928             296.0           3264.7014     3887.1000     -622.3986
        81.9769                 10.8997             314.5           3552.4111     4061.7000     -509.2889
        82.0289                 10.9067             304.9           3414.0301     3970.8000     -556.7699
        82.0810                 10.9136             301.6           3371.2450     3939.6600     -568.4150
        82.1329                 10.9205             283.8           3160.6550     3771.7200     -611.0650
        82.1847                 10.9275             292.1           2951.2727     3849.8400     -898.5673
        82.2367                 10.9344             308.4           3314.1770     4003.7400     -689.5630
        82.2500                 10.9362             299.6           3434.9364     3920.5800     -485.6436
        82.3019                 10.9431             307.3           3505.6124     3993.6600     -488.0476
        82.3537                 10.9500             309.2           3595.0259     4011.6600     -416.6341
        82.4055                 10.9569             299.3           3306.3959     3917.8800     -611.4841
        82.4575                 10.9639             315.1           3485.9286     4066.7400     -580.8114
        82.5092                 10.9708             310.0           3289.9675     4019.0400     -729.0725
        82.5611                 10.9777             308.8           3160.5642     4007.8800     -847.3158
        82.6131                 10.9847             311.7           3357.6065     4034.8800     -677.2735
        82.6650                 10.9916             299.9           3326.0741     3923.2800     -597.2059
        82.7170                 10.9985             314.1           3533.8289     4057.5600     -523.7311
        82.7689                 11.0054             303.3           3149.0168     3955.3200     -806.3032
        82.8207                 11.0124             306.1           3437.7922     3982.3200     -544.5278
        82.8726                 11.0193             303.9           3407.2882     3960.9000     -553.6118
        82.9244                 11.0262             300.6           3356.7229     3930.3000     -573.5771
        82.9764                 11.0331             306.6           3373.1988     3987.0000     -613.8012
        83.0282                 11.0401             305.6           3355.4697     3977.4600     -621.9903
        83.0802                 11.0470             307.9           3298.9595     3998.8800     -699.9205
        83.1323                 11.0539             317.0           3474.5564     4084.5600     -610.0036
        83.1841                 11.0609             317.2           3422.3185     4087.0800     -664.7615
        83.2361                 11.0678             307.7           3319.0854     3996.9000     -677.8146
        83.2500                 11.0696             298.9           3214.6072     3913.7400     -699.1328
        83.3017                 11.0766             301.7           3425.7746     3940.5600     -514.7854
        83.3536                 11.0835             304.2           3325.2332     3964.5000     -639.2668
        83.4056                 11.0904             300.7           3270.0747     3931.5600     -661.4853
        83.4575                 11.0974             303.7           3285.1194     3959.2800     -674.1606
        83.5095                 11.1043             311.8           3239.3273     4035.7800     -796.4527
        83.5614                 11.1112             321.7           3371.8156     4128.8400     -757.0244
        83.6133                 11.1181             309.5           3060.1147     4014.5400     -954.4253
        83.6652                 11.1251             297.2           3224.3867     3898.2600     -673.8733
        83.7171                 11.1320             302.5           3240.3862     3948.4800     -708.0938
        83.7691                 11.1389             306.8           3195.3989     3988.4400     -793.0411
        83.8211                 11.1459             294.6           3197.5590     3873.4200     -675.8610
        83.8729                 11.1528             302.9           3172.8820     3952.2600     -779.3780
        83.9247                 11.1597             299.4           3301.4110     3918.7800     -617.3690
        83.9766                 11.1666             292.0           3262.6824     3848.9400     -586.2576
        84.0284                 11.1736             303.3           3373.9679     3955.3200     -581.3521
        84.0802                 11.1805             294.2           3276.8031     3869.2800     -592.4769
        84.1320                 11.1874             278.9           3275.3873     3724.9200     -449.5327
        84.1837                 11.1943             317.5           3405.0678     4089.9600     -684.8922
        84.2356                 11.2013             299.2           3219.1475     3917.3400     -698.1925
        84.2500                 11.2032             300.0           2987.5607     3924.5400     -936.9793
        84.3019                 11.2101             312.7           3255.2925     4044.6000     -789.3075
        84.3539                 11.2171             324.1           3287.3952     4152.2400     -864.8448
        84.4060                 11.2240             297.6           2981.2855     3901.5000     -920.2145
        84.4579                 11.2309             297.1           3103.5259     3896.8200     -793.2941
        84.5099                 11.2378             307.1           3349.6368     3991.6800     -642.0432
        84.5618                 11.2448             295.0           3142.1602     3877.0200     -734.8598
        84.6137                 11.2517             306.5           3190.5739     3986.2800     -795.7061
        84.6656                 11.2586             318.6           3388.0568     4099.8600     -711.8032
        84.7177                 11.2655             293.3           3153.2309     3861.5400     -708.3091
        84.7696                 11.2725             315.6           3304.5165     4071.6000     -767.0835
        84.8216                 11.2794             304.3           3238.7682     3965.4000     -726.6318
        84.8735                 11.2863             304.9           3349.2441     3970.9800     -621.7359
        84.9255                 11.2933             308.1           3335.0241     4001.0400     -666.0159
        84.9775                 11.3002             311.8           3509.7372     4035.6000     -525.8628
        85.0294                 11.3071             308.8           3588.1247     4007.7000     -419.5753
        85.0813                 11.3140             302.0           3315.8905     3943.2600     -627.3695
        85.1332                 11.3210             304.7           3269.8796     3969.1800     -699.3004
        85.1851                 11.3279             291.4           3227.3115     3843.3600     -616.0485
        85.2370                 11.3348             303.7           3281.7240     3959.2800     -677.5560
        85.2500                 11.3366             294.1           3238.7886     3868.7400     -629.9514
        85.3018                 11.3435             304.0           3448.6698     3961.8000     -513.1302
        85.3538                 11.3504             309.9           3595.2875     4017.9600     -422.6725
        85.4058                 11.3573             319.4           3478.4240     4107.7800     -629.3560
        85.4578                 11.3643             300.7           3353.6260     3931.0200     -577.3940
        85.5096                 11.3712             310.8           3435.1131     4026.6000     -591.4869
        85.5616                 11.3781             313.5           3212.9136     4051.4400     -838.5264
        85.6136                 11.3851             309.8           3115.9639     4016.5200     -900.5561
        85.6656                 11.3920             295.1           3283.2442     3878.6400     -595.3958
        85.7175                 11.3989             300.9           3202.0218     3933.1800     -731.1582
        85.7695                 11.4058             308.3           3322.0142     4002.6600     -680.6458
        85.8214                 11.4128             303.9           3385.4105     3961.4400     -576.0295
        85.8733                 11.4197             318.4           3516.6771     4098.0600     -581.3829
        85.9253                 11.4266             320.6           3641.2126     4118.7600     -477.5474
        85.9771                 11.4335             304.7           3424.5721     3969.0000     -544.4279
        86.0290                 11.4405             288.4           3091.5503     3815.1000     -723.5497
        86.0809                 11.4474             311.7           3211.8435     4035.2400     -823.3965
        86.1328                 11.4543             306.1           3251.1282     3981.9600     -730.8318
        86.1848                 11.4613             297.8           3208.0932     3903.3000     -695.2068
        86.2368                 11.4682             306.7           3526.3956     3988.0800     -461.6844
        86.2500                 11.4699             311.5           3600.0589     4033.2600     -433.2011
        86.3019                 11.4769             293.3           3123.9424     3861.7200     -737.7776
        86.3538                 11.4838             310.4           3308.4724     4022.2800     -713.8076
        86.4058                 11.4907             310.3           3392.8129     4021.3800     -628.5671
        86.4579                 11.4977             319.0           3488.5905     4104.1800     -615.5895
        86.5097                 11.5046             307.0           3386.7207     3990.2400     -603.5193
        86.5615                 11.5115             324.1           3444.8704     4151.5200     -706.6496
        86.6136                 11.5184             302.2           3437.7812     3945.0600     -507.2788
        86.6656                 11.5254             297.9           3424.7660     3904.5600     -479.7940
        86.7174                 11.5323             306.2           3291.8748     3982.6800     -690.8052
        86.7694                 11.5392             310.3           3409.4211     4021.5600     -612.1389
        86.8215                 11.5462             319.4           3529.1689     4107.4200     -578.2511
        86.8734                 11.5531             307.7           3304.0724     3997.0800     -693.0076
        86.9254                 11.5600             291.8           2938.2033     3847.5000     -909.2967
        86.9773                 11.5669             321.2           3540.4887     4124.1600     -583.6713
        87.0294                 11.5739             316.4           3533.8565     4079.1600     -545.3035
        87.0813                 11.5808             315.6           3553.0181     4071.4200     -518.4019
        87.1332                 11.5877             303.6           3135.7057     3958.9200     -823.2143
        87.1851                 11.5946             306.1           3149.2558     3981.9600     -832.7042
        87.2370                 11.6016             306.9           3190.5051     3990.0600     -799.5549
        87.2500                 11.6033             311.2           3282.9027     4030.5600     -747.6573
        87.3020                 11.6102             299.8           3134.7593     3922.9200     -788.1607
        87.3539                 11.6172             293.7           3047.9052     3865.3200     -817.4148
        87.4060                 11.6241             299.7           3343.4759     3921.3000     -577.8241
        87.4580                 11.6310             305.3           3307.6315     3974.4000     -666.7685
        87.5099                 11.6379             293.7           3358.4615     3864.9600     -506.4985
        87.5619                 11.6449             298.6           3266.7412     3911.0400     -644.2988
        87.6138                 11.6518             317.0           3638.5417     4085.2800     -446.7383
        87.6658                 11.6587             300.5           3193.6726     3929.4000     -735.7274
        87.7177                 11.6657             285.7           3157.2225     3789.1800     -631.9575
        87.7695                 11.6726             308.5           3260.7356     4005.0000     -744.2644
        87.8214                 11.6795             288.7           2978.9689     3818.1600     -839.1911
        87.8733                 11.6864             303.5           3326.0068     3957.1200     -631.1132
        87.9253                 11.6934             322.7           3492.6191     4138.9200     -646.3009
        87.9772                 11.7003             311.1           3396.2035     4028.9400     -632.7365
        88.0291                 11.7072             307.2           3545.4876     3992.2200     -446.7324
        88.0810                 11.7141             323.5           3630.3463     4145.9400     -515.5937
        88.1329                 11.7211             277.1           3330.5614     3708.3600     -377.7986
        88.1849                 11.7280             286.5           3097.5158     3797.4600     -699.9442
        88.2367                 11.7349             314.0           3278.5711     4057.0200     -778.4489
        88.2500                 11.7367             315.3           3456.5269     4069.2600     -612.7331
        88.3018                 11.7436             294.6           3506.5491     3873.6000     -367.0509
        88.3538                 11.7506             319.0           3635.3707     4104.0000     -468.6293
        88.4058                 11.7575             315.1           3418.7240     4067.2800     -648.5560
        88.4579                 11.7644             310.1           3280.4107     4019.4000     -738.9893
        88.5098                 11.7713             306.2           3509.2862     3983.2200     -473.9338
        88.5618                 11.7783             302.7           3197.4978     3949.9200     -752.4222
        88.6138                 11.7852             292.2           3271.5929     3850.7400     -579.1471
        88.6658                 11.7921             307.6           3343.9014     3996.1800     -652.2786
        88.7176                 11.7991             307.9           3384.3529     3998.7000     -614.3471
        88.7695                 11.8060             309.3           3541.2709     4012.2000     -470.9291
        88.8215                 11.8129             323.5           3567.7475     4146.3000     -578.5525
        88.8735                 11.8198             306.5           3513.4327     3985.3800     -471.9473
        88.9254                 11.8268             312.5           3353.8840     4042.6200     -688.7360
        88.9774                 11.8337             310.0           3245.1283     4019.0400     -773.9117
        89.0293                 11.8406             311.7           3253.1405     4034.8800     -781.7395
        89.0813                 11.8475             298.2           3430.1480     3907.2600     -477.1120
        89.1331                 11.8545             294.2           3490.0753     3869.6400     -379.5647
        89.1851                 11.8614             297.5           3165.5155     3901.3200     -735.8045
        89.2370                 11.8683             309.6           3279.3452     4014.9000     -735.5548
        89.2500                 11.8701             304.4           3436.8702     3965.9400     -529.0698
        89.3018                 11.8770             335.1           3746.8313     4255.3800     -508.5487
        89.3536                 11.8839             322.6           3692.0705     4137.4800     -445.4095
        89.4056                 11.8908             299.6           3359.4937     3920.5800     -561.0863
        89.4577                 11.8978             318.7           3275.4108     4100.5800     -825.1692
        89.5096                 11.9047             312.2           3503.5119     4040.1000     -536.5881
        89.5615                 11.9116             291.3           3138.3795     3842.6400     -704.2605
        89.6136                 11.9186             294.0           3140.9845     3868.2000     -727.2155
        89.6656                 11.9255             306.1           3470.0799     3982.3200     -512.2401
        89.7174                 11.9324             296.3           3094.0146     3889.8000     -795.7854
        89.7694                 11.9393             308.9           3105.1875     4008.9600     -903.7725
        89.8213                 11.9463             316.7           3438.7815     4081.6800     -642.8985
        89.8733                 11.9532             297.6           3458.4771     3902.2200     -443.7429
        89.9253                 11.9601             290.5           3037.8702     3835.0800     -797.2098
        89.9773                 11.9670             313.6           3425.4194     4052.5200     -627.1006
        90.0293                 11.9740             304.3           3347.3208     3964.8600     -617.5392
        90.0813                 11.9809             292.9           3347.9104     3857.7600     -509.8496
        90.1332                 11.9878             316.0           3455.1379     4075.2000     -620.0621
        90.1853                 11.9948             295.6           3150.6060     3882.6000     -731.9940
        90.2372                 12.0017             306.0           3285.5755     3981.2400     -695.6645
        90.2500                 12.0034             291.3           3143.3925     3841.9200     -698.5275
        90.3019                 12.0103             290.8           3388.1451     3837.4200     -449.2749
        90.3538                 12.0172             309.5           3475.6613     4014.3600     -538.6987
        90.4058                 12.0242             313.5           3397.1582     4051.8000     -654.6418
        90.4577                 12.0311             318.3           3506.0859     4097.1600     -591.0741
        90.5097                 12.0380             292.8           3345.5696     3856.8600     -511.2904
        90.5616                 12.0450             288.5           3137.1190     3815.8200     -678.7010
        90.6134                 12.0519             301.5           3270.7306     3938.4000     -667.6694
        90.6654                 12.0588             299.9           3383.3540     3923.4600     -540.1060
        90.7173                 12.0657             313.0           3553.2092     4047.6600     -494.4508
        90.7693                 12.0727             309.4           3282.1823     4013.4600     -731.2777
        90.8214                 12.0796             318.3           3254.4868     4097.1600     -842.6732
        90.8734                 12.0865             312.6           3214.2657     4043.1600     -828.8943
        90.9254                 12.0934             282.3           2886.8617     3757.3200     -870.4583
        90.9777                 12.1004             273.2           2994.1417     3671.1000     -676.9583
        91.0296                 12.1073             305.1           3126.9106     3972.4200     -845.5094
        91.0817                 12.1142             297.5           3202.4427     3901.1400     -698.6973
        91.1337                 12.1212             306.6           3375.9605     3986.8200     -610.8595
        91.1856                 12.1281             312.1           3454.1697     4039.0200     -584.8503
        91.2377                 12.1350             304.7           3438.0518     3969.1800     -531.1282
        91.2500                 12.1367             308.6           3286.7206     4005.3600     -718.6394
        91.3019                 12.1436             312.3           3225.1678     4040.6400     -815.4722
        91.3539                 12.1505             287.3           3094.0638     3804.4800     -710.4162
        91.4059                 12.1574             300.7           3253.6502     3931.0200     -677.3698
        91.4579                 12.1644             329.0           3539.9887     4197.7800     -657.7913
        91.5098                 12.1713             296.9           3529.9422     3895.0200     -365.0778
        91.5616                 12.1782             314.0           3190.3964     4056.8400     -866.4436
        91.6136                 12.1852             299.4           3328.2480     3918.7800     -590.5320
        91.6656                 12.1921             295.5           3140.6836     3882.2400     -741.5564
        91.7176                 12.1990             305.9           3393.5423     3979.9800     -586.4377
        91.7696                 12.2059             315.3           3377.5527     4068.7200     -691.1673
        91.8216                 12.2129             306.8           3561.2605     3988.8000     -427.5395
        91.8734                 12.2198             313.9           3209.8924     4055.9400     -846.0476
        91.9254                 12.2267             301.6           3316.5339     3939.4800     -622.9461
        91.9772                 12.2336             311.7           3402.7781     4034.5200     -631.7419
        92.0291                 12.2406             317.0           3558.4666     4084.9200     -526.4534
        92.0809                 12.2475             315.9           3526.4322     4074.6600     -548.2278
        92.1328                 12.2544             306.0           3213.2079     3981.4200     -768.2121
        92.1848                 12.2614             327.4           3531.4192     4183.0200     -651.6008
        92.2367                 12.2683             312.9           3592.1037     4045.8600     -453.7563
        92.2500                 12.2701             318.1           3490.6066     4095.3600     -604.7534
        92.3019                 12.2770             315.0           3670.7720     4066.2000     -395.4280
        92.3537                 12.2839             308.2           3413.2424     4002.3000     -589.0576
        92.4055                 12.2908             321.0           3590.7623     4122.9000     -532.1377
        92.4574                 12.2978             310.6           3257.7744     4024.4400     -766.6656
        92.5094                 12.3047             299.9           3376.3697     3923.2800     -546.9103
        92.5613                 12.3116             310.2           3482.7134     4021.0200     -538.3066
        92.6132                 12.3186             303.6           3381.6683     3958.9200     -577.2517
        92.6649                 12.3255             299.5           3335.9518     3919.5000     -583.5482
        92.7168                 12.3324             299.6           3372.6167     3920.5800     -547.9633
        92.7686                 12.3393             310.0           3351.2204     4019.0400     -667.8196
        92.8205                 12.3463             304.1           3345.7370     3963.0600     -617.3230
        92.8723                 12.3532             304.2           3513.8761     3963.7800     -449.9039
        92.9242                 12.3601             302.9           3456.2903     3951.9000     -495.6097
        92.9762                 12.3670             296.7           3352.5585     3893.4000     -540.8415
        93.0281                 12.3740             308.4           3451.0168     4003.5600     -552.5432
        93.0801                 12.3809             315.9           3324.7440     4074.6600     -749.9160
        93.1320                 12.3878             314.4           3451.1413     4060.8000     -609.6587
        93.1840                 12.3948             308.7           3571.2671     4006.4400     -435.1729
        93.2359                 12.4017             310.0           3389.5556     4019.0400     -629.4844
        93.2500                 12.4036             300.0           3365.7103     3924.3600     -558.6497
        93.3021                 12.4105             304.0           3204.5350     3962.3400     -757.8050
        93.3540                 12.4174             317.7           3274.8084     4091.2200     -816.4116
        93.4060                 12.4243             322.4           3391.1985     4136.2200     -745.0215
        93.4580                 12.4313             300.9           3216.0470     3932.8200     -716.7730
        93.5099                 12.4382             290.6           3174.7234     3835.8000     -661.0766
        93.5618                 12.4451             309.8           3268.0352     4017.0600     -749.0248
        93.6137                 12.4521             309.4           3503.8000     4013.4600     -509.6600
        93.6656                 12.4590             287.1           3125.1783     3802.6800     -677.5017
        93.7176                 12.4659             308.5           3290.1396     4004.2800     -714.1404
        93.7695                 12.4728             321.3           3445.7986     4125.6000     -679.8014
        93.8214                 12.4798             318.6           3330.1854     4099.8600     -769.6746
        93.8735                 12.4867             305.9           3295.1584     3980.3400     -685.1816
        93.9254                 12.4936             313.2           3282.5691     4049.2800     -766.7109
        93.9773                 12.5005             308.2           3371.0473     4002.3000     -631.2527
        94.0293                 12.5075             323.3           3470.8697     4144.8600     -673.9903
        94.0813                 12.5144             313.4           3540.0828     4051.0800     -510.9972
        94.1333                 12.5213             302.3           3145.6687     3946.1400     -800.4713
        94.1853                 12.5283             308.9           3255.0756     4008.7800     -753.7044
        94.2372                 12.5352             313.0           3332.9823     4047.6600     -714.6777
        94.2500                 12.5369             298.5           3110.2110     3910.3200     -800.1090
        94.3020                 12.5438             295.8           3095.0702     3885.3000     -790.2298
        94.3541                 12.5508             304.5           3180.7701     3967.0200     -786.2499
        94.4061                 12.5577             310.6           3303.7269     4024.6200     -720.8931
        94.4582                 12.5646             306.8           3234.5123     3988.4400     -753.9277
        94.5100                 12.5715             300.9           3321.3405     3933.0000     -611.6595
        94.5618                 12.5785             293.3           3266.8738     3860.8200     -593.9462
        94.6138                 12.5854             294.0           3223.1853     3867.6600     -644.4747
        94.6657                 12.5923             323.7           3337.9446     4148.1000     -810.1554
        94.7175                 12.5993             305.1           3180.7241     3972.9600     -792.2359
        94.7693                 12.6062             319.7           3500.6346     4110.4800     -609.8454
        94.8214                 12.6131             284.4           3012.6165     3776.9400     -764.3235
        94.8733                 12.6200             320.9           3314.3679     4121.6400     -807.2721
        94.9254                 12.6270             284.8           3312.7789     3780.7200     -467.9411
        94.9773                 12.6339             310.2           3373.6104     4020.6600     -647.0496
        95.0291                 12.6408             298.2           3322.7618     3907.4400     -584.6782
        95.0810                 12.6477             326.0           3429.9052     4170.2400     -740.3348
        95.1330                 12.6547             304.3           3299.6302     3965.4000     -665.7698
        95.1848                 12.6616             315.4           3605.7970     4069.9800     -464.1830
        95.2368                 12.6685             323.7           3497.4013     4147.9200     -650.5187
        95.2500                 12.6703             303.2           3248.2198     3954.7800     -706.5602
        95.3019                 12.6772             302.0           3275.2713     3943.4400     -668.1687
        95.3538                 12.6842             293.3           3119.8151     3861.3600     -741.5449
        95.4058                 12.6911             300.3           3133.2872     3927.7800     -794.4928
        95.4577                 12.6980             304.2           3192.7485     3964.3200     -771.5715
        95.5097                 12.7049             316.0           3299.2354     4075.3800     -776.1446
        95.5617                 12.7119             309.0           3255.9169     4009.5000     -753.5831
        95.6138                 12.7188             309.1           3248.7721     4010.5800     -761.8079
        95.6660                 12.7257             303.2           3123.5743     3955.1400     -831.5657
        95.7180                 12.7326             324.8           3431.0012     4158.1800     -727.1788
        95.7699                 12.7396             322.1           3448.8557     4133.5200     -684.6643
        95.8217                 12.7465             312.4           3290.5076     4041.1800     -750.6724
        95.8736                 12.7534             307.9           3400.7795     3998.8800     -598.1005
        95.9257                 12.7604             311.5           3527.3680     4033.0800     -505.7120
        95.9776                 12.7673             308.0           3435.5550     3999.9600     -564.4050
        96.0296                 12.7742             307.5           3213.7712     3995.6400     -781.8688
        96.0816                 12.7811             294.5           2964.8457     3872.5200     -907.6743
        96.1336                 12.7881             311.8           3480.9959     4035.6000     -554.6041
        96.1857                 12.7950             298.7           3273.3509     3912.4800     -639.1291
        96.2377                 12.8019             301.3           3262.1516     3936.7800     -674.6284
        96.2500                 12.8036             297.5           3163.1687     3900.7800     -737.6113
        96.3019                 12.8105             300.6           3289.6188     3930.3000     -640.6812
        96.3538                 12.8174             326.2           3570.3396     4171.8600     -601.5204
        96.4057                 12.8244             315.4           3397.7710     4069.4400     -671.6690
        96.4577                 12.8313             314.4           3065.3584     4060.2600     -994.9016
        96.5098                 12.8382             301.6           2958.1873     3939.1200     -980.9327
        96.5618                 12.8451             294.6           2912.5647     3873.0600     -960.4953
        96.6137                 12.8521             309.1           2975.0162     4010.5800    -1035.5638
        96.6657                 12.8590             309.0           3078.3725     4009.5000     -931.1275
        96.7177                 12.8659             310.0           3000.6277     4018.8600    -1018.2323
        96.7697                 12.8728             309.9           2934.5007     4018.3200    -1083.8193
        96.8216                 12.8798             297.6           2960.3855     3901.5000     -941.1145
        96.8735                 12.8867             297.0           2908.6213     3896.1000     -987.4787
        96.9253                 12.8936             314.2           3067.7474     4058.8200     -991.0726
        96.9773                 12.9006             317.9           3065.0663     4093.0200    -1027.9537
        97.0293                 12.9075             308.5           3037.6585     4004.6400     -966.9815
        97.0813                 12.9144             325.1           3278.9701     4161.6000     -882.6299
        97.1333                 12.9213             323.6           3382.7524     4147.3800     -764.6276
        97.1852                 12.9283             313.2           3251.7363     4049.1000     -797.3637
        97.2372                 12.9352             321.9           3231.4364     4131.1800     -899.7436
        97.2500                 12.9369             300.9           3231.8542     3933.1800     -701.3258
        97.3019                 12.9438             291.1           3021.3602     3840.8400     -819.4798
        97.3539                 12.9508             316.2           3241.5200     4077.0000     -835.4800
        97.4059                 12.9577             293.5           3353.5201     3862.8000     -509.2799
        97.4579                 12.9646             301.8           3456.6584     3941.6400     -484.9816
        97.5098                 12.9715             311.6           3252.9242     4034.3400     -781.4158
        97.5618                 12.9785             298.2           3292.5377     3907.8000     -615.2623
        97.6136                 12.9854             308.7           3203.4510     4006.8000     -803.3490
        97.6655                 12.9923             307.3           3238.9465     3993.8400     -754.8935
        97.7173                 12.9992             285.4           3296.8047     3786.4800     -489.6753
        97.7692                 13.0062             312.3           3329.1256     4040.2800     -711.1544
        97.8211                 13.0131             319.1           3512.0108     4104.5400     -592.5292
        97.8730                 13.0200             305.3           3318.3020     3974.4000     -656.0980
        97.9250                 13.0270             294.1           3122.4908     3868.3800     -745.8892
        97.9768                 13.0339             313.0           3449.3271     4047.3000     -597.9729
        98.0285                 13.0408             286.9           3122.1305     3801.0600     -678.9295
        98.0805                 13.0477             313.1           3129.6067     4047.8400     -918.2333
        98.1324                 13.0547             291.3           3321.7193     3842.4600     -520.7407
        98.1845                 13.0616             305.2           3215.9487     3973.1400     -757.1913
        98.2364                 13.0685             334.0           3690.5045     4244.9400     -554.4355
        98.2500                 13.0703             294.9           3145.4726     3875.9400     -730.4674
        98.3020                 13.0773             305.7           3269.0721     3978.3600     -709.2879
        98.3539                 13.0842             320.5           3557.4253     4117.8600     -560.4347
        98.4059                 13.0911             312.7           3487.1768     4044.7800     -557.6032
        98.4578                 13.0980             300.8           3286.3494     3932.1000     -645.7506
        98.5096                 13.1050             307.0           3392.2959     3990.2400     -597.9441
        98.5616                 13.1119             299.8           3197.0771     3922.3800     -725.3029
        98.6136                 13.1188             319.0           3479.4960     4104.0000     -624.5040
        98.6655                 13.1258             309.8           3310.5808     4016.8800     -706.2992
        98.7176                 13.1327             298.4           3247.4972     3909.2400     -661.7428
        98.7695                 13.1396             305.4           3216.8979     3975.3000     -758.4021
        98.8215                 13.1465             317.5           3226.6409     4089.2400     -862.5991
        98.8735                 13.1535             300.4           3064.3025     3928.1400     -863.8375
        98.9256                 13.1604             308.3           3254.3437     4003.0200     -748.6763
        98.9775                 13.1673             291.8           3381.4935     3847.5000     -466.0065
        99.0294                 13.1743             310.8           3474.1780     4026.7800     -552.6020
        99.0814                 13.1812             304.6           3291.2029     3968.1000     -676.8971
        99.1333                 13.1881             318.0           3511.6591     4094.6400     -582.9809
        99.1852                 13.1950             298.6           3388.5819     3911.4000     -522.8181
        99.2371                 13.2020             285.8           3034.2707     3790.6200     -756.3493
        99.2500                 13.2037             316.8           3267.3660     4083.4800     -816.1140
        99.3021                 13.2106             299.6           3265.0724     3921.1200     -656.0476
        99.3540                 13.2175             305.2           3552.4679     3973.5000     -421.0321
        99.4060                 13.2245             320.4           3282.6469     4117.5000     -834.8531
        99.4580                 13.2314             310.1           3247.3640     4019.4000     -772.0360
        99.5100                 13.2383             302.3           3067.6284     3946.3200     -878.6916
        99.5619                 13.2452             304.8           3206.6229     3969.3600     -762.7371
        99.6138                 13.2522             314.0           3348.3753     4056.3000     -707.9247
        99.6659                 13.2591             293.3           3230.1832     3861.1800     -630.9968
        99.7178                 13.2660             319.6           3207.7548     4109.2200     -901.4652
        99.7698                 13.2729             307.0           3338.2949     3990.2400     -651.9451
        99.8218                 13.2799             309.1           3470.8149     4010.4000     -539.5851
        99.8736                 13.2868             323.2           3320.8197     4143.4200     -822.6003
        99.9256                 13.2937             298.9           3320.4901     3914.2800     -593.7899
        99.9774                 13.3007             303.0           3148.2432     3952.8000     -804.5568
       100.0292                 13.3076             308.7           3387.2618     4006.4400     -619.1782
       100.0809                 13.3145             300.1           3133.2679     3925.2600     -791.9921
       100.1329                 13.3214             316.8           3405.6096     4083.3000     -677.6904
       100.1850                 13.3284             304.6           3242.3193     3968.2800     -725.9607
       100.2370                 13.3353             307.0           3304.0235     3990.9600     -686.9365
       100.2500                 13.3370             310.4           3431.5904     4022.8200     -591.2296
       100.3020                 13.3440             323.2           3417.0409     4143.6000     -726.5591
       100.3541                 13.3509             293.9           2835.3309     3867.1200    -1031.7891
       100.4060                 13.3578             291.5           3019.2401     3844.0800     -824.8399
       100.4579                 13.3647             300.6           3430.5650     3929.9400     -499.3750
       100.5099                 13.3717             321.3           3418.9258     4125.4200     -706.4942
       100.5618                 13.3786             308.8           3340.9830     4007.1600     -666.1770
       100.6137                 13.3855             307.0           3367.0527     3990.6000     -623.5473
       100.6657                 13.3924             308.9           3252.8345     4008.4200     -755.5855
       100.7177                 13.3994             293.5           3016.0538     3862.9800     -846.9262
       100.7696                 13.4063             305.7           3198.8541     3978.7200     -779.8659
       100.8214                 13.4132             294.8           3476.9267     3875.2200     -398.2933
       100.8732                 13.4202             316.5           3359.5378     4080.6000     -721.0622
       100.9253                 13.4271             319.7           3469.4505     4110.1200     -640.6695
       100.9773                 13.4340             312.4           3376.0118     4041.7200     -665.7082
       101.0293                 13.4409             305.5           3299.6348     3976.2000     -676.5652
       101.0813                 13.4479             314.0           3554.3648     4056.3000     -501.9352
       101.1331                 13.4548             301.9           3427.3909     3942.7200     -515.3291
       101.1850                 13.4617             297.3           3472.6550     3899.3400     -426.6850
       101.2370                 13.4687             310.1           3355.2628     4020.1200     -664.8572
       101.2500                 13.4704             304.5           3380.9907     3966.8400     -585.8493
       101.3019                 13.4773             329.3           3684.1054     4201.0200     -516.9146
       101.3538                 13.4842             313.0           3611.0554     4047.3000     -436.2446
       101.4059                 13.4912             307.4           3463.3009     3994.0200     -530.7191
       101.4578                 13.4981             317.6           3492.2298     4090.8600     -598.6302
       101.5098                 13.5050             314.4           3396.2848     4060.8000     -664.5152
       101.5617                 13.5120             314.2           3330.0272     4058.1000     -728.0728
       101.6138                 13.5189             307.7           3233.9579     3996.9000     -762.9421
       101.6658                 13.5258             307.1           3157.5299     3991.5000     -833.9701
       101.7177                 13.5327             315.8           3533.8030     4073.7600     -539.9570
       101.7696                 13.5397             300.0           3351.7183     3924.3600     -572.6417
       101.8215                 13.5466             297.3           3232.9566     3898.9800     -666.0234
       101.8733                 13.5535             299.6           3353.7945     3920.5800     -566.7855
       101.9253                 13.5604             295.8           3255.6291     3884.7600     -629.1309
       101.9773                 13.5674             318.4           3426.8208     4098.4200     -671.5992
       102.0293                 13.5743             309.7           3512.7875     4016.1600     -503.3725
       102.0814                 13.5812             312.1           3557.2484     4038.3000     -481.0516
       102.1333                 13.5882             301.1           3314.2047     3935.3400     -621.1353
       102.1853                 13.5951             295.4           3278.0094     3880.6200     -602.6106
       102.2373                 13.6020             319.5           3423.4077     4108.5000     -685.0923
       102.2500                 13.6037             320.2           3568.5948     4114.8000     -546.2052
       102.3019                 13.6106             302.1           3298.0756     3944.3400     -646.2644
       102.3540                 13.6176             302.3           3303.5756     3946.5000     -642.9244
       102.4059                 13.6245             312.9           3534.9370     4046.2200     -511.2830
       102.4580                 13.6314             289.7           3035.1036     3827.3400     -792.2364
       102.5100                 13.6384             317.9           3580.5220     4093.0200     -512.4980
       102.5619                 13.6453             314.8           3219.9118     4063.8600     -843.9482
       102.6140                 13.6522             305.3           3381.5363     3974.4000     -592.8637
       102.6660                 13.6591             309.8           3192.7505     4016.8800     -824.1295
       102.7178                 13.6661             302.6           3019.5688     3948.8400     -929.2712
       102.7699                 13.6730             303.6           3310.6887     3958.5600     -647.8713
       102.8218                 13.6799             298.0           3264.1809     3905.2800     -641.0991
       102.8739                 13.6868             288.8           3344.7728     3819.0600     -474.2872
       102.9260                 13.6938             323.5           3480.5471     4146.1200     -665.5729
       102.9780                 13.7007             310.1           3510.2130     4020.1200     -509.9070
       103.0298                 13.7076             295.5           3436.3180     3881.8800     -445.5620
       103.0817                 13.7146             292.2           3059.5508     3851.1000     -791.5492
       103.1337                 13.7215             296.4           3260.5966     3890.8800     -630.2834
       103.1855                 13.7284             310.0           3373.2719     4019.2200     -645.9481
       103.2375                 13.7353             308.8           3328.8751     4007.3400     -678.4649
       103.2500                 13.7370             290.4           3205.6697     3834.0000     -628.3303
       103.3019                 13.7439             312.3           3289.7845     4040.8200     -751.0355
       103.3538                 13.7509             307.5           3341.7529     3995.2800     -653.5271
       103.4057                 13.7578             289.5           3315.0024     3825.1800     -510.1776
       103.4578                 13.7647             336.1           3674.6000     4265.2800     -590.6800
       103.5098                 13.7716             322.5           3454.9538     4136.4000     -681.4462
       103.5617                 13.7786             312.0           3453.4348     4038.1200     -584.6852
       103.6138                 13.7855             291.4           3207.5655     3843.1800     -635.6145
       103.6657                 13.7924             312.9           3327.6501     4046.0400     -718.3899
       103.7177                 13.7994             321.3           3707.3499     4125.2400     -417.8901
       103.7697                 13.8063             315.1           3539.5956     4067.2800     -527.6844
       103.8217                 13.8132             315.0           3563.0178     4066.2000     -503.1822
       103.8737                 13.8201             306.2           3243.4864     3982.6800     -739.1936
       103.9255                 13.8271             305.7           3611.1476     3978.7200     -367.5724
       103.9776                 13.8340             295.0           2973.2584     3877.0200     -903.7616
       104.0296                 13.8409             301.9           3283.6444     3942.1800     -658.5356
       104.0816                 13.8479             309.5           3136.1531     4014.0000     -877.8469
       104.1335                 13.8548             309.5           3253.7876     4014.5400     -760.7524
       104.1855                 13.8617             298.9           3287.7396     3914.2800     -626.5404
       104.2375                 13.8686             320.4           3555.5530     4116.7800     -561.2270
       104.2500                 13.8703             308.0           3373.7211     4000.1400     -626.4189
       104.3018                 13.8772             314.3           3569.9322     4059.7200     -489.7878
       104.3537                 13.8842             311.4           3093.7206     4032.0000     -938.2794
       104.4058                 13.8911             310.4           3239.7204     4023.0000     -783.2796
       104.4576                 13.8980             306.3           3390.6265     3983.9400     -593.3135
       104.5095                 13.9049             324.1           3609.5977     4152.0600     -542.4623
       104.5614                 13.9119             292.1           3141.8402     3849.4800     -707.6398
       104.6132                 13.9188             308.6           3347.5949     4005.7200     -658.1251
       104.6651                 13.9257             303.4           3341.6685     3956.4000     -614.7315
       104.7169                 13.9327             290.9           3411.6968     3838.3200     -426.6232
       104.7688                 13.9396             318.1           3404.3851     4095.1800     -690.7949
       104.8208                 13.9465             303.4           3276.3688     3956.4000     -680.0312
       104.8727                 13.9534             303.3           3375.3355     3955.6800     -580.3445
       104.9248                 13.9604             318.4           3377.7871     4098.0600     -720.2729
       104.9767                 13.9673             310.8           3502.9302     4026.4200     -523.4898
       105.0287                 13.9742             321.7           3641.7397     4129.7400     -488.0003
       105.0806                 13.9812             293.7           3180.8618     3864.6000     -683.7382
       105.1326                 13.9881             318.8           3256.1647     4101.4800     -845.3153
       105.1845                 13.9950             326.6           3528.8191     4175.6400     -646.8209
       105.2366                 14.0019             306.9           3132.6153     3989.7000     -857.0847
       105.2500                 14.0037             313.9           3337.5661     4055.2200     -717.6539
       105.3019                 14.0106             299.2           3170.5035     3917.3400     -746.8365
       105.3539                 14.0176             315.6           3267.5993     4071.6000     -804.0007
       105.4058                 14.0245             305.8           3417.2387     3979.2600     -562.0213
       105.4579                 14.0314             311.6           3512.3875     4034.1600     -521.7725
       105.5098                 14.0384             308.7           3405.0619     4006.4400     -601.3781
       105.5616                 14.0453             305.3           3533.4636     3974.5800     -441.1164
       105.6135                 14.0522             316.9           3619.1053     4084.0200     -464.9147
       105.6656                 14.0591             314.8           3371.5492     4063.8600     -692.3108
       105.7174                 14.0661             312.9           3313.5515     4046.5800     -733.0285
       105.7694                 14.0730             299.8           3093.5325     3922.9200     -829.3875
       105.8213                 14.0799             300.0           3263.3466     3924.1800     -660.8334
       105.8734                 14.0869             322.4           3533.7859     4136.2200     -602.4341
       105.9252                 14.0938             301.2           3454.3519     3936.2400     -481.8881
       105.9768                 14.1007             318.9           3604.2370     4102.7400     -498.5030
       106.0287                 14.1076             302.3           3269.1279     3946.5000     -677.3721
       106.0808                 14.1146             311.4           3503.7280     4031.6400     -527.9120
       106.1326                 14.1215             318.2           3522.8284     4096.0800     -573.2516
       106.1845                 14.1284             324.3           3618.9731     4154.2200     -535.2469
       106.2363                 14.1353             300.1           3492.8387     3925.4400     -432.6013
       106.2500                 14.1372             317.7           3371.0268     4091.5800     -720.5532
       106.3021                 14.1441             304.2           3289.4968     3963.7800     -674.2832
       106.3541                 14.1510             316.1           3284.5687     4076.2800     -791.7113
       106.4060                 14.1579             310.7           3355.4609     4025.5200     -670.0591
       106.4579                 14.1649             310.2           3322.9742     4020.4800     -697.5058
       106.5098                 14.1718             307.3           3451.7486     3993.4800     -541.7314
       106.5618                 14.1787             323.8           3501.0409     4148.8200     -647.7791
       106.6138                 14.1857             301.8           3381.5741     3941.4600     -559.8859
       106.6656                 14.1926             310.4           3575.8939     4022.8200     -446.9261
       106.7177                 14.1995             311.1           3201.5518     4029.4800     -827.9282
       106.7696                 14.2064             302.1           3314.5513     3944.5200     -629.9687
       106.8218                 14.2134             331.1           3538.9169     4217.5800     -678.6631
       106.8737                 14.2203             300.5           3288.7346     3929.5800     -640.8454
       106.9258                 14.2272             314.9           3611.6059     4064.9400     -453.3341
       106.9776                 14.2342             319.7           3553.6838     4110.8400     -557.1562
       107.0297                 14.2411             288.2           3337.6071     3812.7600     -475.1529
       107.0815                 14.2480             304.6           3408.2804     3968.1000     -559.8196
       107.1334                 14.2549             322.4           3582.7277     4136.0400     -553.3123
       107.1852                 14.2619             325.6           3413.4691     4165.7400     -752.2709
       107.2372                 14.2688             288.6           3281.6161     3817.2600     -535.6439
       107.2500                 14.2705             298.9           3270.2976     3913.7400     -643.4424
       107.3020                 14.2774             314.3           3293.3762     4059.1800     -765.8038
       107.3540                 14.2844             303.2           3207.6749     3954.9600     -747.2851
       107.4060                 14.2913             316.3           3496.6420     4078.4400     -581.7980
       107.4580                 14.2982             301.6           3299.5073     3939.8400     -640.3327
       107.5101                 14.3051             289.1           2829.5823     3821.9400     -992.3577
       107.5621                 14.3121             317.1           3287.6002     4085.8200     -798.2198
       107.6140                 14.3190             314.0           3205.1955     4056.4800     -851.2845
       107.6658                 14.3259             303.8           3227.0685     3960.7200     -733.6515
       107.7177                 14.3329             311.3           3130.8879     4031.4600     -900.5721
       107.7696                 14.3398             305.4           3100.1070     3975.1200     -875.0130
       107.8215                 14.3467             304.0           3099.7911     3961.8000     -862.0089
       107.8734                 14.3536             303.6           3074.3764     3958.7400     -884.3636
       107.9254                 14.3606             300.3           3178.0186     3926.8800     -748.8614
       107.9773                 14.3675             302.0           3002.7220     3943.8000     -941.0780
       108.0294                 14.3744             310.9           3035.6681     4027.1400     -991.4719
       108.0814                 14.3813             293.3           2849.9578     3861.1800    -1011.2222
       108.1334                 14.3883             288.3           2903.3085     3813.6600     -910.3515
       108.1853                 14.3952             324.7           3228.3620     4157.4600     -929.0980
       108.2372                 14.4021             320.0           3194.1857     4113.0000     -918.8143
       108.2500                 14.4038             321.4           3314.6682     4126.3200     -811.6518
       108.3020                 14.4108             307.4           3060.0192     3994.3800     -934.3608
       108.3539                 14.4177             313.8           3058.8969     4054.3200     -995.4231
       108.4059                 14.4246             305.2           3161.4600     3973.8600     -812.4000
       108.4578                 14.4315             293.1           3181.1672     3859.0200     -677.8528
       108.5099                 14.4385             302.0           3072.4707     3943.4400     -870.9693
       108.5618                 14.4454             310.0           2978.5189     4019.2200    -1040.7011
       108.6138                 14.4523             298.7           2823.9138     3912.4800    -1088.5662
       108.6657                 14.4593             312.5           3197.9508     4042.6200     -844.6692
       108.7177                 14.4662             307.1           3104.0802     3991.3200     -887.2398
       108.7696                 14.4731             318.6           3168.3523     4100.4000     -932.0477
       108.8214                 14.4800             292.5           3118.4627     3853.4400     -734.9773
       108.8733                 14.4870             301.6           2865.0223     3940.0200    -1074.9977
       108.9254                 14.4939             316.2           3123.7498     4077.5400     -953.7902
       108.9774                 14.5008             314.4           3002.1240     4060.8000    -1058.6760
       109.0292                 14.5078             293.7           2964.2097     3864.6000     -900.3903
       109.0812                 14.5147             296.8           3146.1011     3894.6600     -748.5589
       109.1331                 14.5216             302.4           2887.8203     3947.5800    -1059.7597
       109.1851                 14.5285             314.6           3176.1214     4062.0600     -885.9386
       109.2371                 14.5355             295.7           2809.1167     3884.2200    -1075.1033
       109.2500                 14.5372             301.1           2889.1321     3935.1600    -1046.0279
       109.3021                 14.5441             314.8           3080.4512     4064.2200     -983.7688
       109.3541                 14.5510             312.6           2979.7895     4043.7000    -1063.9105
       109.4060                 14.5580             310.0           3106.9359     4019.0400     -912.1041
       109.4579                 14.5649             313.8           3222.6939     4054.3200     -831.6261
       109.5097                 14.5718             324.5           2980.4591     4155.4800    -1175.0209
       109.5616                 14.5787             300.1           2896.1054     3925.0800    -1028.9746
       109.6135                 14.5857             302.8           3016.4328     3950.8200     -934.3872
       109.6654                 14.5926             295.0           3068.5209     3877.3800     -808.8591
       109.7172                 14.5995             312.2           3228.7449     4039.7400     -810.9951
       109.7690                 14.6065             301.0           2850.2359     3933.5400    -1083.3041
       109.8209                 14.6134             298.5           2975.5968     3910.5000     -934.9032
       109.8728                 14.6203             300.1           3129.2813     3925.2600     -795.9787
       109.9247                 14.6272             304.8           2976.7240     3970.2600     -993.5360
       109.9764                 14.6342             296.2           2820.8453     3888.9000    -1068.0547
       110.0283                 14.6411             295.8           2940.6943     3884.9400     -944.2457
       110.0802                 14.6480             307.2           3011.3846     3992.2200     -980.8354
       110.1321                 14.6550             297.9           2806.3048     3904.7400    -1098.4352
       110.1839                 14.6619             310.5           2995.5865     4023.3600    -1027.7735
       110.2358                 14.6688             302.3           3067.3622     3946.5000     -879.1378
       110.2500                 14.6707             293.0           3032.0558     3858.1200     -826.0642
       110.3019                 14.6776             309.0           2926.4986     4009.8600    -1083.3614
       110.3538                 14.6846             313.8           3054.2742     4055.0400    -1000.7658
       110.4057                 14.6915             319.8           3213.7329     4111.7400     -898.0071
       110.4575                 14.6984             301.1           3193.7891     3934.9800     -741.1909
       110.5093                 14.7053             314.5           3357.1885     4061.7000     -704.5115
       110.5611                 14.7123             308.1           3199.8267     4000.6800     -800.8533
       110.6131                 14.7192             309.5           3248.7720     4013.8200     -765.0480
       110.6650                 14.7261             294.2           3192.8043     3870.1800     -677.3757
       110.7168                 14.7331             308.6           3283.8331     4006.0800     -722.2469
       110.7687                 14.7400             302.5           3028.3051     3947.7600     -919.4549
       110.8207                 14.7469             311.8           3265.9667     4035.9600     -769.9933
       110.8726                 14.7538             304.3           2925.1863     3965.0400    -1039.8537
       110.9246                 14.7608             313.7           3128.5227     4053.7800     -925.2573
       110.9767                 14.7677             301.1           2951.1703     3934.8000     -983.6297
       111.0287                 14.7746             324.1           3216.2262     4151.7000     -935.4738
       111.0806                 14.7815             300.4           2968.1021     3928.6800     -960.5779
       111.1325                 14.7885             305.9           2860.1106     3980.1600    -1120.0494
       111.1846                 14.7954             305.8           2816.8393     3979.2600    -1162.4207
       111.2366                 14.8023             293.0           2902.3603     3858.4800     -956.1197
       111.2500                 14.8041             311.4           3217.6005     4032.5400     -814.9395
       111.3018                 14.8110             312.7           3377.7299     4044.4200     -666.6901
       111.3537                 14.8180             314.2           3055.1027     4058.4600    -1003.3573
       111.4057                 14.8249             286.0           2962.5033     3792.2400     -829.7367
       111.4576                 14.8318             301.6           3039.6820     3939.3000     -899.6180
       111.5096                 14.8388             306.3           2809.3708     3983.7600    -1174.3892
       111.5615                 14.8457             306.5           2822.4927     3986.2800    -1163.7873
       111.6135                 14.8526             304.0           2776.5215     3962.1600    -1185.6385
       111.6655                 14.8595             312.5           2847.7579     4042.4400    -1194.6821
       111.7174                 14.8665             296.6           3012.3694     3892.3200     -879.9506
       111.7693                 14.8734             307.5           2737.3633     3994.9200    -1257.5567
       111.8213                 14.8803             297.9           2889.7737     3904.9200    -1015.1463
       111.8732                 14.8873             296.5           2753.5356     3891.2400    -1137.7044
       111.9252                 14.8942             314.4           2856.4530     4060.6200    -1204.1670
       111.9772                 14.9011             311.0           2907.1537     4028.7600    -1121.6063
       112.0292                 14.9080             296.4           2815.1015     3890.7000    -1075.5985
       112.0811                 14.9150             309.4           3010.1137     4013.1000    -1002.9863
       112.1331                 14.9219             318.8           3090.5258     4101.4800    -1010.9542
       112.1849                 14.9288             314.0           3153.5107     4056.4800     -902.9693
       112.2369                 14.9357             303.0           3053.3089     3953.1600     -899.8511
       112.2500                 14.9375             317.8           3160.2225     4092.4800     -932.2575
       112.3019                 14.9444             296.7           3137.0404     3893.2200     -756.1796
       112.3538                 14.9514             300.0           2951.2746     3924.3600     -973.0854
       112.4058                 14.9583             314.6           3413.5125     4062.2400     -648.7275
       112.4577                 14.9652             317.2           3365.8418     4086.5400     -720.6982
       112.5096                 14.9721             301.2           3020.0142     3935.5200     -915.5058
       112.5614                 14.9791             293.4           3218.8224     3861.9000     -643.0776
       112.6134                 14.9860             285.1           2886.3551     3784.3200     -897.9649
       112.6652                 14.9929             298.5           3162.4893     3910.1400     -747.6507
       112.7171                 14.9998             283.2           2803.9541     3766.1400     -962.1859
       112.7691                 15.0068             300.4           3084.1731     3928.6800     -844.5069
       112.8210                 15.0137             288.6           3039.8425     3816.9000     -777.0575
       112.8728                 15.0206             305.6           3168.6029     3976.9200     -808.3171
       112.9249                 15.0276             295.5           3128.3260     3881.7000     -753.3740
       112.9769                 15.0345             300.3           3033.3555     3926.8800     -893.5245
       113.0287                 15.0414             322.0           3296.4367     4132.2600     -835.8233
       113.0807                 15.0483             302.1           3050.5509     3944.7000     -894.1491
       113.1326                 15.0553             297.7           2982.7715     3902.9400     -920.1685
       113.1845                 15.0622             305.6           3012.1071     3977.2800     -965.1729
       113.2365                 15.0691             326.0           3329.1683     4170.0600     -840.8917
       113.2500                 15.0709             309.1           3085.7715     4010.2200     -924.4485
       113.3019                 15.0779             303.3           2900.1465     3955.5000    -1055.3535
       113.3538                 15.0848             280.2           2995.5645     3737.1600     -741.5955
       113.4056                 15.0917             312.9           3285.2818     4046.0400     -760.7582
       113.4573                 15.0986             303.9           2979.6836     3961.2600     -981.5764
       113.5093                 15.1056             318.9           3152.1365     4103.2800     -951.1435
       113.5612                 15.1125             302.0           2905.5379     3943.0800    -1037.5421
       113.6133                 15.1194             299.9           2871.1488     3923.6400    -1052.4912
       113.6654                 15.1263             300.3           3082.8815     3927.2400     -844.3585
       113.7174                 15.1333             311.6           3153.7877     4034.1600     -880.3723
       113.7694                 15.1402             304.2           3111.4444     3964.5000     -853.0556
       113.8212                 15.1471             307.5           3076.1352     3995.1000     -918.9648
       113.8732                 15.1541             294.1           3121.0619     3869.1000     -748.0381
       113.9251                 15.1610             317.2           3166.4723     4087.0800     -920.6077
       113.9770                 15.1679             304.6           3041.5084     3967.7400     -926.2316
       114.0289                 15.1748             318.0           3288.1269     4093.9200     -805.7931
       114.0808                 15.1818             304.9           2900.4485     3970.4400    -1069.9915
       114.1327                 15.1887             314.4           3142.6515     4060.2600     -917.6085
       114.1846                 15.1956             303.8           2877.1048     3960.3600    -1083.2552
       114.2367                 15.2026             305.2           3015.7738     3974.0400     -958.2662
       114.2500                 15.2043             314.8           3096.5555     4063.8600     -967.3045
       114.3020                 15.2112             316.0           3427.2408     4075.2000     -647.9592
       114.3539                 15.2182             304.6           3223.0148     3968.2800     -745.2652
       114.4059                 15.2251             307.1           2998.8202     3991.3200     -992.4998
       114.4578                 15.2320             305.5           3132.9800     3976.3800     -843.4000
       114.5096                 15.2390             316.8           3110.0647     4083.1200     -973.0553
       114.5616                 15.2459             309.6           2959.2392     4015.4400    -1056.2008
       114.6135                 15.2528             319.9           3256.6075     4111.9200     -855.3125
       114.6652                 15.2597             296.2           3102.2540     3888.9000     -786.6460
       114.7172                 15.2667             309.4           3168.0754     4013.2800     -845.2046
       114.7692                 15.2736             284.5           3175.2148     3777.8400     -602.6252
       114.8209                 15.2805             297.7           3351.1088     3902.5800     -551.4712
       114.8730                 15.2875             302.3           3271.9955     3945.9600     -673.9645
       114.9250                 15.2944             306.5           3334.0655     3986.1000     -652.0345
       114.9770                 15.3013             310.1           3247.5255     4020.1200     -772.5945
       115.0290                 15.3082             303.8           3183.9151     3960.7200     -776.8049
       115.0809                 15.3152             309.4           3372.6750     4013.2800     -640.6050
       115.1328                 15.3221             306.5           3171.2215     3985.9200     -814.6985
       115.1847                 15.3290             309.6           3078.7663     4014.9000     -936.1337
       115.2366                 15.3359             302.8           3110.9964     3951.1800     -840.1836
       115.2500                 15.3377             315.1           3265.9923     4067.1000     -801.1077
       115.3019                 15.3447             318.1           3367.6123     4095.0000     -727.3877
       115.3539                 15.3516             305.3           3309.3832     3974.7600     -665.3768
       115.4058                 15.3585             305.3           2847.7794     3974.4000    -1126.6206
       115.4579                 15.3654             312.1           3258.3479     4038.3000     -779.9521
       115.5099                 15.3724             289.1           3118.0540     3821.5800     -703.5260
       115.5617                 15.3793             291.3           3037.1565     3842.2800     -805.1235
       115.6137                 15.3862             293.5           3024.1836     3863.5200     -839.3364
       115.6657                 15.3931             320.5           3453.1040     4117.6800     -664.5760
       115.7176                 15.4001             308.1           3226.6610     4001.2200     -774.5590
       115.7697                 15.4070             302.2           3268.0818     3944.8800     -676.7982
       115.8216                 15.4139             317.2           3266.8476     4087.0800     -820.2324
       115.8738                 15.4209             310.1           3386.5971     4019.4000     -632.8029
       115.9258                 15.4278             306.0           3231.5855     3981.0600     -749.4745
       115.9778                 15.4347             322.2           3462.3765     4134.0600     -671.6835
       116.0297                 15.4416             296.7           3323.8600     3893.2200     -569.3600
       116.0818                 15.4486             315.6           3255.6677     4071.9600     -816.2923
       116.1338                 15.4555             311.1           3250.6126     4029.4800     -778.8674
       116.1857                 15.4624             303.8           3151.4018     3960.5400     -809.1382
       116.2376                 15.4694             310.6           3268.3028     4024.8000     -756.4972
       116.2500                 15.4710             299.9           3041.8712     3923.4600     -881.5888
       116.3021                 15.4779             309.0           3169.9548     4009.5000     -839.5452
       116.3540                 15.4849             299.8           3119.2611     3922.3800     -803.1189
       116.4060                 15.4918             305.9           3248.9377     3979.8000     -730.8623
       116.4579                 15.4987             312.9           3281.8144     4046.2200     -764.4056
       116.5097                 15.5056             305.3           3431.8841     3974.2200     -542.3359
       116.5617                 15.5126             307.4           3526.8372     3994.3800     -467.5428
       116.6136                 15.5195             308.3           3277.8059     4002.6600     -724.8541
       116.6656                 15.5264             294.0           3005.2815     3868.2000     -862.9185
       116.7176                 15.5333             312.7           3049.7539     4044.2400     -994.4861
       116.7695                 15.5403             308.0           3369.5652     3999.9600     -630.3948
       116.8215                 15.5472             303.1           3190.2536     3953.8800     -763.6264
       116.8734                 15.5541             308.8           3321.5654     4007.7000     -686.1346
       116.9253                 15.5611             291.6           3261.2736     3845.1600     -583.8864
       116.9772                 15.5680             308.3           3092.7723     4003.0200     -910.2477
       117.0293                 15.5749             321.8           3493.2278     4130.1000     -636.8722
       117.0814                 15.5818             309.2           3081.0886     4010.9400     -929.8514
       117.1333                 15.5888             290.4           3168.1676     3833.4600     -665.2924
       117.1854                 15.5957             319.0           3594.7007     4104.1800     -509.4793
       117.2374                 15.6026             317.2           3613.5129     4086.5400     -473.0271
       117.2500                 15.6043             308.0           3393.1750     4000.3200     -607.1450
       117.3020                 15.6112             306.0           3437.3935     3981.0600     -543.6665
       117.3539                 15.6182             295.5           3326.3806     3882.2400     -555.8594
       117.4059                 15.6251             300.6           3513.2501     3930.4800     -417.2299
       117.4578                 15.6320             314.8           3745.0477     4064.0400     -318.9923
       117.5096                 15.6389             307.2           3645.6922     3992.5800     -346.8878
       117.5616                 15.6459             301.4           3414.2041     3937.5000     -523.2959
       117.6135                 15.6528             325.4           3624.5723     4164.4800     -539.9077
       117.6653                 15.6597             322.7           3431.4660     4139.1000     -707.6340
       117.7174                 15.6667             309.7           3276.1932     4015.9800     -739.7868
       117.7694                 15.6736             301.8           3257.0024     3941.6400     -684.6376
       117.8214                 15.6805             301.2           3094.2044     3936.0600     -841.8556
       117.8733                 15.6874             296.0           3375.5740     3887.1000     -511.5260
       117.9252                 15.6944             296.9           3235.4935     3894.8400     -659.3465
       117.9772                 15.7013             297.9           3172.9855     3904.5600     -731.5745
       118.0291                 15.7082             301.9           3432.9926     3942.5400     -509.5474
       118.0810                 15.7151             293.9           3205.9882     3867.1200     -661.1318
       118.1330                 15.7221             299.3           3271.1130     3917.8800     -646.7670
       118.1850                 15.7290             307.1           3160.6187     3991.5000     -830.8813
       118.2370                 15.7359             311.4           3365.0225     4032.5400     -667.5175
       118.2500                 15.7377             304.1           3426.6708     3963.6000     -536.9292
       118.3020                 15.7446             298.0           3235.1879     3905.4600     -670.2721
       118.3539                 15.7515             309.2           3567.0948     4010.9400     -443.8452
       118.4057                 15.7585             294.2           3327.7914     3870.1800     -542.3886
       118.4576                 15.7654             304.4           3377.7120     3965.7600     -588.0480
       118.5095                 15.7723             304.2           3254.2470     3963.9600     -709.7130
       118.5615                 15.7792             298.7           3221.9558     3911.9400     -689.9842
       118.6135                 15.7862             319.2           3584.6550     4105.9800     -521.3250
       118.6654                 15.7931             305.7           3327.0667     3978.1800     -651.1133
       118.7174                 15.8000             302.9           3103.8225     3951.9000     -848.0775
       118.7695                 15.8069             324.1           3518.6836     4152.2400     -633.5564
       118.8214                 15.8139             310.0           3395.0493     4019.0400     -623.9907
       118.8733                 15.8208             311.4           3339.6933     4031.8200     -692.1267
       118.9253                 15.8277             303.0           3178.8526     3952.8000     -773.9474
       118.9773                 15.8347             311.6           3465.3497     4034.1600     -568.8103
       119.0293                 15.8416             304.3           3375.1270     3964.8600     -589.7330
       119.0812                 15.8485             311.5           3555.4813     4033.0800     -477.5987
       119.1329                 15.8554             327.5           3783.5261     4183.9200     -400.3939
       119.1848                 15.8624             291.0           3258.5896     3839.9400     -581.3504
       119.2368                 15.8693             308.8           3446.8500     4007.5200     -560.6700
       119.2500                 15.8711             315.3           3558.5735     4068.9000     -510.3265
       119.3018                 15.8780             290.0           3311.2055     3830.4000     -519.1945
       119.3539                 15.8849             308.4           3301.4455     4003.9200     -702.4745
       119.4060                 15.8918             310.2           3379.9130     4020.3000     -640.3870
       119.4581                 15.8988             309.2           3625.8151     4011.6600     -385.8449
       119.5100                 15.9057             299.0           3461.4453     3915.1800     -453.7347
       119.5620                 15.9126             299.8           3237.4365     3922.3800     -684.9435
       119.6139                 15.9195             322.7           3352.6917     4138.5600     -785.8683
       119.6659                 15.9265             311.4           3296.0706     4032.3600     -736.2894
       119.7179                 15.9334             310.9           3453.2714     4027.5000     -574.2286
       119.7698                 15.9403             294.7           3380.7479     3874.3200     -493.5721
       119.8218                 15.9473             319.6           3642.4854     4109.4000     -466.9146
       119.8736                 15.9542             315.5           3577.0977     4070.8800     -493.7823
       119.9256                 15.9611             288.8           3250.1137     3818.3400     -568.2263
       119.9774                 15.9680             338.0           3712.9693     4283.4600     -570.4907
       120.0294                 15.9750             302.1           3209.1898     3944.7000     -735.5102
       120.0814                 15.9819             289.6           3134.1875     3826.0800     -691.8925
       120.1332                 15.9888             312.4           3416.4340     4041.7200     -625.2860
       120.1850                 15.9958             318.5           3661.2425     4099.1400     -437.8975
       120.2370                 16.0027             298.7           3105.4114     3912.6600     -807.2486
       120.2500                 16.0044             288.5           2910.8719     3815.8200     -904.9481
       120.3019                 16.0113             320.4           3488.0084     4117.3200     -629.3116
       120.3537                 16.0183             314.0           3522.6382     4056.3000     -533.6618
       120.4057                 16.0252             322.4           3448.5629     4135.5000     -686.9371
       120.4576                 16.0321             318.2           3337.0033     4095.9000     -758.8967
       120.5096                 16.0390             302.0           3301.5385     3943.4400     -641.9015
       120.5616                 16.0460             310.5           3269.7755     4023.9000     -754.1245
       120.6137                 16.0529             304.2           3100.9668     3964.3200     -863.3532
       120.6656                 16.0598             305.2           3472.7317     3973.1400     -500.4083
       120.7174                 16.0668             313.4           3193.5138     4051.0800     -857.5662
       120.7695                 16.0737             303.0           3182.1112     3953.1600     -771.0488
       120.8214                 16.0806             301.8           3071.1467     3941.8200     -870.6733
       120.8733                 16.0875             298.3           3013.3192     3908.1600     -894.8408
       120.9253                 16.0945             289.0           3002.8651     3820.8600     -817.9949
       120.9773                 16.1014             302.1           3067.8259     3943.9800     -876.1541
       121.0293                 16.1083             294.9           3225.1200     3876.6600     -651.5400
       121.0813                 16.1153             304.7           3442.6336     3968.6400     -526.0064
       121.1331                 16.1222             296.5           3199.5150     3891.0600     -691.5450
       121.1852                 16.1291             311.9           3502.9524     4037.2200     -534.2676
       121.2373                 16.1360             290.7           3253.3957     3837.0600     -583.6643
       121.2500                 16.1377             300.1           3416.4507     3925.4400     -508.9893
       121.3019                 16.1447             300.8           3259.3996     3932.4600     -673.0604
       121.3538                 16.1516             307.6           3293.9001     3996.1800     -702.2799
       121.4059                 16.1585             311.4           3432.3669     4032.0000     -599.6331
       121.4578                 16.1654             291.0           3259.7975     3839.4000     -579.6025
       121.5098                 16.1724             299.3           3247.6989     3918.2400     -670.5411
       121.5616                 16.1793             309.5           3586.9335     4014.1800     -427.2465
       121.6135                 16.1862             306.1           3356.2420     3981.9600     -625.7180
       121.6655                 16.1932             300.5           3282.3458     3928.8600     -646.5142
       121.7174                 16.2001             301.2           3181.7650     3935.8800     -754.1150
       121.7693                 16.2070             328.7           3559.2050     4195.4400     -636.2350
       121.8212                 16.2139             294.8           3265.1074     3875.2200     -610.1126
       121.8732                 16.2209             289.0           3189.6694     3821.0400     -631.3706
       121.9252                 16.2278             319.0           3396.1615     4103.8200     -707.6585
       121.9772                 16.2347             303.4           2926.1872     3956.2200    -1030.0328
       122.0293                 16.2416             293.8           3090.8522     3866.2200     -775.3678
       122.0811                 16.2486             293.2           3198.2159     3860.1000     -661.8841
       122.1330                 16.2555             295.2           3267.4454     3879.1800     -611.7346
       122.1849                 16.2624             310.9           3374.2004     4027.6800     -653.4796
       122.2369                 16.2694             309.5           3450.0768     4014.1800     -564.1032
       122.2500                 16.2711             316.4           3384.1659     4079.7000     -695.5341
       122.3020                 16.2780             319.3           3232.4098     4106.3400     -873.9302
       122.3540                 16.2850             303.0           3054.9235     3952.6200     -897.6965
       122.4060                 16.2919             315.3           3638.4524     4068.7200     -430.2676
       122.4579                 16.2988             304.4           3433.8998     3965.7600     -531.8602
       122.5099                 16.3057             288.0           3308.0982     3811.6800     -503.5818
       122.5619                 16.3127             303.5           3406.5189     3957.1200     -550.6011
       122.6138                 16.3196             320.4           3484.2115     4117.1400     -632.9285
       122.6658                 16.3265             316.4           3548.9722     4079.5200     -530.5478
       122.7177                 16.3334             319.9           3406.3761     4112.6400     -706.2639
       122.7697                 16.3404             304.7           3404.2654     3968.6400     -564.3746
       122.8217                 16.3473             304.0           3368.1756     3962.1600     -593.9844
       122.8736                 16.3542             292.4           3280.5102     3852.9000     -572.3898
       122.9255                 16.3612             318.8           3522.3901     4102.3800     -579.9899
       122.9775                 16.3681             309.9           3372.0089     4018.3200     -646.3111
       123.0293                 16.3750             322.6           3461.5945     4137.6600     -676.0655
       123.0813                 16.3819             308.6           3362.7287     4005.3600     -642.6313
       123.1332                 16.3889             288.1           3140.8744     3812.5800     -671.7056
       123.1853                 16.3958             306.3           3366.3521     3984.1200     -617.7679
       123.2373                 16.4027             306.5           3492.8221     3985.9200     -493.0979
       123.2500                 16.4044             315.9           3421.5529     4074.3000     -652.7471
       123.3019                 16.4113             285.6           3215.7181     3789.0000     -573.2819
       123.3537                 16.4183             299.6           3115.2747     3920.9400     -805.6653
       123.4057                 16.4252             299.9           3216.3171     3924.0000     -707.6829
       123.4577                 16.4321             317.6           3376.5139     4090.5000     -713.9861
       123.5097                 16.4391             312.3           3360.9318     4040.8200     -679.8882
       123.5615                 16.4460             291.5           3024.5528     3843.9000     -819.3472
       123.6134                 16.4529             279.2           3137.2622     3728.5200     -591.2578
       123.6652                 16.4598             297.7           3287.0959     3902.5800     -615.4841
       123.7171                 16.4668             306.6           3251.0038     3986.6400     -735.6362
       123.7691                 16.4737             322.3           3595.4036     4134.7800     -539.3764
       123.8209                 16.4806             309.1           3556.9073     4010.0400     -453.1327
       123.8729                 16.4875             306.9           3301.4299     3989.3400     -687.9101
       123.9250                 16.4945             311.3           3312.5659     4030.7400     -718.1741
       123.9769                 16.5014             305.3           3549.6537     3974.9400     -425.2863
       124.0288                 16.5083             303.3           3034.7543     3955.8600     -921.1057
       124.0807                 16.5153             308.6           3321.8904     4005.9000     -684.0096
       124.1328                 16.5222             313.5           3552.0972     4051.8000     -499.7028
       124.1849                 16.5291             299.7           3321.2351     3921.8400     -600.6049
       124.2368                 16.5360             319.9           3538.1793     4112.1000     -573.9207
       124.2500                 16.5378             277.3           3171.6479     3710.3400     -538.6921
       124.3019                 16.5447             317.1           3584.1851     4086.3600     -502.1749
       124.3537                 16.5516             295.8           3412.0525     3884.7600     -472.7075
       124.4055                 16.5586             290.7           3139.8194     3836.8800     -697.0606
       124.4576                 16.5655             312.0           3364.1262     4037.4000     -673.2738
       124.5095                 16.5724             319.6           3399.3106     4109.2200     -709.9094
       124.5614                 16.5794             308.9           3325.7287     4008.2400     -682.5113
       124.6134                 16.5863             295.0           3175.3742     3877.2000     -701.8258
       124.6654                 16.5932             299.5           2931.5326     3919.3200     -987.7874
       124.7176                 16.6001             321.2           3277.1191     4124.3400     -847.2209
       124.7695                 16.6071             311.5           3185.5018     4033.0800     -847.5782
       124.8214                 16.6140             313.6           3069.9712     4052.7000     -982.7288
       124.8733                 16.6209             325.9           3392.3626     4168.9800     -776.6174
       124.9253                 16.6279             313.0           3464.0287     4046.7600     -582.7313
       124.9772                 16.6348             296.5           3502.9588     3891.6000     -388.6412
       125.0291                 16.6417             286.8           3179.4062     3800.1600     -620.7538
       125.0811                 16.6486             310.8           3467.7151     4026.4200     -558.7049
       125.1330                 16.6556             305.9           3322.5716     3980.1600     -657.5884
       125.1849                 16.6625             306.6           3243.8452     3987.0000     -743.1548
       125.2369                 16.6694             313.4           3276.4195     4050.9000     -774.4805
       125.2500                 16.6712             299.1           2994.9306     3915.5400     -920.6094
       125.3020                 16.6781             294.6           3122.0871     3873.4200     -751.3329
       125.3540                 16.6850             302.2           3098.4969     3945.6000     -847.1031
       125.4060                 16.6920             311.8           3212.8487     4035.7800     -822.9313
       125.4580                 16.6989             303.2           3029.4959     3954.9600     -925.4641
       125.5099                 16.7058             305.0           3328.3864     3971.3400     -642.9536
       125.5619                 16.7127             327.0           3410.4739     4179.6000     -769.1261
       125.6140                 16.7197             300.2           3188.7468     3926.3400     -737.5932
       125.6660                 16.7266             295.5           3128.8298     3881.7000     -752.8702
       125.7181                 16.7335             294.1           3149.2588     3869.1000     -719.8412
       125.7700                 16.7405             316.4           3592.0091     4078.9800     -486.9709
       125.8218                 16.7474             306.2           3345.3717     3982.6800     -637.3083
       125.8738                 16.7543             296.9           3321.8982     3895.3800     -573.4818
       125.9256                 16.7612             292.5           3318.0115     3854.1600     -536.1485
       125.9775                 16.7682             312.2           3412.3217     4039.3800     -627.0583
       126.0294                 16.7751             333.1           3591.5787     4236.8400     -645.2613
       126.0814                 16.7820             313.9           3488.2547     4055.4000     -567.1453
       126.1333                 16.7889             301.4           3214.6949     3937.8600     -723.1651
       126.1852                 16.7959             293.7           3105.6519     3865.3200     -759.6681
       126.2373                 16.8028             303.1           3199.2047     3953.7000     -754.4953
       126.2500                 16.8045             318.4           3455.8016     4097.8800     -642.0784
       126.3019                 16.8114             297.2           2790.4084     3898.0800    -1107.6716
       126.3539                 16.8183             286.2           3123.3751     3794.5800     -671.2049
       126.4059                 16.8253             312.5           3489.3216     4042.6200     -553.2984
       126.4578                 16.8322             305.4           3292.2371     3975.8400     -683.6029
       126.5098                 16.8391             312.5           3405.6315     4042.8000     -637.1685
       126.5619                 16.8461             302.1           3337.6474     3944.5200     -606.8726
       126.6138                 16.8530             313.0           3546.8870     4046.9400     -500.0530
       126.6657                 16.8599             302.1           3471.6489     3944.7000     -473.0511
       126.7178                 16.8668             314.7           3268.4133     4062.7800     -794.3667
       126.7697                 16.8738             300.1           3277.7006     3925.4400     -647.7394
       126.8216                 16.8807             316.1           3229.3155     4076.6400     -847.3245
       126.8736                 16.8876             314.1           3432.7461     4057.5600     -624.8139
       126.9255                 16.8946             315.5           3485.7333     4070.7000     -584.9667
       126.9774                 16.9015             307.3           3254.2389     3993.4800     -739.2411
       127.0293                 16.9084             326.7           3347.9134     4176.1800     -828.2666
       127.0813                 16.9153             293.3           3093.7109     3860.8200     -767.1091
       127.1332                 16.9223             303.9           3156.6708     3960.9000     -804.2292
       127.1852                 16.9292             308.6           3217.1681     4005.5400     -788.3719
       127.2372                 16.9361             313.1           3365.0968     4047.8400     -682.7432
       127.2500                 16.9378             295.0           3224.7551     3877.0200     -652.2649
       127.3020                 16.9448             324.3           3402.0427     4153.8600     -751.8173
       127.3540                 16.9517             287.9           3125.5685     3809.8800     -684.3115
       127.4060                 16.9586             304.7           3423.5771     3968.8200     -545.2429
       127.4580                 16.9655             308.2           3413.8334     4002.3000     -588.4666
       127.5100                 16.9725             295.2           3384.8575     3879.0000     -494.1425
       127.5618                 16.9794             331.4           3503.1660     4221.0000     -717.8340
       127.6138                 16.9863             306.2           3058.3747     3982.8600     -924.4853
       127.6657                 16.9933             313.2           3394.3411     4048.7400     -654.3989
       127.7175                 17.0002             303.5           3487.0986     3957.3000     -470.2014
       127.7694                 17.0071             306.2           3304.0971     3983.4000     -679.3029
       127.8213                 17.0140             300.7           3178.7266     3931.3800     -752.6534
       127.8732                 17.0210             302.5           3333.4082     3948.4800     -615.0718
       127.9251                 17.0279             320.9           3225.9367     4121.6400     -895.7033
       127.9771                 17.0348             295.8           3609.9856     3884.9400     -274.9544
       128.0289                 17.0417             310.8           3435.4885     4026.2400     -590.7515
       128.0809                 17.0487             308.1           3434.5080     4000.6800     -566.1720
       128.1328                 17.0556             313.9           3686.5160     4055.9400     -369.4240
       128.1846                 17.0625             318.2           3448.3750     4096.6200     -648.2450
       128.2365                 17.0695             311.2           3513.2269     4030.0200     -516.7931
       128.2500                 17.0713             292.4           3309.9425     3852.5400     -542.5975
       128.3018                 17.0782             316.5           3253.7389     4080.0600     -826.3211
       128.3538                 17.0851             306.6           3269.9577     3986.8200     -716.8623
       128.4058                 17.0920             314.4           3241.8250     4060.0800     -818.2550
       128.4577                 17.0990             308.5           3492.6179     4005.0000     -512.3821
       128.5097                 17.1059             305.3           3037.5089     3974.7600     -937.2511
       128.5618                 17.1128             310.9           3517.8744     4027.3200     -509.4456
       128.6138                 17.1197             328.1           3508.1117     4190.0400     -681.9283
       128.6659                 17.1267             310.0           3350.0365     4018.5000     -668.4635
       128.7178                 17.1336             313.7           3420.2822     4054.1400     -633.8578
       128.7697                 17.1405             312.9           3109.1623     4046.2200     -937.0577
       128.8215                 17.1475             308.9           3511.0395     4008.7800     -497.7405
       128.8735                 17.1544             285.5           3281.8641     3787.3800     -505.5159
       128.9253                 17.1613             306.9           3606.1451     3990.0600     -383.9149
       128.9772                 17.1682             305.1           3587.7780     3972.6000     -384.8220
       129.0291                 17.1752             285.5           3260.7812     3787.2000     -526.4188
       129.0810                 17.1821             329.4           3547.6876     4201.5600     -653.8724
       129.1330                 17.1890             316.2           3257.2237     4077.0000     -819.7763
       129.1850                 17.1960             310.0           3287.4949     4018.5000     -731.0051
       129.2370                 17.2029             295.8           3336.4603     3884.7600     -548.2997
       129.2500                 17.2046             308.2           3417.6319     4002.3000     -584.6681
       129.3021                 17.2115             317.8           3618.1328     4092.6600     -474.5272
       129.3539                 17.2185             305.6           3311.8236     3976.9200     -665.0964
       129.4059                 17.2254             299.0           3221.3407     3915.3600     -694.0193
       129.4579                 17.2323             306.9           3522.1688     3989.8800     -467.7112
       129.5098                 17.2393             306.2           3152.8598     3982.8600     -830.0002
       129.5618                 17.2462             292.7           3229.4466     3855.6000     -626.1534
       129.6137                 17.2531             313.1           3494.4524     4048.0200     -553.5676
       129.6657                 17.2600             309.5           3509.0142     4014.0000     -504.9858
       129.7178                 17.2670             308.8           3382.7252     4007.3400     -624.6148
       129.7698                 17.2739             302.3           3353.1856     3945.7800     -592.5944
       129.8219                 17.2808             315.8           3083.4130     4073.9400     -990.5270
       129.8738                 17.2878             316.3           3545.5363     4078.2600     -532.7237
       129.9256                 17.2947             300.3           3374.6412     3926.8800     -552.2388
       129.9775                 17.3016             312.6           3462.2760     4043.5200     -581.2440
       130.0293                 17.3085             309.5           3407.7466     4014.0000     -606.2534
       130.0812                 17.3155             322.0           3530.0928     4132.0800     -601.9872
       130.1332                 17.3224             305.0           3229.6420     3972.0600     -742.4180
       130.1851                 17.3293             321.4           3548.7503     4126.8600     -578.1097
       130.2371                 17.3362             314.6           3432.8511     4062.2400     -629.3889
       130.2500                 17.3380             299.2           3287.0243     3917.1600     -630.1357
       130.3020                 17.3449             305.8           3363.2608     3979.4400     -616.1792
       130.3541                 17.3518             293.8           3131.8678     3865.5000     -733.6322
       130.4062                 17.3588             317.5           3490.4742     4089.2400     -598.7658
       130.4580                 17.3657             301.0           3398.4027     3933.7200     -535.3173
       130.5101                 17.3726             309.5           3553.9396     4014.3600     -460.4204
       130.5620                 17.3795             299.8           3343.1536     3922.9200     -579.7664
       130.6139                 17.3865             314.6           3337.2048     4062.4200     -725.2152
       130.6659                 17.3934             292.3           3149.4989     3851.6400     -702.1411
       130.7179                 17.4003             316.5           3289.7630     4080.4200     -790.6570
       130.7698                 17.4072             312.9           3442.7950     4046.0400     -603.2450
       130.8219                 17.4142             291.2           3304.6540     3841.0200     -536.3660
       130.8739                 17.4211             313.3           3421.6942     4050.1800     -628.4858
       130.9259                 17.4280             299.3           3190.9084     3918.2400     -727.3316
       130.9780                 17.4350             304.5           3143.6792     3966.6600     -822.9808
       131.0300                 17.4419             293.2           3426.3207     3860.1000     -433.7793
       131.0819                 17.4488             311.0           3377.8801     4028.7600     -650.8799
       131.1339                 17.4557             307.3           3090.5857     3993.4800     -902.8943
       131.1858                 17.4627             291.8           3291.5699     3846.7800     -555.2101
       131.2378                 17.4696             295.6           3315.6230     3883.1400     -567.5170
       131.2500                 17.4712             330.8           3572.8605     4215.2400     -642.3795
       131.3020                 17.4782             319.2           3343.0546     4105.6200     -762.5654
       131.3540                 17.4851             302.2           3052.5416     3945.2400     -892.6984
       131.4060                 17.4920             306.9           3232.8002     3990.0600     -757.2598
       131.4580                 17.4989             314.9           3218.9516     4065.1200     -846.1684
       131.5100                 17.5059             310.6           3196.2568     4024.9800     -828.7232
       131.5619                 17.5128             306.7           3389.2566     3987.3600     -598.1034
       131.6139                 17.5197             304.5           3374.2932     3967.0200     -592.7268
       131.6658                 17.5267             303.1           3029.4366     3954.0600     -924.6234
       131.7179                 17.5336             304.0           2998.8736     3962.7000     -963.8264
       131.7699                 17.5405             310.9           3125.9541     4027.6800     -901.7259
       131.8219                 17.5474             286.6           2802.4422     3798.1800     -995.7378
       131.8738                 17.5544             305.0           3166.8797     3971.7000     -804.8203
       131.9258                 17.5613             295.3           2962.4358     3879.9000     -917.4642
       131.9776                 17.5682             312.7           3214.0946     4044.0600     -829.9654
       132.0295                 17.5751             308.6           3077.8968     4005.7200     -927.8232
       132.0813                 17.5821             302.1           3012.3779     3944.5200     -932.1421
       132.1332                 17.5890             326.1           3188.3427     4170.9600     -982.6173
       132.1852                 17.5959             299.7           3124.1493     3921.6600     -797.5107
       132.2372                 17.6029             307.4           3208.8642     3994.0200     -785.1558
       132.2500                 17.6046             303.1           3059.8739     3953.3400     -893.4661
       132.3019                 17.6115             304.4           2952.1086     3965.5800    -1013.4714
       132.3537                 17.6184             320.4           3162.1623     4117.5000     -955.3377
       132.4055                 17.6254             311.8           3296.7201     4035.4200     -738.6999
       132.4575                 17.6323             314.6           3087.9351     4062.2400     -974.3049
       132.5094                 17.6392             297.3           3036.6362     3898.6200     -861.9838
       132.5612                 17.6461             317.1           2996.4253     4085.6400    -1089.2147
       132.6133                 17.6531             295.6           3035.6379     3883.1400     -847.5021
       132.6652                 17.6600             310.7           3042.6527     4025.3400     -982.6873
       132.7171                 17.6669             282.7           2860.1138     3761.1000     -900.9862
       132.7690                 17.6738             309.4           3161.2347     4013.1000     -851.8653
       132.8210                 17.6808             316.2           2999.6855     4077.1800    -1077.4945
       132.8729                 17.6877             309.1           3053.6164     4010.4000     -956.7836
       132.9248                 17.6946             302.8           3101.7622     3950.6400     -848.8778
       132.9769                 17.7016             294.9           2678.7348     3876.1200    -1197.3852
       133.0288                 17.7085             321.4           3492.0357     4126.6800     -634.6443
       133.0807                 17.7154             328.9           3182.8183     4196.8800    -1014.0617
       133.1328                 17.7223             307.1           2922.5958     3991.8600    -1069.2642
       133.1847                 17.7293             288.5           2720.4630     3816.0000    -1095.5370
       133.2368                 17.7362             283.3           2616.6282     3766.5000    -1149.8718
       133.2500                 17.7380             288.3           2780.0376     3814.3800    -1034.3424
       133.3021                 17.7449             312.6           2968.0212     4043.3400    -1075.3188
       133.3541                 17.7518             304.4           2922.0177     3966.4800    -1044.4623
       133.4060                 17.7587             297.6           2862.3134     3902.2200    -1039.9066
       133.4580                 17.7657             290.0           2572.7217     3829.8600    -1257.1383
       133.5102                 17.7726             309.5           2922.0348     4014.0000    -1091.9652
       133.5621                 17.7795             310.4           3011.9448     4022.4600    -1010.5152
       133.6141                 17.7864             310.6           3049.0299     4024.0800     -975.0501
       133.6661                 17.7934             303.7           2863.6052     3959.6400    -1096.0348
       133.7181                 17.8003             298.3           3051.6003     3908.1600     -856.5597
       133.7700                 17.8072             306.7           3079.6056     3987.5400     -907.9344
       133.8219                 17.8142             291.8           2997.3435     3846.9600     -849.6165
       133.8738                 17.8211             293.6           3236.2221     3863.8800     -627.6579
       133.9257                 17.8280             305.2           3250.6210     3974.0400     -723.4190
       133.9778                 17.8349             312.8           3000.5528     4044.9600    -1044.4072
       134.0297                 17.8419             301.5           2825.3905     3938.7600    -1113.3695
       134.0817                 17.8488             297.2           3034.9913     3897.7200     -862.7287
       134.1336                 17.8557             324.8           3296.2511     4158.3600     -862.1089
       134.1856                 17.8627             314.3           3189.6091     4059.3600     -869.7509
       134.2376                 17.8696             308.9           3114.8327     4008.0600     -893.2273
       134.2500                 17.8712             293.9           2754.2264     3866.9400    -1112.7136
       134.3021                 17.8782             320.1           3429.6990     4114.6200     -684.9210
       134.3539                 17.8851             298.2           3241.7390     3907.2600     -665.5210
       134.4058                 17.8920             313.8           3174.4387     4054.5000     -880.0613
       134.4577                 17.8989             307.3           3267.8216     3992.9400     -725.1184
       134.5095                 17.9059             315.9           3145.7574     4074.8400     -929.0826
       134.5613                 17.9128             310.2           3146.5361     4021.2000     -874.6639
       134.6132                 17.9197             321.9           2913.1243     4130.8200    -1217.6957
       134.6652                 17.9267             304.6           3058.5890     3967.9200     -909.3310
       134.7172                 17.9336             284.9           2794.4174     3782.3400     -987.9226
       134.7691                 17.9405             315.0           3255.9105     4066.3800     -810.4695
       134.8210                 17.9474             311.2           3178.8055     4029.8400     -851.0345
       134.8729                 17.9544             309.7           3135.8103     4016.3400     -880.5297
       134.9248                 17.9613             315.7           3060.0378     4072.8600    -1012.8222
       134.9770                 17.9682             334.3           3412.8741     4248.1800     -835.3059
       135.0288                 17.9751             306.4           3286.1990     3984.4800     -698.2810
       135.0806                 17.9821             293.0           3035.6876     3858.4800     -822.7924
       135.1326                 17.9890             315.7           3202.4266     4073.0400     -870.6134
       135.1846                 17.9959             322.1           3292.7302     4133.1600     -840.4298
       135.2365                 18.0029             308.7           3462.2107     4006.8000     -544.5893
       135.2500                 18.0047             303.3           3512.6380     3955.3200     -442.6820
       135.3019                 18.0116             304.3           3338.8182     3965.2200     -626.4018
       135.3538                 18.0185             321.4           3560.0290     4126.8600     -566.8310
       135.4058                 18.0255             304.1           3157.1026     3962.8800     -805.7774
       135.4576                 18.0324             292.8           3163.7576     3856.6800     -692.9224
       135.5095                 18.0393             298.5           3176.0919     3910.1400     -734.0481
       135.5614                 18.0462             309.6           3511.8464     4015.2600     -503.4136
       135.6133                 18.0532             310.7           3374.2913     4025.8800     -651.5887
       135.6651                 18.0601             319.5           3557.8241     4108.1400     -550.3159
       135.7170                 18.0670             319.2           3261.4654     4106.1600     -844.6946
       135.7691                 18.0739             298.5           3121.3785     3910.5000     -789.1215
       135.8209                 18.0809             306.7           3298.6374     3987.7200     -689.0826
       135.8729                 18.0878             308.0           3315.3592     3999.9600     -684.6008
       135.9249                 18.0947             303.1           3129.7004     3953.5200     -823.8196
       135.9771                 18.1017             333.9           3514.7839     4244.7600     -729.9761
       136.0292                 18.1086             301.1           3180.3845     3934.4400     -754.0555
       136.0812                 18.1155             300.7           3287.0541     3931.2000     -644.1459
       136.1332                 18.1224             317.6           3655.2987     4090.5000     -435.2013
       136.1850                 18.1294             306.6           3502.4138     3986.8200     -484.4062
       136.2369                 18.1363             306.5           3383.5140     3986.1000     -602.5860
       136.2500                 18.1380             306.6           3434.5262     3986.6400     -552.1138
       136.3020                 18.1450             296.2           3311.3944     3888.9000     -577.5056
       136.3538                 18.1519             302.7           3408.3799     3950.2800     -541.9001
       136.4058                 18.1588             296.1           3241.9301     3887.8200     -645.8899
       136.4579                 18.1658             306.3           3220.4023     3983.7600     -763.3577
       136.5098                 18.1727             319.1           3391.5196     4105.0800     -713.5604
       136.5617                 18.1796             306.8           3227.3890     3988.6200     -761.2310
       136.6137                 18.1865             298.0           3185.1065     3906.0000     -720.8935
       136.6656                 18.1935             292.9           3236.1907     3857.7600     -621.5693
       136.7175                 18.2004             314.3           3519.2603     4059.5400     -540.2797
       136.7694                 18.2073             313.2           3596.9219     4048.9200     -451.9981
       136.8213                 18.2142             302.7           3415.6738     3949.5600     -533.8862
       136.8732                 18.2212             319.2           3476.2194     4105.6200     -629.4006
       136.9250                 18.2281             289.5           3103.6639     3825.0000     -721.3361
       136.9770                 18.2350             306.1           3375.9008     3982.3200     -606.4192
       137.0289                 18.2420             300.4           3495.9744     3928.6800     -432.7056
       137.0808                 18.2489             298.5           3432.1456     3910.6800     -478.5344
       137.1327                 18.2558             313.5           3535.2324     4051.9800     -516.7476
       137.1847                 18.2627             304.7           3163.5301     3968.4600     -804.9299
       137.2368                 18.2697             312.8           3340.9932     4044.9600     -703.9668
       137.2500                 18.2714             307.9           3387.4118     3998.7000     -611.2882
       137.3019                 18.2784             322.3           3503.8764     4135.1400     -631.2636
       137.3536                 18.2853             295.5           3282.0249     3881.8800     -599.8551
       137.4055                 18.2922             321.6           3387.5715     4128.6600     -741.0885
       137.4576                 18.2991             313.1           3417.7462     4048.5600     -630.8138
       137.5096                 18.3061             296.9           3253.3476     3895.5600     -642.2124
       137.5616                 18.3130             308.8           3316.3465     4007.1600     -690.8135
       137.6136                 18.3199             310.9           3321.9838     4027.6800     -705.6962
       137.6654                 18.3269             313.5           3738.7108     4051.9800     -313.2692
       137.7173                 18.3338             308.5           3441.4172     4004.6400     -563.2228
       137.7692                 18.3407             308.6           3276.2159     4005.9000     -729.6841
       137.8211                 18.3476             317.9           3562.8911     4093.3800     -530.4889
       137.8730                 18.3546             302.2           3253.5858     3945.0600     -691.4742
       137.9248                 18.3615             303.6           3450.9626     3958.0200     -507.0574
       137.9767                 18.3684             311.5           3563.4339     4033.4400     -470.0061
       138.0286                 18.3754             306.7           3443.0942     3987.9000     -544.8058
       138.0805                 18.3823             310.2           3615.6298     4020.8400     -405.2102
       138.1324                 18.3892             312.5           3449.9371     4042.6200     -592.6829
       138.1843                 18.3961             301.9           3318.6925     3942.0000     -623.3075
       138.2364                 18.4031             302.3           3401.7472     3945.7800     -544.0328
       138.2500                 18.4049             297.8           3442.0397     3904.0200     -461.9803
       138.3019                 18.4118             295.8           3165.3418     3884.4000     -719.0582
       138.3540                 18.4187             301.2           3154.9726     3935.5200     -780.5474
       138.4060                 18.4257             305.8           3444.5314     3979.0800     -534.5486
       138.4580                 18.4326             298.3           3192.7390     3908.3400     -715.6010
       138.5100                 18.4395             301.2           3288.6281     3936.2400     -647.6119
       138.5620                 18.4464             316.2           3460.5664     4077.1800     -616.6136
       138.6138                 18.4534             316.5           3383.7314     4080.6000     -696.8686
       138.6658                 18.4603             331.1           3636.8996     4218.3000     -581.4004
       138.7177                 18.4672             315.2           3381.9949     4068.1800     -686.1851
       138.7696                 18.4742             323.1           3655.0921     4142.1600     -487.0679
       138.8214                 18.4811             309.5           3424.1556     4014.5400     -590.3844
       138.8734                 18.4880             304.3           3241.6005     3965.0400     -723.4395
       138.9254                 18.4949             309.8           3319.9453     4016.7000     -696.7547
       138.9773                 18.5019             322.0           3496.5101     4132.0800     -635.5699
       139.0292                 18.5088             299.5           3397.9972     3919.5000     -521.5028
       139.0812                 18.5157             310.7           3254.2051     4025.1600     -770.9549
       139.1333                 18.5227             300.9           3310.4866     3932.8200     -622.3334
       139.1853                 18.5296             295.3           3293.0308     3880.2600     -587.2292
       139.2372                 18.5365             289.0           3326.4160     3820.8600     -494.4440
       139.2500                 18.5382             320.7           3620.8866     4119.8400     -498.9534
       139.3019                 18.5451             308.2           3548.7475     4001.7600     -453.0125
       139.3539                 18.5521             299.8           3305.1663     3922.7400     -617.5737
       139.4057                 18.5590             284.7           3130.9023     3780.5400     -649.6377
       139.4577                 18.5659             303.7           3317.0110     3959.2800     -642.2690
       139.5097                 18.5728             297.1           3329.4489     3897.0000     -567.5511
       139.5616                 18.5798             290.6           3341.3303     3835.4400     -494.1097
       139.6137                 18.5867             299.4           3282.3927     3918.4200     -636.0273
       139.6656                 18.5936             315.8           3603.3893     4073.2200     -469.8307
       139.7175                 18.6006             301.6           3178.6034     3939.6600     -761.0566
       139.7694                 18.6075             302.0           3187.9418     3943.8000     -755.8582
       139.8214                 18.6144             326.1           3400.5753     4170.7800     -770.2047
       139.8734                 18.6213             312.0           3303.6313     4038.1200     -734.4887
       139.9254                 18.6283             321.0           3666.5740     4122.3600     -455.7860
       139.9774                 18.6352             295.0           3135.1510     3877.2000     -742.0490
       140.0294                 18.6421             306.5           3227.5825     3986.1000     -758.5175
       140.0814                 18.6491             307.7           3424.7151     3997.0800     -572.3649
       140.1332                 18.6560             286.3           3267.1922     3794.7600     -527.5678
       140.1852                 18.6629             320.9           3543.6052     4121.6400     -578.0348
       140.2372                 18.6698             308.0           3382.0785     3999.7800     -617.7015
       140.2500                 18.6715             289.8           3249.8074     3827.8800     -578.0726
       140.3018                 18.6785             300.3           3292.6907     3927.7800     -635.0893
       140.3538                 18.6854             323.0           3389.1567     4141.9800     -752.8233
       140.4058                 18.6923             309.9           3576.0205     4017.6000     -441.5795
       140.4577                 18.6993             307.5           3308.8380     3995.1000     -686.2620
       140.5097                 18.7062             309.9           3578.4873     4017.7800     -439.2927
       140.5616                 18.7131             309.6           3104.4767     4014.9000     -910.4233
       140.6137                 18.7200             302.1           3376.9909     3944.1600     -567.1691
       140.6657                 18.7270             312.5           3338.4553     4042.4400     -703.9847
       140.7177                 18.7339             315.3           3580.8680     4068.9000     -488.0320
       140.7696                 18.7408             300.5           3313.1140     3929.0400     -615.9260
       140.8214                 18.7478             304.0           3149.8410     3961.8000     -811.9590
       140.8735                 18.7547             303.4           2974.4991     3956.9400     -982.4409
       140.9255                 18.7616             297.4           3268.6452     3899.8800     -631.2348
       140.9775                 18.7685             298.9           3309.8921     3913.7400     -603.8479
       141.0294                 18.7755             301.2           3312.9018     3936.2400     -623.3382
       141.0813                 18.7824             297.4           3140.9072     3899.8800     -758.9728
       141.1333                 18.7893             309.5           3449.1562     4014.1800     -565.0238
       141.1852                 18.7962             307.7           3179.2249     3997.2600     -818.0351
       141.2371                 18.8032             302.6           3317.4199     3948.6600     -631.2401
       141.2500                 18.8049             313.9           3149.0107     4055.2200     -906.2093
       141.3020                 18.8118             299.9           3301.9738     3923.6400     -621.6662
       141.3539                 18.8188             317.5           3277.6783     4089.6000     -811.9217
       141.4058                 18.8257             319.1           3542.9467     4104.9000     -561.9533
       141.4578                 18.8326             324.8           3408.2837     4158.1800     -749.8963
       141.5098                 18.8395             319.3           3409.2703     4107.0600     -697.7897
       141.5616                 18.8465             296.5           3123.1790     3891.4200     -768.2410
       141.6135                 18.8534             299.5           3345.3304     3919.8600     -574.5296
       141.6654                 18.8603             304.0           3141.7998     3961.8000     -820.0002
       141.7172                 18.8672             318.4           3565.1454     4097.8800     -532.7346
       141.7692                 18.8742             315.6           3316.7674     4071.9600     -755.1926
       141.8211                 18.8811             299.0           3386.7090     3914.6400     -527.9310
       141.8731                 18.8880             309.7           3440.7384     4015.6200     -574.8816
       141.9250                 18.8950             299.4           3414.6396     3918.6000     -503.9604
       141.9771                 18.9019             307.1           3201.0253     3991.5000     -790.4747
       142.0290                 18.9088             315.9           3430.6583     4074.8400     -644.1817
       142.0810                 18.9157             304.0           3092.0323     3962.7000     -870.6677
       142.1329                 18.9227             302.2           3270.6734     3945.0600     -674.3866
       142.1848                 18.9296             310.0           3397.1874     4018.6800     -621.4926
       142.2368                 18.9365             306.5           3258.2973     3985.3800     -727.0827
       142.2500                 18.9383             322.7           3529.5992     4138.3800     -608.7808
       142.3019                 18.9452             314.5           3272.3424     4061.7000     -789.3576
       142.3538                 18.9521             307.0           3283.2565     3990.9600     -707.7035
       142.4058                 18.9591             313.1           3569.7109     4048.2000     -478.4891
       142.4577                 18.9660             307.0           3513.9467     3990.2400     -476.2933
       142.5096                 18.9729             319.5           3487.5087     4108.8600     -621.3513
       142.5617                 18.9799             305.2           3303.2565     3973.5000     -670.2435
       142.6136                 18.9868             314.2           3406.9902     4058.6400     -651.6498
       142.6656                 18.9937             310.5           3475.7490     4023.3600     -547.6110
       142.7177                 19.0006             306.7           3357.3924     3987.9000     -630.5076
       142.7697                 19.0076             304.1           3210.5314     3962.8800     -752.3486
       142.8217                 19.0145             322.9           3496.5148     4141.0800     -644.5652
       142.8737                 19.0214             295.7           3331.4386     3883.5000     -552.0614
       142.9258                 19.0283             292.0           3155.6269     3848.5800     -692.9531
       142.9777                 19.0353             303.8           3386.6832     3960.3600     -573.6768
       143.0295                 19.0422             298.1           3325.4839     3906.3600     -580.8761
       143.0814                 19.0491             321.2           3243.7061     4125.0600     -881.3539
       143.1334                 19.0561             308.0           3292.6125     3999.7800     -707.1675
       143.1855                 19.0630             307.3           3289.5786     3993.1200     -703.5414
       143.2374                 19.0699             312.3           3371.5018     4040.2800     -668.7782
       143.2500                 19.0716             317.0           3534.5139     4084.7400     -550.2261
       143.3021                 19.0785             311.5           3451.8214     4033.2600     -581.4386
       143.3541                 19.0854             309.4           3308.3072     4013.1000     -704.7928
       143.4060                 19.0924             305.4           3527.1661     3975.6600     -448.4939
       143.4579                 19.0993             296.9           3321.4448     3894.8400     -573.3952
       143.5097                 19.1062             305.6           3424.4694     3976.9200     -552.4506
       143.5615                 19.1132             306.2           3365.4871     3983.4000     -617.9129
       143.6134                 19.1201             298.1           3225.4880     3906.3600     -680.8720
       143.6655                 19.1270             323.0           3534.9159     4141.2600     -606.3441
       143.7176                 19.1339             315.9           3462.7973     4074.6600     -611.8627
       143.7696                 19.1409             303.0           3054.9280     3952.6200     -897.6920
       143.8217                 19.1478             315.4           3206.5618     4069.6200     -863.0582
       143.8737                 19.1547             307.9           3316.0767     3999.2400     -683.1633
       143.9257                 19.1616             314.3           3502.6373     4059.5400     -556.9027
       143.9776                 19.1686             311.1           3252.9952     4029.6600     -776.6648
       144.0296                 19.1755             312.9           3333.6914     4046.5800     -712.8886
       144.0816                 19.1824             306.4           3254.6572     3984.8400     -730.1828
       144.1336                 19.1894             301.9           3271.8470     3942.7200     -670.8730
       144.1856                 19.1963             299.8           3328.2291     3922.9200     -594.6909
       144.2376                 19.2032             289.5           3046.9527     3825.7200     -778.7673
       144.2500                 19.2049             301.9           3064.5792     3942.7200     -878.1408
       144.3018                 19.2118             302.7           3409.1164     3950.2800     -541.1636
       144.3537                 19.2187             308.4           3483.8578     4003.5600     -519.7022
       144.4056                 19.2256             313.9           3312.9194     4055.4000     -742.4806
       144.4575                 19.2326             308.3           3395.7890     4003.0200     -607.2310
       144.5094                 19.2395             292.7           3286.5996     3855.4200     -568.8204
       144.5613                 19.2464             307.9           3448.3139     3998.7000     -550.3861
       144.6132                 19.2534             304.3           3398.9783     3965.0400     -566.0617
       144.6652                 19.2603             307.3           3371.8712     3993.3000     -621.4288
       144.7170                 19.2672             295.3           3221.2514     3880.0800     -658.8286
       144.7690                 19.2741             313.5           3495.1411     4052.3400     -557.1989
       144.8209                 19.2811             302.3           3549.2384     3945.9600     -396.7216
       144.8728                 19.2880             314.6           3312.7636     4062.2400     -749.4764
       144.9248                 19.2949             291.6           3178.5854     3845.3400     -666.7546
       144.9768                 19.3018             305.3           3354.2440     3974.9400     -620.6960
       145.0288                 19.3088             310.6           3040.1761     4024.6200     -984.4439
       145.0807                 19.3157             325.1           3352.6267     4161.7800     -809.1533
       145.1327                 19.3226             304.8           3330.9355     3970.2600     -639.3245
       145.1844                 19.3296             320.7           3584.0182     4120.0200     -536.0018
       145.2361                 19.3365             300.5           3266.4109     3929.5800     -663.1691
       145.2500                 19.3383             289.4           3121.0156     3824.4600     -703.4444
       145.3020                 19.3453             293.4           3058.9348     3862.6200     -803.6852
       145.3539                 19.3522             304.6           3125.8533     3967.9200     -842.0667
       145.4058                 19.3591             285.5           3087.2142     3787.2000     -699.9858
       145.4578                 19.3661             300.3           3281.8040     3927.6000     -645.7960
       145.5098                 19.3730             316.4           3322.4109     4079.3400     -756.9291
       145.5618                 19.3799             308.5           3327.1865     4004.2800     -677.0935
       145.6138                 19.3868             291.8           2998.5716     3846.7800     -848.2084
       145.6658                 19.3938             303.5           3410.6445     3957.3000     -546.6555
       145.7176                 19.4007             311.0           3414.0209     4028.7600     -614.7391
       145.7696                 19.4076             307.5           3400.7881     3995.1000     -594.3119
       145.8216                 19.4145             323.6           3517.9733     4147.3800     -629.4067
       145.8736                 19.4215             319.1           3382.9001     4104.5400     -721.6399
       145.9255                 19.4284             294.9           3078.2930     3875.9400     -797.6470
       145.9774                 19.4353             324.0           3423.2711     4150.6200     -727.3489
       146.0293                 19.4423             311.6           3331.3303     4033.6200     -702.2897
       146.0814                 19.4492             298.4           3375.6119     3909.4200     -533.8081
       146.1334                 19.4561             316.6           3618.0871     4081.5000     -463.4129
       146.1853                 19.4630             306.3           3474.7193     3983.7600     -509.0407
       146.2372                 19.4700             322.1           3430.7638     4133.1600     -702.3962
       146.2500                 19.4717             315.2           3488.9122     4068.1800     -579.2678
       146.3018                 19.4786             306.0           3613.2512     3980.8800     -367.6288
       146.3536                 19.4855             294.6           3366.4114     3873.0600     -506.6486
       146.4055                 19.4925             298.7           3160.6184     3912.1200     -751.5016
       146.4575                 19.4994             293.9           3135.1754     3867.3000     -732.1246
       146.5096                 19.5063             292.9           3029.0701     3857.5800     -828.5099
       146.5615                 19.5132             298.1           3291.4605     3906.3600     -614.8995
       146.6135                 19.5202             294.5           3274.9725     3872.8800     -597.9075
       146.6653                 19.5271             294.9           3245.2657     3876.4800     -631.2143
       146.7173                 19.5340             294.6           3389.8546     3873.0600     -483.2054
       146.7692                 19.5410             327.3           3639.2901     4182.1200     -542.8299
       146.8211                 19.5479             289.2           3180.0274     3822.4800     -642.4526
       146.8731                 19.5548             311.3           3522.3455     4031.2800     -508.9345
       146.9250                 19.5617             318.6           3315.5859     4099.6800     -784.0941
       146.9770                 19.5687             294.7           3340.8575     3874.5000     -533.6425
       147.0289                 19.5756             306.6           3378.6005     3987.1800     -608.5795
       147.0808                 19.5825             300.4           3184.7156     3928.5000     -743.7844
       147.1328                 19.5895             290.3           3053.1193     3833.2800     -780.1607
       147.1845                 19.5964             312.8           3381.7506     4045.5000     -663.7494
       147.2366                 19.6033             304.7           3284.9682     3968.8200     -683.8518
       147.2500                 19.6051             292.5           3256.5300     3854.1600     -597.6300
       147.3018                 19.6120             304.7           3331.8466     3968.4600     -636.6134
       147.3537                 19.6190             303.7           3131.7093     3959.2800     -827.5707
       147.4057                 19.6259             311.0           3267.9560     4028.7600     -760.8040
       147.4577                 19.6328             312.8           3430.0661     4045.1400     -615.0739
       147.5098                 19.6397             312.9           3556.2077     4046.4000     -490.1923
       147.5617                 19.6467             303.9           3210.8206     3961.0800     -750.2594
       147.6138                 19.6536             309.4           3502.4723     4013.4600     -510.9877
       147.6657                 19.6605             291.5           3474.8232     3844.2600     -369.4368
       147.7176                 19.6675             311.5           3523.6693     4033.4400     -509.7707
       147.7694                 19.6744             303.7           3276.9455     3959.4600     -682.5145
       147.8213                 19.6813             298.7           3484.2179     3912.3000     -428.0821
       147.8732                 19.6882             311.4           3573.4129     4031.6400     -458.2271
       147.9250                 19.6952             303.6           3309.1734     3958.3800     -649.2066
       147.9772                 19.7021             301.8           3316.7775     3941.1000     -624.3225
       148.0293                 19.7090             302.3           2973.2192     3945.7800     -972.5608
       148.0812                 19.7159             299.5           3318.0258     3919.3200     -601.2942
       148.1332                 19.7229             320.4           3258.2500     4117.1400     -858.8900
       148.1852                 19.7298             294.1           3261.5994     3868.9200     -607.3206
       148.2371                 19.7367             315.7           3416.8614     4073.0400     -656.1786
       148.2500                 19.7384             292.9           3242.4349     3857.4000     -614.9651
       148.3020                 19.7454             314.1           3343.7909     4057.7400     -713.9491
       148.3541                 19.7523             316.9           3450.0756     4084.2000     -634.1244
       148.4061                 19.7592             302.8           3235.1583     3951.3600     -716.2017
       148.4580                 19.7662             314.2           3400.3006     4058.1000     -657.7994
       148.5100                 19.7731             328.0           3640.4411     4188.7800     -548.3389
       148.5620                 19.7800             282.0           2770.4697     3754.8000     -984.3303
       148.6140                 19.7869             317.5           3385.7342     4089.9600     -704.2258
       148.6660                 19.7939             306.6           3316.9546     3986.6400     -669.6854
       148.7180                 19.8008             313.4           3498.8008     4050.9000     -552.0992
       148.7699                 19.8077             302.4           2995.4820     3946.8600     -951.3780
       148.8217                 19.8146             313.9           3481.4976     4055.4000     -573.9024
       148.8737                 19.8216             302.7           3488.2160     3950.1000     -461.8840
       148.9255                 19.8285             306.4           3668.2168     3985.2000     -316.9832
       148.9773                 19.8354             304.7           3403.4184     3968.4600     -565.0416
       149.0291                 19.8424             300.6           3160.9816     3930.3000     -769.3184
       149.0812                 19.8493             308.7           3499.5705     4006.6200     -507.0495
       149.1331                 19.8562             311.4           3402.4290     4032.5400     -630.1110
       149.1849                 19.8631             297.8           3329.5638     3904.0200     -574.4562
       149.2369                 19.8701             292.9           2818.0667     3857.5800    -1039.5133
       149.2500                 19.8718             288.3           3035.8039     3813.6600     -777.8561
       149.3020                 19.8787             308.6           3470.3888     4006.0800     -535.6912
       149.3539                 19.8857             300.1           3203.6672     3925.4400     -721.7728
       149.4058                 19.8926             307.3           3390.3241     3993.4800     -603.1559
       149.4577                 19.8995             288.2           3420.8271     3813.3000     -392.4729
       149.5098                 19.9065             315.1           3186.3420     4066.7400     -880.3980
       149.5618                 19.9134             303.9           3396.2667     3960.9000     -564.6333
       149.6137                 19.9203             304.3           3541.0954     3965.2200     -424.1246
       149.6655                 19.9272             297.1           3318.1916     3896.8200     -578.6284
       149.7174                 19.9342             287.3           3105.9292     3805.0200     -699.0908
       149.7693                 19.9411             308.6           3344.5033     4005.9000     -661.3967
       149.8213                 19.9480             315.5           3394.5383     4070.7000     -676.1617
       149.8733                 19.9550             311.9           3427.4258     4036.8600     -609.4342
       149.9253                 19.9619             315.8           3275.2075     4073.2200     -798.0125
       149.9774                 19.9688             317.6           3196.1938     4090.5000     -894.3062
       150.0294                 19.9757             313.9           3264.4749     4055.5800     -791.1051
       150.0813                 19.9827             290.8           3013.0701     3837.9600     -824.8899
       150.1333                 19.9896             315.7           3285.5109     4073.0400     -787.5291
       150.1854                 19.9965             301.0           3182.3068     3933.5400     -751.2332
       150.2376                 20.0034             321.2           3139.1746     4125.0600     -985.8854
       150.2500                 20.0051             309.7           3033.3016     4015.6200     -982.3184
       150.3019                 20.0120             315.6           3592.3815     4071.6000     -479.2185
       150.3539                 20.0189             299.1           3126.9747     3915.9000     -788.9253
       150.4057                 20.0259             326.9           3570.2719     4178.1600     -607.8881
       150.4577                 20.0328             308.3           3367.3746     4002.4800     -635.1054
       150.5096                 20.0397             317.3           3338.3292     4087.6200     -749.2908
       150.5616                 20.0467             320.6           3369.4285     4119.3000     -749.8715
       150.6135                 20.0536             313.6           3469.0392     4052.8800     -583.8408
       150.6655                 20.0605             299.0           3436.3866     3915.0000     -478.6134
       150.7174                 20.0674             313.0           3520.8880     4046.9400     -526.0520
       150.7692                 20.0744             307.6           3441.7936     3996.0000     -554.2064
       150.8211                 20.0813             312.3           3666.3999     4040.2800     -373.8801
       150.8730                 20.0882             316.8           3660.0730     4083.3000     -423.2270
       150.9249                 20.0951             294.8           3361.3958     3875.5800     -514.1842
       150.9768                 20.1021             306.1           3487.5536     3982.1400     -494.5864
       151.0288                 20.1090             295.6           3240.2535     3882.9600     -642.7065
       151.0809                 20.1159             319.7           3563.0621     4110.4800     -547.4179
       151.1328                 20.1229             302.5           3354.5816     3947.9400     -593.3584
       151.1849                 20.1298             296.4           3159.4673     3890.3400     -730.8727
       151.2369                 20.1367             332.3           3746.8469     4229.8200     -482.9731
       151.2500                 20.1385             289.6           3317.8715     3826.0800     -508.2085
       151.3019                 20.1454             308.5           3474.9626     4004.2800     -529.3174
       151.3539                 20.1523             307.6           3454.0076     3996.5400     -542.5324
       151.4059                 20.1592             323.7           3475.0160     4148.2800     -673.2640
       151.4579                 20.1662             300.6           3352.6139     3930.4800     -577.8661
       151.5098                 20.1731             303.2           3261.3352     3954.9600     -693.6248
       151.5617                 20.1800             311.9           3369.8486     4036.5000     -666.6514
       151.6136                 20.1870             297.2           3185.0162     3897.7200     -712.7038
       151.6656                 20.1939             300.5           3181.0727     3928.8600     -747.7873
       151.7177                 20.2008             314.1           3212.0535     4057.7400     -845.6865
       151.7696                 20.2077             308.8           3269.7174     4007.5200     -737.8026
       151.8216                 20.2147             311.1           3256.7881     4029.4800     -772.6919
       151.8736                 20.2216             307.0           3167.0618     3990.2400     -823.1782
       151.9255                 20.2285             321.8           3460.8110     4129.9200     -669.1090
       151.9775                 20.2354             309.2           3491.2315     4011.6600     -520.4285
       152.0295                 20.2424             302.1           3409.2733     3944.3400     -535.0667
       152.0814                 20.2493             306.4           3366.0910     3985.2000     -619.1090
       152.1333                 20.2562             305.8           3296.2647     3978.9000     -682.6353
       152.1852                 20.2632             300.7           3242.8534     3931.5600     -688.7066
       152.2371                 20.2701             298.3           3241.6426     3908.3400     -666.6974
       152.2500                 20.2718             286.4           3335.8428     3796.5600     -460.7172
       152.3018                 20.2787             278.8           3125.1466     3724.2000     -599.0534
       152.3537                 20.2857             316.9           3414.6441     4083.8400     -669.1959
       152.4057                 20.2926             319.6           3445.3601     4109.9400     -664.5799
       152.4578                 20.2995             307.6           3236.7264     3996.1800     -759.4536
       152.5097                 20.3064             300.0           3354.0726     3924.5400     -570.4674
       152.5616                 20.3134             310.9           3512.9988     4027.1400     -514.1412
       152.6136                 20.3203             311.0           3202.7812     4028.0400     -825.2588
       152.6657                 20.3272             305.1           3342.8112     3972.2400     -629.4288
       152.7175                 20.3342             314.3           3405.2997     4059.3600     -654.0603
       152.7694                 20.3411             327.2           3488.3099     4181.4000     -693.0901
       152.8213                 20.3480             297.9           3392.2019     3904.3800     -512.1781
       152.8734                 20.3549             316.8           3468.8572     4083.4800     -614.6228
       152.9254                 20.3619             299.6           3232.4420     3920.5800     -688.1380
       152.9773                 20.3688             312.1           3485.2569     4038.8400     -553.5831
       153.0293                 20.3757             301.6           3305.3831     3940.0200     -634.6369
       153.0812                 20.3826             311.0           3434.5075     4028.2200     -593.7125
       153.1332                 20.3896             307.4           3116.7191     3994.3800     -877.6609
       153.1851                 20.3965             306.2           3136.7722     3983.0400     -846.2678
       153.2368                 20.4034             308.9           3245.4083     4008.2400     -762.8317
       153.2500                 20.4052             300.9           3259.1338     3933.1800     -674.0462
       153.3019                 20.4121             302.5           3206.5394     3948.3000     -741.7606
       153.3539                 20.4190             315.5           3448.3449     4070.8800     -622.5351
       153.4060                 20.4260             310.3           3317.8058     4021.7400     -703.9342
       153.4579                 20.4329             304.1           3264.0497     3963.6000     -699.5503
       153.5098                 20.4398             306.5           3292.4023     3986.1000     -693.6977
       153.5617                 20.4467             298.5           3365.6485     3910.1400     -544.4915
       153.6136                 20.4537             299.3           3412.6659     3918.0600     -505.3941
       153.6656                 20.4606             279.6           2928.2920     3731.7600     -803.4680
       153.7176                 20.4675             313.6           3382.0724     4052.7000     -670.6276
       153.7695                 20.4745             322.5           3431.8030     4136.4000     -704.5970
       153.8214                 20.4814             317.1           3333.3236     4085.8200     -752.4964
       153.8733                 20.4883             301.4           3298.2268     3937.6800     -639.4532
       153.9252                 20.4952             303.5           3241.5628     3957.8400     -716.2772
       153.9771                 20.5022             305.0           3204.2312     3971.3400     -767.1088
       154.0289                 20.5091             296.3           3066.4730     3889.4400     -822.9670
       154.0808                 20.5160             317.3           3449.8639     4088.1600     -638.2961
       154.1328                 20.5230             289.6           3025.4118     3826.2600     -800.8482
       154.1850                 20.5299             293.2           2985.4812     3860.6400     -875.1588
       154.2369                 20.5368             307.8           3277.3144     3998.1600     -720.8456
       154.2500                 20.5386             317.5           3072.4463     4089.9600    -1017.5137
       154.3020                 20.5455             315.8           3205.6845     4073.4000     -867.7155
       154.3539                 20.5524             291.3           2721.9236     3842.4600    -1120.5364
       154.4058                 20.5593             300.9           3204.0628     3933.0000     -728.9372
       154.4577                 20.5663             296.1           3029.3315     3887.8200     -858.4885
       154.5096                 20.5732             310.6           3242.9721     4024.8000     -781.8279
       154.5617                 20.5801             301.7           3280.6913     3940.5600     -659.8687
       154.6136                 20.5870             317.9           3150.7015     4093.0200     -942.3185
       154.6655                 20.5940             304.0           3370.1601     3962.3400     -592.1799
       154.7176                 20.6009             293.7           3254.5120     3864.9600     -610.4480
       154.7696                 20.6078             321.4           3469.1089     4126.6800     -657.5711
       154.8215                 20.6148             305.8           3384.3800     3979.4400     -595.0600
       154.8734                 20.6217             296.5           3086.5900     3891.7800     -805.1900
       154.9253                 20.6286             292.9           3080.7364     3857.4000     -776.6636
       154.9773                 20.6355             318.4           3428.4981     4098.0600     -669.5619
       155.0292                 20.6425             318.2           3177.9553     4095.9000     -917.9447
       155.0811                 20.6494             285.5           3009.0326     3787.7400     -778.7074
       155.1331                 20.6563             301.7           3051.3888     3940.9200     -889.5312
       155.1851                 20.6633             292.2           2971.9243     3851.1000     -879.1757
       155.2369                 20.6702             293.0           3083.0234     3858.4800     -775.4566
       155.2500                 20.6719             318.2           3368.9593     4096.0800     -727.1207
       155.3019                 20.6789             314.8           2960.2998     4064.2200    -1103.9202
       155.3539                 20.6858             297.9           2944.9915     3904.5600     -959.5685
       155.4059                 20.6927             301.8           3099.2914     3941.8200     -842.5286
       155.4579                 20.6996             311.0           3138.0328     4028.2200     -890.1872
       155.5099                 20.7066             321.5           3353.7226     4127.0400     -773.3174
       155.5619                 20.7135             293.1           2986.9135     3859.3800     -872.4665
       155.6137                 20.7204             302.0           3293.7577     3943.2600     -649.5023
       155.6656                 20.7273             308.1           3214.2503     4000.6800     -786.4297
       155.7176                 20.7343             313.2           3086.7464     4049.1000     -962.3536
       155.7694                 20.7412             299.7           2896.3734     3921.4800    -1025.1066
       155.8211                 20.7481             290.9           2999.7599     3838.3200     -838.5601
       155.8731                 20.7551             308.3           3194.8326     4002.8400     -808.0074
       155.9250                 20.7620             300.2           3095.3613     3926.7000     -831.3387
       155.9769                 20.7689             301.4           2928.0234     3937.3200    -1009.2966
       156.0288                 20.7758             305.0           3106.6886     3971.3400     -864.6514
       156.0806                 20.7828             316.7           3405.5210     4082.0400     -676.5190
       156.1325                 20.7897             303.5           3192.1288     3957.3000     -765.1712
       156.1844                 20.7966             304.5           3188.7189     3967.0200     -778.3011
       156.2364                 20.8036             312.0           3112.6386     4037.4000     -924.7614
       156.2500                 20.8054             310.2           3083.3040     4020.3000     -936.9960
       156.3017                 20.8123             300.0           3162.8299     3924.7200     -761.8901
       156.3537                 20.8192             293.9           3151.2141     3866.9400     -715.7259
       156.4055                 20.8262             315.4           3221.2615     4070.1600     -848.8985
       156.4574                 20.8331             312.9           3232.3678     4046.4000     -814.0322
       156.5092                 20.8400             307.5           3097.5666     3995.4600     -897.8934
       156.5611                 20.8469             314.7           3225.1731     4063.6800     -838.5069
       156.6130                 20.8539             296.0           3217.4324     3886.3800     -668.9476
       156.6648                 20.8608             312.9           3268.9137     4045.8600     -776.9463
       156.7165                 20.8677             310.7           2961.4652     4025.5200    -1064.0548
       156.7685                 20.8747             302.4           2928.7265     3947.2200    -1018.4935
       156.8204                 20.8816             304.4           3086.3891     3965.9400     -879.5509
       156.8723                 20.8885             304.8           3042.0793     3969.9000     -927.8207
       156.9242                 20.8954             296.6           2952.1693     3892.3200     -940.1507
       156.9760                 20.9024             329.5           3193.8444     4202.6400    -1008.7956
       157.0280                 20.9093             305.4           3093.0682     3975.1200     -882.0518
       157.0799                 20.9162             319.7           3437.7813     4110.1200     -672.3387
       157.1316                 20.9231             323.8           3449.0035     4148.8200     -699.8165
       157.1835                 20.9301             319.2           3245.2918     4105.2600     -859.9682
       157.2354                 20.9370             314.9           3101.9986     4065.1200     -963.1214
       157.2500                 20.9390             316.8           3101.1491     4083.1200     -981.9709
       157.3019                 20.9459             315.9           3191.5239     4074.8400     -883.3161
       157.3538                 20.9528             313.9           3180.6137     4055.7600     -875.1463
       157.4057                 20.9597             306.5           2789.2568     3985.7400    -1196.4832
       157.4575                 20.9667             318.7           2921.6686     4100.5800    -1178.9114
       157.5096                 20.9736             303.4           3005.0722     3956.9400     -951.8678
       157.5616                 20.9805             314.7           3162.3408     4063.6800     -901.3392
       157.6134                 20.9875             301.3           2863.5853     3936.4200    -1072.8347
       157.6653                 20.9944             309.5           3078.1136     4014.5400     -936.4264
       157.7173                 21.0013             312.8           3061.2547     4045.5000     -984.2453
       157.7692                 21.0082             307.3           2863.3863     3993.4800    -1130.0937
       157.8211                 21.0152             313.0           3301.7704     4046.7600     -744.9896
       157.8729                 21.0221             303.9           3088.6488     3961.6200     -872.9712
       157.9249                 21.0290             291.4           3179.7649     3843.7200     -663.9551
       157.9768                 21.0359             303.6           3146.9753     3958.0200     -811.0447
       158.0286                 21.0429             321.4           3400.7800     4126.8600     -726.0800
       158.0802                 21.0498             317.7           3129.1839     4091.9400     -962.7561
       158.1322                 21.0567             294.6           2844.4642     3873.4200    -1028.9558
       158.1842                 21.0637             315.8           3100.0289     4073.9400     -973.9111
       158.2360                 21.0706             316.7           3207.9912     4081.6800     -873.6888
       158.2500                 21.0724             327.5           3227.8022     4184.4600     -956.6578
       158.3018                 21.0794             305.1           3158.6824     3972.2400     -813.5576
       158.3537                 21.0863             304.2           3099.9000     3963.7800     -863.8800
       158.4056                 21.0932             318.9           3208.7608     4102.5600     -893.7992
       158.4575                 21.1002             308.2           3132.6725     4002.3000     -869.6275
       158.5092                 21.1071             319.2           3242.9021     4105.9800     -863.0779
       158.5611                 21.1140             302.2           3138.3647     3945.6000     -807.2353
       158.6128                 21.1209             304.8           3098.6490     3970.0800     -871.4310
       158.6647                 21.1279             301.4           2960.0452     3937.6800     -977.6348
       158.7165                 21.1348             309.0           3098.2730     4009.3200     -911.0470
       158.7684                 21.1417             313.8           3358.7960     4054.6800     -695.8840
       158.8202                 21.1487             295.5           3004.3342     3881.7000     -877.3658
       158.8720                 21.1556             303.8           3180.9391     3960.7200     -779.7809
       158.9238                 21.1625             301.6           3142.8185     3939.4800     -796.6615
       158.9757                 21.1694             308.1           3073.3706     4001.0400     -927.6694
       159.0276                 21.1764             299.1           3037.1202     3916.0800     -878.9598
       159.0794                 21.1833             303.0           2918.0823     3952.4400    -1034.3577
       159.1312                 21.1902             298.0           2784.9539     3906.0000    -1121.0461
       159.1831                 21.1971             315.5           3186.7467     4070.3400     -883.5933
       159.2351                 21.2041             301.1           2938.5651     3935.1600     -996.5949
       159.2500                 21.2061             303.0           2928.5864     3952.9800    -1024.3936
       159.3020                 21.2130             296.8           2764.0395     3894.4800    -1130.4405
       159.3539                 21.2199             313.3           3008.3628     4049.8200    -1041.4572
       159.4057                 21.2269             304.3           2995.5670     3964.6800     -969.1130
       159.4574                 21.2338             281.9           2716.6892     3753.5400    -1036.8508
       159.5093                 21.2407             294.5           2831.4114     3872.5200    -1041.1086
       159.5611                 21.2476             313.3           3133.2689     4050.1800     -916.9111
       159.6131                 21.2546             311.9           3267.1529     4036.5000     -769.3471
       159.6649                 21.2615             293.5           3027.7756     3863.3400     -835.5644
       159.7167                 21.2684             306.0           3109.9272     3981.2400     -871.3128
       159.7686                 21.2753             305.1           3172.9302     3972.7800     -799.8498
       159.8203                 21.2823             316.7           3200.7775     4081.6800     -880.9025
       159.8721                 21.2892             296.6           3168.6463     3892.3200     -723.6737
       159.9240                 21.2961             308.9           3092.7895     4008.4200     -915.6305
       159.9760                 21.3031             302.0           2991.3234     3943.2600     -951.9366
       160.0278                 21.3100             309.6           3372.9241     4015.2600     -642.3359
       160.0797                 21.3169             310.1           3231.9595     4019.4000     -787.4405
       160.1316                 21.3238             306.0           3064.6009     3981.4200     -916.8191
       160.1836                 21.3308             303.2           3036.7529     3954.2400     -917.4871
       160.2355                 21.3377             316.3           3146.0222     4078.8000     -932.7778
       160.2500                 21.3396             317.9           3190.7567     4093.5600     -902.8033
       160.3020                 21.3466             294.0           3082.8110     3867.8400     -785.0290
       160.3540                 21.3535             308.4           3200.1691     4003.7400     -803.5709
       160.4059                 21.3604             318.3           3443.3858     4096.9800     -653.5942
       160.4578                 21.3673             312.8           3209.3765     4044.9600     -835.5835
       160.5098                 21.3743             310.2           3066.6076     4020.6600     -954.0524
       160.5618                 21.3812             308.9           3271.4053     4008.0600     -736.6547
       160.6136                 21.3881             316.2           3313.0536     4077.1800     -764.1264
       160.6653                 21.3951             317.1           3337.6741     4086.0000     -748.3259
       160.7172                 21.4020             321.1           3540.5013     4123.4400     -582.9387
       160.7690                 21.4089             308.4           3101.4561     4003.3800     -901.9239
       160.8211                 21.4158             283.5           2826.0691     3768.6600     -942.5909
       160.8728                 21.4228             309.9           3029.4476     4018.1400     -988.6924
       160.9247                 21.4297             294.5           2864.1449     3872.5200    -1008.3751
       160.9767                 21.4366             305.9           3238.0303     3980.1600     -742.1297
       161.0285                 21.4436             307.1           3148.2011     3991.3200     -843.1189
       161.0803                 21.4505             300.7           3230.3500     3931.0200     -700.6700
       161.1322                 21.4574             307.4           3084.6452     3994.5600     -909.9148
       161.1841                 21.4643             325.3           3341.0611     4163.0400     -821.9789
       161.2360                 21.4713             315.5           2897.7748     4070.3400    -1172.5652
       161.2500                 21.4731             325.5           3025.3464     4165.3800    -1140.0336
       161.3019                 21.4800             308.4           3292.5004     4003.7400     -711.2396
       161.3537                 21.4870             295.0           3254.9371     3877.7400     -622.8029
       161.4056                 21.4939             307.0           3323.9570     3990.9600     -667.0030
       161.4576                 21.5008             308.0           3156.6992     4000.3200     -843.6208
       161.5096                 21.5078             316.5           3543.9346     4079.8800     -535.9454
       161.5615                 21.5147             326.6           3427.7070     4176.0000     -748.2930
       161.6135                 21.5216             306.0           3344.0822     3981.0600     -636.9778
       161.6654                 21.5285             310.8           3630.1727     4026.4200     -396.2473
       161.7173                 21.5355             310.2           3325.7052     4021.2000     -695.4948
       161.7692                 21.5424             308.1           3495.7071     4000.8600     -505.1529
       161.8211                 21.5493             299.5           3440.6296     3919.8600     -479.2304
       161.8729                 21.5563             320.2           3441.4245     4114.8000     -673.3755
       161.9250                 21.5632             310.5           3366.8448     4023.1800     -656.3352
       161.9770                 21.5701             299.2           3138.3001     3917.3400     -779.0399
       162.0290                 21.5770             315.8           3315.9260     4073.4000     -757.4740
       162.0810                 21.5840             299.6           3210.3666     3920.4000     -710.0334
       162.1329                 21.5909             329.0           3361.4036     4197.9600     -836.5564
       162.1849                 21.5978             304.0           3304.1709     3962.7000     -658.5291
       162.2368                 21.6047             324.0           3418.2451     4151.1600     -732.9149
       162.2500                 21.6065             320.4           3402.7100     4117.3200     -714.6100
       162.3021                 21.6134             309.9           3073.1105     4017.6000     -944.4895
       162.3541                 21.6204             310.8           3269.4150     4026.0600     -756.6450
       162.4060                 21.6273             307.9           3538.3413     3999.0600     -460.7187
       162.4580                 21.6342             316.8           3326.3584     4082.7600     -756.4016
       162.5099                 21.6411             286.3           3157.7196     3795.4800     -637.7604
       162.5620                 21.6481             321.2           3484.4448     4124.3400     -639.8952
       162.6140                 21.6550             327.1           3422.4300     4179.9600     -757.5300
       162.6659                 21.6619             309.1           3437.1491     4010.2200     -573.0709
       162.7179                 21.6689             313.0           3356.0055     4047.4800     -691.4745
       162.7698                 21.6758             306.3           2953.9232     3984.3000    -1030.3768
       162.8218                 21.6827             303.2           3034.9977     3954.4200     -919.4223
       162.8739                 21.6896             310.6           3317.1889     4024.0800     -706.8911
       162.9258                 21.6966             291.5           3276.6568     3844.4400     -567.7832
       162.9778                 21.7035             324.7           3289.3301     4157.4600     -868.1299
       163.0298                 21.7104             301.0           3150.0774     3933.5400     -783.4626
       163.0818                 21.7173             310.8           3203.7369     4026.2400     -822.5031
       163.1339                 21.7243             317.6           3367.0614     4090.1400     -723.0786
       163.1859                 21.7312             304.1           3293.5005     3963.4200     -669.9195
       163.2378                 21.7381             303.3           3241.6781     3955.8600     -714.1819
       163.2500                 21.7398             303.2           3116.0882     3954.2400     -838.1518
       163.3019                 21.7467             302.3           3076.9005     3946.5000     -869.5995
       163.3540                 21.7536             313.4           3178.8241     4050.9000     -872.0759
       163.4059                 21.7605             296.3           3249.5415     3889.4400     -639.8985
       163.4578                 21.7675             321.4           3653.2302     4126.6800     -473.4498
       163.5099                 21.7744             301.6           3161.4360     3939.4800     -778.0440
       163.5619                 21.7813             316.8           3054.9259     4083.3000    -1028.3741
       163.6139                 21.7883             311.1           2928.6529     4029.4800    -1100.8271
       163.6661                 21.7952             304.0           3011.8799     3962.1600     -950.2801
       163.7180                 21.8021             309.6           3487.0236     4014.9000     -527.8764
       163.7699                 21.8090             300.7           3050.1076     3930.8400     -880.7324
       163.8219                 21.8160             308.4           3264.6904     4003.9200     -739.2296
       163.8739                 21.8229             293.8           3156.0651     3866.4000     -710.3349
       163.9259                 21.8298             308.7           3333.3570     4006.4400     -673.0830
       163.9779                 21.8367             293.3           3250.8508     3861.5400     -610.6892
       164.0298                 21.8437             295.9           3360.4397     3885.6600     -525.2203
       164.0817                 21.8506             312.9           3569.2227     4046.0400     -476.8173
       164.1338                 21.8575             327.8           3506.3315     4186.4400     -680.1085
       164.1857                 21.8645             331.6           3527.2077     4222.9800     -695.7723
       164.2377                 21.8714             322.6           3515.9583     4137.6600     -621.7017
       164.2500                 21.8730             293.7           3049.8253     3864.7800     -814.9547
       164.3020                 21.8799             301.1           3231.9003     3934.8000     -702.8997
       164.3540                 21.8869             287.4           3125.6412     3805.2000     -679.5588
       164.4060                 21.8938             315.4           3386.1380     4069.6200     -683.4820
       164.4580                 21.9007             319.3           3468.8814     4106.8800     -637.9986
       164.5099                 21.9077             309.8           3359.5581     4016.8800     -657.3219
       164.5617                 21.9146             277.9           3135.3224     3715.9200     -580.5976
       164.6137                 21.9215             306.7           3427.2961     3988.0800     -560.7839
       164.6657                 21.9284             316.0           3432.5316     4075.2000     -642.6684
       164.7176                 21.9354             293.0           3227.4492     3858.8400     -631.3908
       164.7695                 21.9423             292.0           3128.0875     3849.1200     -721.0325
       164.8214                 21.9492             299.2           3389.5139     3916.8000     -527.2861
       164.8733                 21.9561             325.8           3634.8556     4168.4400     -533.5844
       164.9252                 21.9631             322.5           3547.8267     4136.4000     -588.5733
       164.9771                 21.9700             304.2           3299.8171     3964.5000     -664.6829
       165.0291                 21.9769             290.6           3282.4738     3835.4400     -552.9662
       165.0810                 21.9839             298.4           3041.5307     3909.0600     -867.5293
       165.1331                 21.9908             315.3           3369.7806     4068.7200     -698.9394
       165.1851                 21.9977             294.7           3183.0586     3874.1400     -691.0814
       165.2371                 22.0046             325.4           3373.9764     4164.4800     -790.5036
       165.2500                 22.0064             315.4           3239.2149     4069.4400     -830.2251
       165.3019                 22.0133             306.0           3310.5900     3981.4200     -670.8300
       165.3541                 22.0202             305.5           3319.5530     3976.5600     -657.0070
       165.4061                 22.0271             300.6           3262.9584     3929.9400     -666.9816
       165.4580                 22.0341             306.9           3416.9230     3989.3400     -572.4170
       165.5099                 22.0410             319.1           3794.6035     4104.3600     -309.7565
       165.5618                 22.0479             301.3           3357.2757     3936.7800     -579.5043
       165.6136                 22.0549             310.6           3396.2578     4024.0800     -627.8222
       165.6656                 22.0618             320.8           3391.6915     4120.7400     -729.0485
       165.7175                 22.0687             300.4           3318.1736     3928.3200     -610.1464
       165.7695                 22.0756             312.8           3476.0346     4045.5000     -569.4654
       165.8214                 22.0826             292.3           3188.6283     3851.4600     -662.8317
       165.8733                 22.0895             307.1           3529.4840     3991.6800     -462.1960
       165.9253                 22.0964             289.9           3143.4540     3829.5000     -686.0460
       165.9772                 22.1033             322.0           3388.5278     4131.9000     -743.3722
       166.0292                 22.1103             305.5           3591.3759     3976.5600     -385.1841
       166.0812                 22.1172             301.4           3247.2303     3937.3200     -690.0897
       166.1330                 22.1241             316.2           3620.8464     4077.7200     -456.8736
       166.1849                 22.1311             314.3           3553.8457     4059.7200     -505.8743
       166.2366                 22.1380             288.7           3361.7632     3817.6200     -455.8568
       166.2500                 22.1398             325.1           3802.3657     4161.2400     -358.8743
       166.3019                 22.1467             302.1           3358.5552     3944.5200     -585.9648
       166.3538                 22.1536             302.1           3557.2281     3943.9800     -386.7519
       166.4058                 22.1605             310.6           3430.9685     4024.9800     -594.0115
       166.4577                 22.1675             318.6           3494.2932     4099.8600     -605.5668
       166.5096                 22.1744             297.5           3372.1761     3901.3200     -529.1439
       166.5616                 22.1813             322.2           3294.6068     4133.8800     -839.2732
       166.6137                 22.1883             312.5           3398.7643     4042.8000     -644.0357
       166.6655                 22.1952             310.2           3437.6262     4020.4800     -582.8538
       166.7175                 22.2021             299.1           3250.5114     3916.4400     -665.9286
       166.7694                 22.2090             296.4           3287.6188     3890.1600     -602.5412
       166.8213                 22.2160             290.1           3179.2528     3831.3000     -652.0472
       166.8735                 22.2229             300.9           3300.8078     3933.3600     -632.5522
       166.9256                 22.2298             305.5           3246.0369     3976.3800     -730.3431
       166.9774                 22.2367             298.8           3282.7189     3913.3800     -630.6611
       167.0294                 22.2437             316.0           3686.4757     4075.2000     -388.7243
       167.0812                 22.2506             293.8           3249.1292     3865.5000     -616.3708
       167.1332                 22.2575             324.6           3466.9845     4156.7400     -689.7555
       167.1853                 22.2645             327.1           3351.4577     4179.9600     -828.5023
       167.2373                 22.2714             315.4           3563.9695     4070.1600     -506.1905
       167.2500                 22.2731             316.0           3555.3292     4075.2000     -519.8708
       167.3019                 22.2800             309.3           3407.0987     4012.3800     -605.2813
       167.3539                 22.2869             323.6           3508.1543     4147.5600     -639.4057
       167.4059                 22.2939             315.2           3433.3912     4068.0000     -634.6088
       167.4578                 22.3008             307.6           3478.4207     3996.0000     -517.5793
       167.5098                 22.3077             298.5           3178.2475     3910.6800     -732.4325
       167.5618                 22.3146             316.6           3263.5293     4081.1400     -817.6107
       167.6138                 22.3216             331.7           3652.4654     4223.5200     -571.0546
       167.6659                 22.3285             305.5           3566.3909     3976.3800     -409.9891
       167.7178                 22.3354             322.0           3489.0121     4132.0800     -643.0679
       167.7698                 22.3423             320.0           3499.9346     4113.0000     -613.0654
       167.8217                 22.3493             308.3           3404.3648     4003.0200     -598.6552
       167.8736                 22.3562             294.7           3360.7085     3874.3200     -513.6115
       167.9257                 22.3631             302.4           3544.0100     3947.4000     -403.3900
       167.9776                 22.3701             298.5           3365.4761     3909.9600     -544.4839
       168.0295                 22.3770             303.0           3357.6922     3952.4400     -594.7478
       168.0815                 22.3839             316.3           3289.3901     4078.4400     -789.0499
       168.1334                 22.3908             305.5           3101.1536     3976.2000     -875.0464
       168.1855                 22.3978             325.7           3353.5812     4166.8200     -813.2388
       168.2375                 22.4047             320.4           3446.8174     4116.9600     -670.1426
       168.2500                 22.4064             323.2           3255.8032     4143.4200     -887.6168
       168.3019                 22.4133             295.1           3226.5655     3877.9200     -651.3545
       168.3539                 22.4202             304.7           3226.3237     3968.8200     -742.4963
       168.4058                 22.4271             323.4           3499.5328     4145.2200     -645.6872
       168.4577                 22.4341             306.3           3345.4836     3983.7600     -638.2764
       168.5098                 22.4410             312.8           3270.0547     4045.3200     -775.2653
       168.5617                 22.4479             279.7           3149.0317     3733.2000     -584.1683
       168.6137                 22.4549             313.2           3423.7590     4049.2800     -625.5210
       168.6656                 22.4618             311.9           3509.9101     4037.0400     -527.1299
       168.7175                 22.4687             300.3           3214.0196     3927.2400     -713.2204
       168.7693                 22.4756             301.2           3453.3590     3936.0600     -482.7010
       168.8211                 22.4826             309.4           3376.6385     4013.2800     -636.6415
       168.8731                 22.4895             300.5           3308.4007     3929.5800     -621.1793
       168.9251                 22.4964             315.1           3355.3158     4067.2800     -711.9642
       168.9770                 22.5034             307.0           3410.3219     3990.6000     -580.2781
       169.0290                 22.5103             321.4           3694.4598     4126.6800     -432.2202
       169.0810                 22.5172             310.7           3329.4173     4025.3400     -695.9227
       169.1329                 22.5241             310.9           3356.5874     4027.3200     -670.7326
       169.1848                 22.5311             320.6           3491.2965     4118.7600     -627.4635
       169.2367                 22.5380             307.8           3144.9139     3997.9800     -853.0661
       169.2500                 22.5398             313.1           3096.3675     4048.5600     -952.1925
       169.3020                 22.5467             309.0           3413.9050     4009.8600     -595.9550
       169.3538                 22.5536             313.4           3474.1650     4050.5400     -576.3750
       169.4057                 22.5606             296.3           3153.5804     3889.8000     -736.2196
       169.4576                 22.5675             313.1           3369.1358     4048.3800     -679.2442
       169.5096                 22.5744             313.4           3524.9490     4050.5400     -525.5910
       169.5615                 22.5813             303.3           3281.0825     3955.8600     -674.7775
       169.6134                 22.5883             310.0           3402.0706     4019.0400     -616.9694
       169.6652                 22.5952             296.0           3465.4353     3887.1000     -421.6647
       169.7172                 22.6021             304.7           3488.2951     3968.8200     -480.5249
       169.7690                 22.6090             322.5           3575.7435     4137.3000     -561.5565
       169.8207                 22.6160             308.2           3527.5193     4001.9400     -474.4207
       169.8728                 22.6229             298.5           3210.0627     3910.6800     -700.6173
       169.9247                 22.6298             311.4           3542.4801     4031.8200     -489.3399
       169.9764                 22.6368             315.2           3294.9759     4068.3600     -773.3841
       170.0283                 22.6437             309.6           3248.8003     4015.4400     -766.6397
       170.0804                 22.6506             311.5           3307.9488     4033.2600     -725.3112
       170.1323                 22.6575             302.2           3166.3988     3945.2400     -778.8412
       170.1843                 22.6645             285.9           2924.3143     3791.3400     -867.0257
       170.2363                 22.6714             307.1           3243.5753     3991.5000     -747.9247
       170.2500                 22.6732             290.7           3020.6982     3836.7000     -816.0018
       170.3022                 22.6801             312.9           3160.3353     4046.0400     -885.7047
       170.3541                 22.6871             290.2           3095.9455     3831.6600     -735.7145
       170.4060                 22.6940             312.4           3421.7494     4041.9000     -620.1506
       170.4578                 22.7009             313.2           3695.6948     4049.1000     -353.4052
       170.5095                 22.7079             312.9           3496.3048     4046.2200     -549.9152
       170.5614                 22.7148             310.5           3490.8508     4023.9000     -533.0492
       170.6134                 22.7217             309.7           3353.8404     4016.3400     -662.4996
       170.6656                 22.7286             304.2           3307.5863     3963.9600     -656.3737
       170.7176                 22.7356             297.7           3196.2106     3902.5800     -706.3694
       170.7695                 22.7425             321.4           3762.1074     4126.3200     -364.2126
       170.8214                 22.7494             313.6           3483.6067     4052.8800     -569.2733
       170.8733                 22.7564             302.3           3438.9135     3945.7800     -506.8665
       170.9251                 22.7633             305.6           3469.2673     3977.1000     -507.8327
       170.9770                 22.7702             301.9           3316.2152     3942.5400     -626.3248
       171.0290                 22.7771             292.7           2963.4548     3855.2400     -891.7852
       171.0810                 22.7841             301.8           3135.1395     3941.4600     -806.3205
       171.1330                 22.7910             301.2           3415.3736     3936.0600     -520.6864
       171.1849                 22.7979             316.2           3401.5214     4077.1800     -675.6586
       171.2369                 22.8048             309.0           3228.5091     4009.1400     -780.6309
       171.2500                 22.8066             321.8           3373.5486     4130.2800     -756.7314
       171.3020                 22.8135             313.7           3404.0967     4054.1400     -650.0433
       171.3539                 22.8205             317.6           3363.1260     4090.1400     -727.0140
       171.4058                 22.8274             299.7           3130.7210     3921.3000     -790.5790
       171.4578                 22.8343             307.1           3382.9089     3991.8600     -608.9511
       171.5098                 22.8412             309.8           3308.6969     4016.7000     -708.0031
       171.5617                 22.8482             300.5           3411.5078     3929.2200     -517.7122
       171.6136                 22.8551             303.6           3474.7014     3958.5600     -483.8586
       171.6654                 22.8620             309.3           3429.9694     4012.7400     -582.7706
       171.7174                 22.8689             315.4           3473.4038     4069.4400     -596.0362
       171.7694                 22.8759             309.1           3322.6787     4010.0400     -687.3613
       171.8215                 22.8828             306.3           3336.7735     3983.9400     -647.1665
       171.8736                 22.8897             301.8           3268.7701     3941.6400     -672.8699
       171.9255                 22.8967             315.2           3446.5346     4067.8200     -621.2854
       171.9775                 22.9036             299.8           3288.6942     3922.7400     -634.0458
       172.0293                 22.9105             319.0           3435.8791     4104.1800     -668.3009
       172.0813                 22.9174             303.5           3141.3066     3957.6600     -816.3534
       172.1332                 22.9244             315.2           3290.8445     4067.6400     -776.7955
       172.1852                 22.9313             306.2           3388.4646     3983.2200     -594.7554
       172.2371                 22.9382             304.0           3113.5767     3962.1600     -848.5833
       172.2500                 22.9399             289.5           2975.8330     3825.0000     -849.1670
       172.3020                 22.9469             311.3           3185.2284     4030.9200     -845.6916
       172.3540                 22.9538             305.0           2981.9445     3972.0600     -990.1155
       172.4059                 22.9607             306.3           3371.1032     3984.1200     -613.0168
       172.4581                 22.9677             305.9           3121.6677     3979.8000     -858.1323
       172.5100                 22.9746             314.5           3303.7706     4061.7000     -757.9294
       172.5619                 22.9815             310.5           3371.6019     4023.9000     -652.2981
       172.6138                 22.9884             309.8           3194.2761     4017.0600     -822.7839
       172.6659                 22.9954             285.9           3314.3726     3791.5200     -477.1474
       172.7177                 23.0023             316.2           3545.7260     4077.0000     -531.2740
       172.7698                 23.0092             295.4           3400.7901     3881.5200     -480.7299
       172.8217                 23.0161             307.1           3329.7027     3991.8600     -662.1573
       172.8738                 23.0231             299.3           2998.2585     3917.8800     -919.6215
       172.9257                 23.0300             316.1           3475.1092     4076.8200     -601.7108
       172.9777                 23.0369             308.4           3295.6924     4003.5600     -707.8676
       173.0297                 23.0439             310.3           3472.5327     4022.1000     -549.5673
       173.0816                 23.0508             289.1           3249.6793     3821.2200     -571.5407
       173.1336                 23.0577             288.8           3230.3938     3818.3400     -587.9462
       173.1855                 23.0646             311.4           3458.3921     4032.1800     -573.7879
       173.2374                 23.0716             304.1           3245.1232     3963.6000     -718.4768
       173.2500                 23.0732             317.5           3397.7516     4089.6000     -691.8484
       173.3020                 23.0802             308.3           3266.6614     4002.8400     -736.1786
       173.3538                 23.0871             308.4           3466.6348     4004.1000     -537.4652
       173.4056                 23.0940             312.3           3197.6993     4041.0000     -843.3007
       173.4575                 23.1010             312.2           3401.8023     4039.3800     -637.5777
       173.5094                 23.1079             310.7           3207.1691     4025.3400     -818.1709
       173.5615                 23.1148             307.8           3402.7052     3997.9800     -595.2748
       173.6135                 23.1217             297.9           3270.3986     3905.1000     -634.7014
       173.6653                 23.1287             302.4           3170.7430     3947.2200     -776.4770
       173.7172                 23.1356             331.4           3551.2230     4221.0000     -669.7770
       173.7692                 23.1425             317.8           3240.7253     4092.8400     -852.1147
       173.8212                 23.1494             294.8           3025.9458     3875.0400     -849.0942
       173.8733                 23.1564             304.6           3207.5822     3967.5600     -759.9778
       173.9252                 23.1633             305.7           3182.4122     3978.0000     -795.5878
       173.9773                 23.1702             298.0           3282.2995     3906.0000     -623.7005
       174.0293                 23.1772             311.2           3369.3580     4030.3800     -661.0220
       174.0812                 23.1841             311.7           3252.2517     4034.5200     -782.2683
       174.1331                 23.1910             315.3           3360.7488     4069.0800     -708.3312
       174.1850                 23.1979             319.6           3460.8164     4109.7600     -648.9436
       174.2371                 23.2049             307.7           3148.1910     3996.7200     -848.5290
       174.2500                 23.2066             318.2           3197.8182     4096.2600     -898.4418
       174.3021                 23.2135             299.8           3071.6923     3922.9200     -851.2277
       174.3540                 23.2204             305.9           3145.9298     3980.1600     -834.2302
       174.4060                 23.2274             306.3           3070.2228     3984.3000     -914.0772
       174.4580                 23.2343             297.7           3059.4817     3902.9400     -843.4583
       174.5100                 23.2412             312.1           3266.0024     4039.0200     -773.0176
       174.5620                 23.2482             310.3           3053.3543     4021.7400     -968.3857
       174.6140                 23.2551             325.2           3188.6177     4162.6800     -974.0623
       174.6660                 23.2620             303.9           3271.4238     3961.0800     -689.6562
       174.7177                 23.2689             312.3           3237.4706     4040.4600     -802.9894
       174.7696                 23.2759             302.4           3414.7408     3946.8600     -532.1192
       174.8214                 23.2828             294.7           3206.0122     3874.6800     -668.6678
       174.8734                 23.2897             296.6           3197.6666     3892.5000     -694.8334
       174.9253                 23.2967             294.7           3375.2383     3874.5000     -499.2617
       174.9770                 23.3036             301.4           3374.3969     3937.3200     -562.9231
       175.0290                 23.3105             310.2           3475.3172     4020.8400     -545.5228
       175.0810                 23.3174             325.6           3562.9711     4165.7400     -602.7689
       175.1330                 23.3244             295.2           3419.9496     3879.0000     -459.0504
       175.1849                 23.3313             305.7           3462.2437     3978.1800     -515.9363
       175.2368                 23.3382             301.6           3413.7356     3939.8400     -526.1044
       175.2500                 23.3400             309.7           3458.5765     4015.8000     -557.2235
       175.3020                 23.3469             302.8           3184.4559     3950.4600     -766.0041
       175.3540                 23.3538             305.2           3255.2058     3973.3200     -718.1142
       175.4059                 23.3608             299.4           3213.2678     3919.1400     -705.8722
       175.4577                 23.3677             314.7           3372.8746     4062.9600     -690.0854
       175.5096                 23.3746             314.2           3386.1196     4058.2800     -672.1604
       175.5616                 23.3815             310.3           3455.4617     4021.3800     -565.9183
       175.6136                 23.3885             318.0           3185.8147     4094.1000     -908.2853
       175.6655                 23.3954             310.2           3375.1119     4021.0200     -645.9081
       175.7174                 23.4023             295.4           3163.5547     3880.8000     -717.2453
       175.7694                 23.4092             302.9           3152.9592     3951.9000     -798.9408
       175.8213                 23.4162             302.9           3395.2904     3952.0800     -556.7896
       175.8733                 23.4231             299.4           3417.2473     3918.4200     -501.1727
       175.9251                 23.4300             306.4           3541.0324     3985.2000     -444.1676
       175.9769                 23.4370             314.2           3373.5416     4058.6400     -685.0984
       176.0288                 23.4439             312.6           3467.8847     4043.7000     -575.8153
       176.0807                 23.4508             305.1           3226.6288     3972.6000     -745.9712
       176.1326                 23.4577             304.6           3177.5979     3967.5600     -789.9621
       176.1846                 23.4647             315.0           3443.5953     4065.8400     -622.2447
       176.2365                 23.4716             320.8           3292.2900     4120.7400     -828.4500
       176.2500                 23.4734             310.1           3245.7961     4020.1200     -774.3239
       176.3019                 23.4803             302.1           3420.8858     3944.3400     -523.4542
       176.3539                 23.4872             315.1           3419.3915     4066.9200     -647.5285
       176.4058                 23.4942             318.5           3314.1571     4098.7800     -784.6229
       176.4579                 23.5011             285.6           3121.0932     3788.2800     -667.1868
       176.5098                 23.5080             309.1           3229.5071     4010.7600     -781.2529
       176.5619                 23.5149             315.1           3439.7690     4066.9200     -627.1510
       176.6139                 23.5219             317.1           3372.2409     4085.4600     -713.2191
       176.6658                 23.5288             316.8           3365.0259     4083.1200     -718.0941
       176.7177                 23.5357             318.9           3494.1780     4102.9200     -608.7420
       176.7699                 23.5427             286.0           3058.0723     3792.6000     -734.5277
       176.8218                 23.5496             303.0           3421.3774     3952.8000     -531.4226
       176.8738                 23.5565             305.8           3479.1518     3979.6200     -500.4682
       176.9257                 23.5634             318.8           3248.9856     4102.0200     -853.0344
       176.9777                 23.5704             309.3           3383.1477     4012.5600     -629.4123
       177.0298                 23.5773             299.2           3316.8570     3917.3400     -600.4830
       177.0815                 23.5842             296.6           3279.1908     3892.1400     -612.9492
       177.1335                 23.5912             309.9           3136.2783     4017.9600     -881.6817
       177.1853                 23.5981             315.9           3062.7275     4074.4800    -1011.7525
       177.2372                 23.6050             302.6           3238.8013     3948.6600     -709.8587
       177.2500                 23.6067             300.1           3079.9222     3925.4400     -845.5178
       177.3019                 23.6136             322.3           3272.9215     4134.6000     -861.6785
       177.3538                 23.6206             311.3           3234.2080     4031.2800     -797.0720
       177.4057                 23.6275             302.0           3153.6448     3943.6200     -789.9752
       177.4575                 23.6344             303.5           2927.4939     3957.1200    -1029.6261
       177.5094                 23.6414             308.8           2972.3555     4007.7000    -1035.3445
       177.5613                 23.6483             296.6           3067.7242     3892.6800     -824.9558
       177.6132                 23.6552             308.9           3077.5858     4008.9600     -931.3742
       177.6650                 23.6621             301.6           2975.7769     3939.4800     -963.7031
       177.7169                 23.6691             304.5           2995.9000     3967.3800     -971.4800
       177.7689                 23.6760             308.4           3074.3275     4003.5600     -929.2325
       177.8209                 23.6829             326.1           2935.5689     4170.4200    -1234.8511
       177.8729                 23.6898             309.5           3041.2862     4014.1800     -972.8938
       177.9248                 23.6968             306.3           3067.4187     3983.7600     -916.3413
       177.9767                 23.7037             299.5           3164.6396     3920.0400     -755.4004
       178.0287                 23.7106             313.5           3603.9999     4052.1600     -448.1601
       178.0805                 23.7176             288.8           3331.4590     3818.7000     -487.2410
       178.1323                 23.7245             301.3           3517.4119     3936.7800     -419.3681
       178.1843                 23.7314             301.1           3444.4911     3935.1600     -490.6689
       178.2362                 23.7383             297.0           3326.1849     3895.9200     -569.7351
       178.2500                 23.7402             309.5           3464.2227     4014.3600     -550.1373
       178.3021                 23.7471             301.0           3194.9904     3934.0800     -739.0896
       178.3540                 23.7540             324.5           3245.3532     4156.2000     -910.8468
       178.4059                 23.7610             287.9           3249.5527     3810.2400     -560.6873
       178.4579                 23.7679             315.1           3355.8219     4066.9200     -711.0981
       178.5098                 23.7748             300.3           3358.3623     3927.7800     -569.4177
       178.5618                 23.7817             296.4           3201.5227     3890.8800     -689.3573
       178.6138                 23.7887             317.2           3183.5878     4087.0800     -903.4922
       178.6657                 23.7956             308.0           3425.5282     4000.1400     -574.6118
       178.7176                 23.8025             323.5           3433.5078     4146.6600     -713.1522
       178.7697                 23.8095             296.7           3149.4979     3893.0400     -743.5421
       178.8217                 23.8164             318.3           3400.6888     4097.3400     -696.6512
       178.8737                 23.8233             297.0           3087.4365     3896.6400     -809.2035
       178.9257                 23.8302             315.6           3378.2592     4071.4200     -693.1608
       178.9776                 23.8372             322.7           3393.1438     4138.7400     -745.5962
       179.0296                 23.8441             326.6           3752.7829     4176.0000     -423.2171
       179.0815                 23.8510             318.0           3714.3188     4094.1000     -379.7812
       179.1335                 23.8579             323.0           3441.8652     4141.2600     -699.3948
       179.1854                 23.8649             282.0           2983.0549     3754.8000     -771.7451
       179.2374                 23.8718             314.9           3455.3565     4065.3000     -609.9435
       179.2500                 23.8735             299.5           3176.0132     3919.3200     -743.3068
       179.3019                 23.8804             289.7           3188.0444     3826.8000     -638.7556
       179.3537                 23.8873             304.9           3419.5389     3971.1600     -551.6211
       179.4055                 23.8943             307.6           3331.5223     3996.1800     -664.6577
       179.4575                 23.9012             303.6           3160.9390     3958.2000     -797.2610
       179.5094                 23.9081             301.8           3308.3110     3941.6400     -633.3290
       179.5613                 23.9151             284.3           3091.1471     3775.8600     -684.7129
       179.6133                 23.9220             315.6           3442.6242     4071.4200     -628.7958
       179.6653                 23.9289             313.0           3354.0577     4046.9400     -692.8823
       179.7175                 23.9358             276.1           2690.2118     3699.0000    -1008.7882
       179.7694                 23.9428             300.2           3119.4500     3926.7000     -807.2500
       179.8214                 23.9497             306.3           3330.6385     3983.9400     -653.3015
       179.8732                 23.9566             295.4           3352.0082     3881.1600     -529.1518
       179.9251                 23.9635             299.8           3271.5552     3922.5600     -651.0048
       179.9769                 23.9705             311.7           3467.9961     4034.8800     -566.8839
       180.0289                 23.9774             310.1           3401.9689     4020.1200     -618.1511
       180.0810                 23.9843             308.1           3361.0311     4000.6800     -639.6489
       180.1330                 23.9913             317.5           3393.9241     4089.6000     -695.6759
       180.1850                 23.9982             303.0           3047.7136     3952.8000     -905.0864
       180.2371                 24.0051             326.7           3395.0028     4176.3600     -781.3572
       180.2500                 24.0068             313.2           3357.5235     4048.9200     -691.3965
       180.3019                 24.0138             319.1           3355.5426     4104.9000     -749.3574
       180.3537                 24.0207             307.6           3396.1537     3996.3600     -600.2063
       180.4058                 24.0276             312.0           3321.8875     4037.5800     -715.6925
       180.4578                 24.0345             296.2           3169.3695     3888.5400     -719.1705
       180.5098                 24.0415             314.7           3455.5533     4063.6800     -608.1267
       180.5615                 24.0484             299.4           3195.6671     3918.4200     -722.7529
       180.6134                 24.0553             295.9           3134.1509     3885.4800     -751.3291
       180.6653                 24.0622             309.7           3338.4212     4015.6200     -677.1988
       180.7173                 24.0692             293.8           3297.1862     3866.4000     -569.2138
       180.7691                 24.0761             302.6           3446.6633     3949.3800     -502.7167
       180.8209                 24.0830             281.8           3077.6490     3752.8200     -675.1710
       180.8729                 24.0900             309.3           3413.4456     4012.2000     -598.7544
       180.9248                 24.0969             305.5           3444.6055     3976.3800     -531.7745
       180.9768                 24.1038             295.9           3230.7882     3885.4800     -654.6918
       181.0288                 24.1107             313.4           3253.2343     4050.7200     -797.4857
       181.0807                 24.1177             318.0           3446.2783     4094.4600     -648.1817
       181.1327                 24.1246             294.7           3196.4170     3874.8600     -678.4430
       181.1847                 24.1315             303.7           3255.5441     3959.2800     -703.7359
       181.2364                 24.1385             309.1           3563.8231     4010.7600     -446.9369
       181.2500                 24.1403             275.0           3241.6590     3688.9200     -447.2610
       181.3019                 24.1472             318.9           3662.1284     4102.5600     -440.4316
       181.3539                 24.1541             318.3           3545.4325     4096.8000     -551.3675
       181.4058                 24.1610             319.5           3536.5596     4108.6800     -572.1204
       181.4579                 24.1680             300.0           3121.9726     3924.9000     -802.9274
       181.5098                 24.1749             315.5           3246.2739     4070.7000     -824.4261
       181.5619                 24.1818             306.9           3460.1588     3989.1600     -529.0012
       181.6137                 24.1888             315.9           3318.1795     4074.8400     -756.6605
       181.6657                 24.1957             311.1           3265.0566     4029.6600     -764.6034
       181.7178                 24.2026             298.1           3183.9063     3906.9000     -722.9937
       181.7698                 24.2095             313.6           3415.6331     4053.0600     -637.4269
       181.8219                 24.2165             300.3           3238.6145     3927.4200     -688.8055
       181.8741                 24.2234             317.5           3456.9691     4089.2400     -632.2709
       181.9260                 24.2303             311.0           3308.8319     4027.8600     -719.0281
       181.9780                 24.2373             299.7           3294.8187     3922.0200     -627.2013
       182.0300                 24.2442             309.1           3497.0574     4010.4000     -513.3426
       182.0819                 24.2511             313.9           3495.2898     4055.9400     -560.6502
       182.1339                 24.2580             307.1           3296.1606     3991.1400     -694.9794
       182.1858                 24.2650             299.6           3102.2616     3920.4000     -818.1384
       182.2377                 24.2719             310.5           3336.5226     4023.3600     -686.8374
       182.2500                 24.2735             303.9           3176.5971     3961.6200     -785.0229
       182.3019                 24.2805             311.5           3339.8146     4032.7200     -692.9054
       182.3537                 24.2874             313.2           3340.4630     4049.1000     -708.6370
       182.4055                 24.2943             308.9           3481.7507     4008.6000     -526.8493
       182.4574                 24.3012             308.0           3436.0194     3999.6000     -563.5806
       182.5094                 24.3082             309.3           3350.6580     4011.8400     -661.1820
       182.5612                 24.3151             318.2           3445.0167     4096.4400     -651.4233
       182.6133                 24.3220             307.5           3400.6594     3995.6400     -594.9806
       182.6654                 24.3290             286.8           3261.0223     3800.1600     -539.1377
       182.7174                 24.3359             325.8           3500.0409     4167.7200     -667.6791
       182.7693                 24.3428             300.3           3373.9722     3927.2400     -553.2678
       182.8212                 24.3497             311.8           3247.1986     4036.1400     -788.9414
       182.8732                 24.3567             316.3           3433.1054     4078.2600     -645.1546
       182.9251                 24.3636             304.1           3258.6048     3962.8800     -704.2752
       182.9772                 24.3705             330.9           3581.6533     4216.5000     -634.8467
       183.0292                 24.3775             299.0           3377.0088     3915.3600     -538.3512
       183.0811                 24.3844             316.5           3543.1994     4080.4200     -537.2206
       183.1329                 24.3913             304.7           3568.5778     3968.4600     -399.8822
       183.1849                 24.3982             319.7           3353.1958     4110.1200     -756.9242
       183.2368                 24.4052             308.4           3366.8347     4003.9200     -637.0853
       183.2500                 24.4069             322.1           3650.0247     4132.9800     -482.9553
       183.3020                 24.4138             297.1           3066.4697     3897.5400     -831.0703
       183.3541                 24.4208             298.5           3307.8378     3909.9600     -602.1222
       183.4061                 24.4277             299.6           3171.9166     3920.5800     -748.6634
       183.4581                 24.4346             323.1           3668.4218     4142.7000     -474.2782
       183.5101                 24.4416             300.8           3325.4966     3932.4600     -606.9634
       183.5621                 24.4485             307.2           3399.2420     3992.7600     -593.5180
       183.6141                 24.4554             304.2           3277.9557     3964.3200     -686.3643
       183.6660                 24.4623             284.9           3347.3913     3781.8000     -434.4087
       183.7180                 24.4693             306.4           3310.0639     3985.2000     -675.1361
       183.7702                 24.4762             302.9           3311.6060     3951.5400     -639.9340
       183.8222                 24.4831             303.3           3243.4419     3955.5000     -712.0581
       183.8742                 24.4901             312.5           3379.5597     4042.6200     -663.0603
       183.9262                 24.4970             306.3           3388.0646     3983.7600     -595.6954
       183.9781                 24.5039             314.2           3472.5054     4058.8200     -586.3146
       184.0300                 24.5108             328.9           3478.7785     4197.6000     -718.8215
       184.0818                 24.5178             316.1           3479.7888     4076.2800     -596.4912
       184.1338                 24.5247             312.0           3405.7056     4037.7600     -632.0544
       184.1858                 24.5316             285.5           3268.1780     3788.1000     -519.9220
       184.2376                 24.5385             314.6           3510.9476     4062.4200     -551.4724
       184.2500                 24.5402             308.3           3625.5711     4003.2000     -377.6289
       184.3018                 24.5471             299.0           3376.5941     3914.6400     -538.0459
       184.3537                 24.5541             332.4           3553.1697     4230.5400     -677.3703
       184.4056                 24.5610             317.8           3567.0830     4092.3000     -525.2170
       184.4575                 24.5679             311.7           3539.3031     4034.5200     -495.2169
       184.5095                 24.5748             322.2           3268.0199     4133.7000     -865.6801
       184.5614                 24.5818             318.4           3392.6360     4097.7000     -705.0640
       184.6134                 24.5887             310.2           3405.2692     4020.4800     -615.2108
       184.6652                 24.5956             322.5           3470.2508     4137.1200     -666.8692
       184.7171                 24.6025             302.9           3350.2666     3951.5400     -601.2734
       184.7689                 24.6095             288.9           3192.3549     3819.7800     -627.4251
       184.8208                 24.6164             307.7           3243.0987     3997.4400     -754.3413
       184.8727                 24.6233             306.8           3581.9930     3988.4400     -406.4470
       184.9245                 24.6303             289.1           3375.6158     3821.4000     -445.7842
       184.9765                 24.6372             299.9           3248.4006     3923.4600     -675.0594
       185.0284                 24.6441             297.0           3180.9354     3895.7400     -714.8046
       185.0805                 24.6510             303.2           3240.6528     3955.1400     -714.4872
       185.1326                 24.6580             314.5           3091.9494     4061.3400     -969.3906
       185.1846                 24.6649             314.5           3224.1278     4061.5200     -837.3922
       185.2366                 24.6718             295.8           3256.2275     3884.7600     -628.5325
       185.2500                 24.6736             310.7           3217.8037     4025.8800     -808.0763
       185.3020                 24.6805             299.7           3149.8603     3921.8400     -771.9797
       185.3541                 24.6875             304.5           3300.9946     3967.0200     -666.0254
       185.4062                 24.6944             313.9           3118.2721     4055.9400     -937.6679
       185.4581                 24.7013             289.8           3107.9121     3828.0600     -720.1479
       185.5101                 24.7083             306.6           2947.0157     3987.1800    -1040.1643
       185.5622                 24.7152             304.5           3314.9216     3967.2000     -652.2784
       185.6141                 24.7221             296.8           3152.5338     3893.9400     -741.4062
       185.6660                 24.7290             303.7           3371.1187     3959.6400     -588.5213
       185.7179                 24.7360             304.0           3270.8739     3962.7000     -691.8261
       185.7699                 24.7429             295.3           3166.6175     3880.2600     -713.6425
       185.8218                 24.7498             308.2           3281.3609     4002.1200     -720.7591
       185.8738                 24.7567             302.8           3211.0471     3951.3600     -740.3129
       185.9257                 24.7637             300.0           3330.1688     3924.9000     -594.7312
       185.9774                 24.7706             314.2           3368.7450     4058.6400     -689.8950
       186.0294                 24.7775             319.2           3254.7770     4105.6200     -850.8430
       186.0814                 24.7845             312.0           3204.9685     4037.9400     -832.9715
       186.1334                 24.7914             308.8           3480.8025     4007.8800     -527.0775
       186.1854                 24.7983             295.4           3205.3262     3880.6200     -675.2938
       186.2373                 24.8052             295.3           3276.4836     3880.4400     -603.9564
       186.2500                 24.8069             304.4           3202.2795     3966.3000     -764.0205
       186.3019                 24.8139             295.3           2924.4284     3880.2600     -955.8316
       186.3539                 24.8208             324.8           3374.1136     4158.9000     -784.7864
       186.4060                 24.8277             319.2           3393.2600     4105.4400     -712.1800
       186.4578                 24.8346             302.3           3199.4760     3945.7800     -746.3040
       186.5098                 24.8416             298.5           3051.9626     3910.6800     -858.7174
       186.5618                 24.8485             307.0           3185.4748     3990.6000     -805.1252
       186.6139                 24.8554             308.1           3218.2445     4000.8600     -782.6155
       186.6658                 24.8624             303.3           3280.9975     3955.3200     -674.3225
       186.7178                 24.8693             301.1           3127.4780     3934.9800     -807.5020
       186.7699                 24.8762             304.5           3110.1380     3967.3800     -857.2420
       186.8220                 24.8831             302.8           3345.7525     3950.6400     -604.8875
       186.8740                 24.8901             311.0           3302.4008     4028.4000     -725.9992
       186.9260                 24.8970             313.6           3207.2806     4052.8800     -845.5994
       186.9780                 24.9039             322.5           3307.0316     4136.5800     -829.5484
       187.0299                 24.9108             315.6           3335.7555     4071.4200     -735.6645
       187.0819                 24.9178             312.9           3339.7045     4046.2200     -706.5155
       187.1338                 24.9247             315.7           3322.0676     4072.6800     -750.6124
       187.1858                 24.9316             321.1           3547.7190     4123.6200     -575.9010
       187.2377                 24.9386             306.0           3373.8999     3980.8800     -606.9801
       187.2500                 24.9402             296.3           3277.9409     3889.9800     -612.0391
       187.3018                 24.9471             318.9           3693.3184     4103.1000     -409.7816
       187.3538                 24.9541             313.1           3532.1262     4048.5600     -516.4338
       187.4058                 24.9610             306.3           3587.2122     3983.9400     -396.7278
       187.4577                 24.9679             299.9           3276.5365     3923.8200     -647.2835
       187.5098                 24.9749             315.2           3210.8457     4068.1800     -857.3343
       187.5618                 24.9818             300.2           3147.4553     3926.3400     -778.8847
       187.6137                 24.9887             298.0           3187.9360     3905.4600     -717.5240
       187.6657                 24.9956             303.8           3137.5067     3960.7200     -823.2133
       187.7177                 25.0026             302.5           3175.4614     3948.3000     -772.8386
       187.7698                 25.0095             307.2           3201.7787     3992.7600     -790.9813
       187.8218                 25.0164             315.6           3207.0689     4071.9600     -864.8911
       187.8738                 25.0233             315.7           3338.4994     4072.8600     -734.3606
       187.9258                 25.0303             312.7           3516.2488     4044.0600     -527.8112
       187.9778                 25.0372             294.6           3146.1349     3873.9600     -727.8251
       188.0297                 25.0441             307.1           3286.0776     3991.6800     -705.6024
       188.0816                 25.0511             312.7           3300.6112     4044.7800     -744.1688
       188.1336                 25.0580             279.8           3076.6232     3733.9200     -657.2968
       188.1856                 25.0649             308.1           3224.5617     4001.0400     -776.4783
       188.2375                 25.0718             301.3           3255.5757     3937.1400     -681.5643
       188.2500                 25.0735             311.8           3216.1409     4035.9600     -819.8191
       188.3019                 25.0804             306.3           3281.2014     3984.1200     -702.9186
       188.3539                 25.0874             304.4           3256.9952     3966.4800     -709.4848
       188.4058                 25.0943             299.9           3121.7979     3923.1000     -801.3021
       188.4577                 25.1012             306.8           3195.9150     3988.6200     -792.7050
       188.5096                 25.1081             302.4           3099.8677     3947.0400     -847.1723
       188.5616                 25.1151             318.7           3449.5250     4101.1200     -651.5950
       188.6137                 25.1220             314.8           3555.1681     4063.8600     -508.6919
       188.6657                 25.1289             293.3           3303.9292     3861.7200     -557.7908
       188.7175                 25.1359             293.0           3013.9606     3858.3000     -844.3394
       188.7695                 25.1428             320.3           3447.2059     4116.2400     -669.0341
       188.8215                 25.1497             297.8           3277.2520     3903.4800     -626.2280
       188.8735                 25.1566             308.4           3348.6406     4003.9200     -655.2794
       188.9254                 25.1636             313.6           3273.2421     4052.5200     -779.2779
       188.9774                 25.1705             324.2           3346.8075     4153.3200     -806.5125
       189.0294                 25.1774             302.3           3179.3278     3945.9600     -766.6322
       189.0812                 25.1843             291.1           3130.4064     3840.1200     -709.7136
       189.1331                 25.1913             298.6           3160.8573     3911.4000     -750.5427
       189.1849                 25.1982             316.3           3019.2142     4077.9000    -1058.6858
       189.2368                 25.2051             299.7           2946.5625     3921.4800     -974.9175
       189.2500                 25.2069             298.0           3029.7845     3905.4600     -875.6755
       189.3018                 25.2138             306.7           3048.7848     3987.3600     -938.5752
       189.3539                 25.2207             311.4           2845.3371     4032.3600    -1187.0229
       189.4059                 25.2277             307.9           3104.7316     3999.2400     -894.5084
       189.4578                 25.2346             318.9           3243.6596     4102.7400     -859.0804
       189.5096                 25.2415             305.5           3181.1105     3976.2000     -795.0895
       189.5615                 25.2485             301.5           2898.3541     3938.4000    -1040.0459
       189.6133                 25.2554             296.7           3039.6135     3893.2200     -853.6065
       189.6650                 25.2623             314.2           3432.0261     4058.1000     -626.0739
       189.7169                 25.2692             318.4           3156.5343     4098.4200     -941.8857
       189.7689                 25.2762             328.0           3270.6670     4188.4200     -917.7530
       189.8208                 25.2831             310.1           3199.2563     4020.1200     -820.8637
       189.8727                 25.2900             310.6           3357.8597     4024.8000     -666.9403
       189.9245                 25.2970             316.5           3179.6143     4080.2400     -900.6257
       189.9764                 25.3039             305.9           2971.1064     3980.1600    -1009.0536
       190.0283                 25.3108             304.3           3071.0941     3965.2200     -894.1259
       190.0802                 25.3177             311.3           3237.2468     4031.1000     -793.8532
       190.1321                 25.3247             311.7           3160.8117     4034.7000     -873.8883
       190.1840                 25.3316             307.0           3281.3402     3990.7800     -709.4398
       190.2360                 25.3385             328.4           3280.8005     4192.5600     -911.7595
       190.2500                 25.3404             312.9           3103.8391     4046.4000     -942.5609
       190.3019                 25.3473             299.0           2968.3845     3914.8200     -946.4355
       190.3539                 25.3542             318.2           3092.8612     4096.6200    -1003.7588
       190.4058                 25.3612             300.1           2978.0647     3925.2600     -947.1953
       190.4577                 25.3681             305.8           3145.2405     3979.0800     -833.8395
       190.5095                 25.3750             311.7           3349.0602     4035.2400     -686.1798
       190.5614                 25.3820             308.6           3052.7438     4005.7200     -952.9762
       190.6134                 25.3889             292.9           2916.2882     3857.4000     -941.1118
       190.6653                 25.3958             311.8           3285.5813     4035.7800     -750.1987
       190.7173                 25.4027             292.7           3009.2363     3855.9600     -846.7237
       190.7693                 25.4097             303.7           2879.3248     3959.2800    -1079.9552
       190.8211                 25.4166             316.3           3017.8992     4078.6200    -1060.7208
       190.8730                 25.4235             325.9           3018.5850     4168.8000    -1150.2150
       190.9250                 25.4304             312.7           3182.1879     4044.0600     -861.8721
       190.9767                 25.4374             319.1           3154.4601     4105.0800     -950.6199
       191.0285                 25.4443             299.5           2901.7445     3919.3200    -1017.5755
       191.0807                 25.4512             316.9           2955.7035     4083.6600    -1127.9565
       191.1327                 25.4582             302.6           2866.9397     3949.0200    -1082.0803
       191.1847                 25.4651             307.7           3059.5378     3996.7200     -937.1822
       191.2366                 25.4720             316.9           3179.7206     4084.2000     -904.4794
       191.2500                 25.4738             297.1           3028.0251     3897.5400     -869.5149
       191.3018                 25.4807             305.0           3204.8473     3972.0600     -767.2127
       191.3537                 25.4877             301.6           3097.0728     3939.3000     -842.2272
       191.4056                 25.4946             286.1           2825.6497     3793.3200     -967.6703
       191.4575                 25.5015             295.3           2898.4416     3880.0800     -981.6384
       191.5094                 25.5084             301.3           3144.6288     3937.1400     -792.5112
       191.5613                 25.5154             318.7           3109.9802     4100.7600     -990.7798
       191.6132                 25.5223             314.8           3213.6028     4064.0400     -850.4372
       191.6652                 25.5292             294.2           3099.0802     3869.8200     -770.7398
       191.7170                 25.5362             312.7           3420.2767     4044.7800     -624.5033
       191.7691                 25.5431             306.4           3231.4336     3985.0200     -753.5864
       191.8210                 25.5500             317.5           3139.9452     4089.7800     -949.8348
       191.8729                 25.5569             307.7           3178.2785     3996.7200     -818.4415
       191.9248                 25.5639             310.8           3268.4158     4026.2400     -757.8242
       191.9768                 25.5708             300.4           2988.4522     3928.3200     -939.8678
       192.0288                 25.5777             320.0           3370.7364     4113.1800     -742.4436
       192.0806                 25.5847             304.8           3196.6912     3969.3600     -772.6688
       192.1326                 25.5916             287.3           2907.7432     3805.0200     -897.2768
       192.1844                 25.5985             302.2           2915.8013     3945.4200    -1029.6187
       192.2364                 25.6054             308.3           2872.4180     4003.2000    -1130.7820
       192.2500                 25.6073             321.4           2997.8804     4126.1400    -1128.2596
       192.3020                 25.6142             318.6           3255.4542     4100.0400     -844.5858
       192.3538                 25.6211             300.5           3102.5059     3929.4000     -826.8941
       192.4057                 25.6280             307.3           3308.6994     3993.1200     -684.4206
       192.4575                 25.6350             311.4           3159.7570     4031.8200     -872.0630
       192.5095                 25.6419             314.4           3211.6592     4060.6200     -848.9608
       192.5613                 25.6488             301.6           3102.6426     3939.4800     -836.8374
       192.6132                 25.6558             293.9           2984.1509     3866.9400     -882.7891
       192.6651                 25.6627             299.8           3110.4715     3922.3800     -811.9085
       192.7169                 25.6696             340.5           3370.2194     4306.8600     -936.6406
       192.7689                 25.6765             311.7           3118.9666     4035.0600     -916.0934
       192.8209                 25.6835             297.6           2926.4119     3902.0400     -975.6281
       192.8730                 25.6904             318.1           3173.1163     4095.1800     -922.0637
       192.9250                 25.6973             316.9           3233.6329     4083.8400     -850.2071
       192.9769                 25.7042             301.1           2908.3776     3935.3400    -1026.9624
       193.0289                 25.7112             303.6           2866.7303     3958.3800    -1091.6497
       193.0808                 25.7181             315.4           2868.0270     4070.1600    -1202.1330
       193.1330                 25.7250             305.5           2952.2375     3976.7400    -1024.5025
       193.1850                 25.7320             307.4           3188.5186     3994.7400     -806.2214
       193.2369                 25.7389             303.6           3271.8194     3958.3800     -686.5606
       193.2500                 25.7406             294.7           3070.1780     3874.6800     -804.5020
       193.3017                 25.7476             304.2           3184.8035     3963.9600     -779.1565
       193.3538                 25.7545             299.8           3259.4478     3922.9200     -663.4722
       193.4056                 25.7614             310.6           3492.4601     4024.4400     -531.9799
       193.4575                 25.7683             305.9           3287.5953     3980.3400     -692.7447
       193.5094                 25.7753             291.9           3207.7352     3848.4000     -640.6648
       193.5613                 25.7822             299.0           3351.8222     3914.6400     -562.8178
       193.6132                 25.7891             309.0           3574.7187     4009.1400     -434.4213
       193.6652                 25.7960             309.0           3363.4607     4009.6800     -646.2193
       193.7172                 25.8030             313.1           3320.9141     4048.0200     -727.1059
       193.7691                 25.8099             313.0           3300.5717     4046.9400     -746.3683
       193.8212                 25.8168             319.4           3558.0385     4107.4200     -549.3815
       193.8731                 25.8238             314.2           3373.8572     4058.6400     -684.7828
       193.9251                 25.8307             300.2           3280.8669     3926.7000     -645.8331
       193.9770                 25.8376             300.7           3059.2800     3930.8400     -871.5600
       194.0290                 25.8445             316.7           3193.5761     4081.8600     -888.2839
       194.0810                 25.8515             310.4           3133.0396     4023.0000     -889.9604
       194.1330                 25.8584             326.4           3543.5824     4174.0200     -630.4376
       194.1849                 25.8653             291.8           3113.0796     3847.5000     -734.4204
       194.2368                 25.8723             309.7           3411.3277     4016.3400     -605.0123
       194.2500                 25.8740             301.8           3410.5234     3941.2800     -530.7566
       194.3018                 25.8809             309.3           3524.1441     4012.5600     -488.4159
       194.3537                 25.8879             299.2           3253.7113     3917.3400     -663.6287
       194.4057                 25.8948             296.9           3256.7078     3894.8400     -638.1322
       194.4577                 25.9017             322.8           3414.9842     4139.2800     -724.2958
       194.5098                 25.9087             294.8           3238.4865     3875.0400     -636.5535
       194.5618                 25.9156             324.9           3396.6354     4159.6200     -762.9846
       194.6139                 25.9225             304.2           3377.8013     3964.1400     -586.3387
       194.6658                 25.9294             298.4           3149.0940     3909.7800     -760.6860
       194.7178                 25.9364             311.9           3253.4293     4036.5000     -783.0707
       194.7698                 25.9433             299.4           3210.6701     3918.9600     -708.2899
       194.8217                 25.9502             300.0           2968.3110     3924.1800     -955.8690
       194.8738                 25.9572             326.2           3454.8394     4171.3200     -716.4806
       194.9257                 25.9641             305.0           3273.3837     3971.3400     -697.9563
       194.9777                 25.9710             325.7           3714.0073     4166.8200     -452.8127
       195.0296                 25.9779             326.4           3586.4621     4173.8400     -587.3779
       195.0817                 25.9849             313.9           3524.4141     4056.1200     -531.7059
       195.1334                 25.9918             296.9           3187.4409     3895.5600     -708.1191
       195.1855                 25.9987             311.3           3431.4685     4031.4600     -599.9915
       195.2374                 26.0056             307.5           3433.9611     3995.6400     -561.6789
       195.2500                 26.0073             313.2           3634.8911     4049.4600     -414.5689
       195.3019                 26.0142             320.9           3737.9379     4122.1800     -384.2421
       195.3539                 26.0212             319.2           3439.8215     4105.2600     -665.4385
       195.4059                 26.0281             299.9           3233.9869     3923.6400     -689.6531
       195.4578                 26.0350             303.6           3451.5134     3958.7400     -507.2266
       195.5098                 26.0420             322.1           3353.1830     4133.3400     -780.1570
       195.5618                 26.0489             308.0           3515.4496     4000.3200     -484.8704
       195.6135                 26.0558             312.4           3566.7313     4041.5400     -474.8087
       195.6655                 26.0627             307.0           3324.2621     3990.4200     -666.1579
       195.7176                 26.0697             318.7           3559.1387     4100.5800     -541.4413
       195.7695                 26.0766             317.1           3503.4708     4085.8200     -582.3492
       195.8215                 26.0835             304.4           3381.7903     3965.5800     -583.7897
       195.8735                 26.0904             296.5           3180.1970     3891.7800     -711.5830
       195.9254                 26.0974             309.5           3443.8716     4014.0000     -570.1284
       195.9774                 26.1043             301.7           3484.1510     3940.5600     -456.4090
       196.0292                 26.1112             298.6           3384.3115     3911.0400     -526.7285
       196.0811                 26.1182             300.2           3391.9362     3926.3400     -534.4038
       196.1330                 26.1251             301.3           3318.4544     3936.4200     -617.9656
       196.1852                 26.1320             296.2           3143.4855     3889.0800     -745.5945
       196.2371                 26.1389             316.4           3367.4605     4079.1600     -711.6995
       196.2500                 26.1407             319.3           3330.5580     4106.8800     -776.3220
       196.3019                 26.1476             301.9           3158.2409     3942.7200     -784.4791
       196.3538                 26.1545             302.1           3288.7560     3944.7000     -655.9440
       196.4057                 26.1614             306.5           3199.8555     3985.9200     -786.0645
       196.4577                 26.1684             298.2           3240.1132     3907.8000     -667.6868
       196.5097                 26.1753             301.6           3050.1706     3939.4800     -889.3094
       196.5617                 26.1822             300.8           3268.9531     3931.9200     -662.9669
       196.6136                 26.1892             294.8           3349.9767     3875.0400     -525.0633
       196.6655                 26.1961             299.1           3446.2723     3916.0800     -469.8077
       196.7175                 26.2030             312.6           3512.2401     4043.1600     -530.9199
       196.7695                 26.2099             305.5           3237.4856     3976.2000     -738.7144
       196.8214                 26.2169             310.5           3251.7451     4023.3600     -771.6149
       196.8734                 26.2238             305.3           3466.5775     3974.2200     -507.6425
       196.9253                 26.2307             305.7           3301.4091     3978.1800     -676.7709
       196.9774                 26.2376             332.5           3491.9707     4231.6200     -739.6493
       197.0293                 26.2446             290.8           3194.8604     3837.9600     -643.0996
       197.0813                 26.2515             314.0           3418.0856     4056.4800     -638.3944
       197.1333                 26.2584             314.1           3460.6862     4057.5600     -596.8738
       197.1853                 26.2654             302.1           3227.5508     3944.3400     -716.7892
       197.2372                 26.2723             317.3           3512.5366     4087.4400     -574.9034
       197.2500                 26.2740             303.2           3384.0412     3955.1400     -571.0988
       197.3020                 26.2809             313.1           3237.5271     4047.8400     -810.3129
       197.3539                 26.2878             301.0           3439.5347     3934.0800     -494.5453
       197.4060                 26.2948             306.5           3061.8070     3986.1000     -924.2930
       197.4579                 26.3017             305.7           3293.8258     3978.0000     -684.1742
       197.5098                 26.3086             303.6           3428.4284     3958.5600     -530.1316
       197.5617                 26.3155             313.0           3447.2810     4046.9400     -599.6590
       197.6136                 26.3225             315.3           3485.3808     4068.7200     -583.3392
       197.6655                 26.3294             311.6           3432.8778     4033.8000     -600.9222
       197.7174                 26.3363             302.0           3300.8439     3943.8000     -642.9561
       197.7693                 26.3433             302.3           3329.3586     3946.1400     -616.7814
       197.8212                 26.3502             306.4           3218.7402     3985.2000     -766.4598
       197.8732                 26.3571             320.1           3339.2263     4114.6200     -775.3937
       197.9254                 26.3640             313.7           3446.8280     4054.1400     -607.3120
       197.9774                 26.3710             306.6           3421.5575     3986.4600     -564.9025
       198.0293                 26.3779             303.1           3219.7928     3953.5200     -733.7272
       198.0813                 26.3848             296.0           3225.5804     3886.5600     -660.9796
       198.1333                 26.3917             300.9           3191.3707     3933.0000     -741.6293
       198.1852                 26.3987             300.9           3239.5399     3933.1800     -693.6401
       198.2370                 26.4056             317.2           3457.2995     4086.7200     -629.4205
       198.2500                 26.4073             319.1           3419.2261     4104.5400     -685.3139
       198.3021                 26.4143             322.3           3447.6108     4135.1400     -687.5292
       198.3540                 26.4212             326.2           3428.2360     4172.2200     -743.9840
       198.4059                 26.4281             310.4           3210.5680     4023.0000     -812.4320
       198.4581                 26.4350             319.4           3297.3703     4107.7800     -810.4097
       198.5101                 26.4420             290.7           3050.7426     3836.8800     -786.1374
       198.5620                 26.4489             311.3           3210.0665     4030.9200     -820.8535
       198.6140                 26.4558             314.6           3176.8719     4062.6000     -885.7281
       198.6658                 26.4627             305.9           3185.4934     3979.8000     -794.3066
       198.7176                 26.4697             289.4           2947.8115     3824.2800     -876.4685
       198.7695                 26.4766             327.6           3449.9783     4185.0000     -735.0217
       198.8214                 26.4835             284.9           3340.6171     3782.1600     -441.5429
       198.8733                 26.4905             316.8           3531.7692     4083.1200     -551.3508
       198.9252                 26.4974             293.9           3292.6233     3867.3000     -574.6767
       198.9771                 26.5043             299.5           3269.0842     3920.2200     -651.1358
       199.0290                 26.5112             314.1           3325.6832     4057.3800     -731.6968
       199.0810                 26.5182             310.6           3256.9045     4024.6200     -767.7155
       199.1330                 26.5251             311.6           3218.3568     4034.3400     -815.9832
       199.1851                 26.5320             297.5           3350.5243     3901.3200     -550.7957
       199.2371                 26.5390             315.0           3245.2000     4066.0200     -820.8200
       199.2500                 26.5407             311.8           3221.6145     4036.3200     -814.7055
       199.3019                 26.5476             311.9           3306.9022     4037.0400     -730.1378
       199.3538                 26.5545             335.5           3371.3880     4259.8800     -888.4920
       199.4056                 26.5614             299.2           3205.4658     3917.1600     -711.6942
       199.4576                 26.5684             292.7           3017.4575     3855.2400     -837.7825
       199.5094                 26.5753             304.5           2942.5618     3967.2000    -1024.6382
       199.5615                 26.5822             304.9           2862.5392     3970.8000    -1108.2608
       199.6136                 26.5892             301.5           3003.4462     3938.7600     -935.3138
       199.6655                 26.5961             319.9           3340.5733     4112.6400     -772.0667
       199.7174                 26.6030             300.0           3038.6273     3924.7200     -886.0927
       199.7694                 26.6099             319.5           3146.9479     4108.3200     -961.3721
       199.8213                 26.6169             295.0           2909.1641     3877.0200     -967.8559
       199.8732                 26.6238             303.9           3267.0880     3961.0800     -693.9920
       199.9250                 26.6307             295.8           2976.2734     3884.4000     -908.1266
       199.9769                 26.6377             305.0           3122.4573     3971.8800     -849.4227
       200.0289                 26.6446             299.1           3219.9223     3915.9000     -695.9777
       200.0808                 26.6515             295.1           2945.2242     3877.9200     -932.6958
       200.1327                 26.6584             298.4           3066.3183     3909.6000     -843.2817
       200.1846                 26.6654             308.2           3015.4904     4001.7600     -986.2696
       200.2365                 26.6723             303.3           3153.6232     3955.6800     -802.0568
       200.2500                 26.6741             313.4           3165.0621     4051.2600     -886.1979
       200.3020                 26.6810             301.0           3248.4584     3933.7200     -685.2616
       200.3541                 26.6879             314.0           3269.7887     4056.6600     -786.8713
       200.4062                 26.6949             313.7           3056.2489     4053.6000     -997.3511
       200.4581                 26.7018             317.5           3160.3237     4089.6000     -929.2763
       200.5100                 26.7087             303.4           3085.6268     3956.4000     -870.7732
       200.5621                 26.7157             302.5           3065.3889     3948.4800     -883.0911
       200.6139                 26.7226             317.0           3409.0546     4084.7400     -675.6854
       200.6657                 26.7295             295.9           3332.5170     3885.8400     -553.3230
       200.7176                 26.7364             307.7           3273.1454     3997.4400     -724.2946
       200.7695                 26.7434             313.1           3311.9581     4048.3800     -736.4219
       200.8215                 26.7503             314.4           3367.9265     4060.4400     -692.5135
       200.8734                 26.7572             308.7           3413.1377     4006.4400     -593.3023
       200.9253                 26.7642             303.7           3065.0042     3959.8200     -894.8158
       200.9773                 26.7711             305.9           3063.3611     3979.9800     -916.6189
       201.0291                 26.7780             297.8           3096.8750     3903.6600     -806.7850
       201.0811                 26.7849             290.7           3005.9261     3836.3400     -830.4139
       201.1330                 26.7919             313.3           3322.2024     4050.1800     -727.9776
       201.1849                 26.7988             299.9           3182.9701     3923.6400     -740.6699
       201.2368                 26.8057             313.8           3286.1969     4054.8600     -768.6631
       201.2500                 26.8075             301.2           2971.0337     3936.0600     -965.0263
       201.3021                 26.8144             322.4           3308.6123     4135.8600     -827.2477
       201.3542                 26.8213             309.9           3443.2045     4017.6000     -574.3955
       201.4060                 26.8283             299.7           3199.5365     3921.4800     -721.9435
       201.4578                 26.8352             326.7           3663.1018     4176.3600     -513.2582
       201.5098                 26.8421             298.2           3264.4708     3907.2600     -642.7892
       201.5617                 26.8490             300.7           3429.0799     3930.8400     -501.7601
       201.6136                 26.8560             309.9           3289.7739     4018.3200     -728.5461
       201.6656                 26.8629             320.4           3426.8708     4117.3200     -690.4492
       201.7176                 26.8698             305.2           3352.1669     3973.3200     -621.1531
       201.7696                 26.8768             292.5           2950.4846     3853.4400     -902.9554
       201.8214                 26.8837             295.1           3322.3488     3878.4600     -556.1112
       201.8732                 26.8906             322.9           3624.3047     4140.3600     -516.0553
       201.9250                 26.8975             306.3           3294.8260     3984.1200     -689.2940
       201.9770                 26.9045             301.0           3314.6991     3934.0800     -619.3809
       202.0288                 26.9114             306.8           3400.4700     3988.2600     -587.7900
       202.0808                 26.9183             315.5           3395.6338     4070.3400     -674.7062
       202.1327                 26.9252             314.5           3246.6495     4061.7000     -815.0505
       202.1847                 26.9322             294.8           3362.5811     3875.4000     -512.8189
       202.2367                 26.9391             308.8           3303.5341     4007.8800     -704.3459
       202.2500                 26.9409             334.6           3475.7577     4251.4200     -775.6623
       202.3020                 26.9478             300.2           3204.1755     3926.3400     -722.1645
       202.3539                 26.9547             320.8           3650.8092     4120.5600     -469.7508
       202.4057                 26.9617             303.0           3115.8089     3952.6200     -836.8111
       202.4578                 26.9686             323.7           3462.2355     4148.6400     -686.4045
       202.5097                 26.9755             304.0           3301.6079     3962.5200     -660.9121
       202.5616                 26.9824             304.9           3302.6699     3970.6200     -667.9501
       202.6136                 26.9894             296.9           3420.1219     3895.5600     -475.4381
       202.6654                 26.9963             312.9           3478.1178     4045.8600     -567.7422
       202.7173                 27.0032             300.5           3414.8017     3929.4000     -514.5983
       202.7691                 27.0102             313.0           3313.2910     4046.7600     -733.4690
       202.8211                 27.0171             311.5           3540.0534     4032.9000     -492.8466
       202.8730                 27.0240             307.2           3291.0983     3992.7600     -701.6617
       202.9251                 27.0309             337.8           3602.8900     4281.4800     -678.5900
       202.9771                 27.0379             332.8           3493.1623     4233.7800     -740.6177
       203.0290                 27.0448             303.9           3107.3786     3961.6200     -854.2414
       203.0809                 27.0517             289.6           3263.0823     3826.6200     -563.5377
       203.1329                 27.0586             313.7           3574.5025     4053.6000     -479.0975
       203.1848                 27.0656             299.4           3442.8706     3918.7800     -475.9094
       203.2367                 27.0725             306.0           3538.9430     3980.7000     -441.7570
       203.2500                 27.0743             312.7           3547.7751     4044.0600     -496.2849
       203.3019                 27.0812             310.0           3366.5651     4018.5000     -651.9349
       203.3539                 27.0881             313.5           3312.9882     4051.6200     -738.6318
       203.4058                 27.0951             319.1           3515.1232     4104.7200     -589.5968
       203.4577                 27.1020             309.0           3251.8149     4009.6800     -757.8651
       203.5096                 27.1089             298.3           3287.5444     3907.9800     -620.4356
       203.5616                 27.1159             302.3           3334.5913     3945.9600     -611.3687
       203.6135                 27.1228             305.1           3211.3852     3972.9600     -761.5748
       203.6655                 27.1297             302.0           3242.2050     3943.8000     -701.5950
       203.7175                 27.1366             315.5           3191.6700     4070.7000     -879.0300
       203.7694                 27.1436             308.8           3488.4186     4007.5200     -519.1014
       203.8212                 27.1505             319.8           3454.7555     4111.0200     -656.2645
       203.8731                 27.1574             302.8           3178.7612     3951.1800     -772.4188
       203.9251                 27.1643             294.8           3127.6761     3875.0400     -747.3639
       203.9770                 27.1713             343.4           3582.8198     4334.2200     -751.4002
       204.0290                 27.1782             306.8           3387.5436     3988.9800     -601.4364
       204.0810                 27.1851             310.0           3361.5085     4018.5000     -656.9915
       204.1329                 27.1921             304.0           3551.6191     3962.3400     -410.7209
       204.1849                 27.1990             305.0           3499.2040     3972.0600     -472.8560
       204.2368                 27.2059             293.0           3356.0877     3858.1200     -502.0323
       204.2500                 27.2077             315.3           3542.5998     4069.2600     -526.6602
       204.3018                 27.2146             310.5           3541.0816     4023.3600     -482.2784
       204.3536                 27.2215             310.9           3583.2171     4027.1400     -443.9229
       204.4055                 27.2285             295.3           3245.6669     3880.2600     -634.5931
       204.4574                 27.2354             300.6           3584.9319     3929.7600     -344.8281
       204.5092                 27.2423             301.8           3227.0252     3941.2800     -714.2548
       204.5613                 27.2492             301.0           3303.4578     3934.2600     -630.8022
       204.6132                 27.2562             313.9           3363.4044     4055.9400     -692.5356
       204.6652                 27.2631             309.6           3188.1405     4015.4400     -827.2995
       204.7173                 27.2700             303.1           3121.5691     3953.7000     -832.1309
       204.7694                 27.2769             308.1           3286.1854     4001.2200     -715.0346
       204.8213                 27.2839             299.3           3277.5138     3918.2400     -640.7262
       204.8734                 27.2908             305.3           3211.2840     3974.5800     -763.2960
       204.9255                 27.2977             309.3           3486.8921     4011.8400     -524.9479
       204.9774                 27.3047             292.6           3219.0408     3855.0600     -636.0192
       205.0293                 27.3116             306.1           3131.1636     3982.1400     -850.9764
       205.0813                 27.3185             310.2           3262.9218     4020.3000     -757.3782
       205.1333                 27.3254             279.4           2994.2251     3730.5000     -736.2749
       205.1852                 27.3324             291.7           3397.1457     3846.2400     -449.0943
       205.2371                 27.3393             286.7           3114.3706     3799.2600     -684.8894
       205.2500                 27.3410             317.0           3377.0096     4084.5600     -707.5504
       205.3020                 27.3479             324.1           3454.7135     4152.0600     -697.3465
       205.3540                 27.3549             297.6           3281.7540     3902.0400     -620.2860
       205.4059                 27.3618             318.0           3367.2634     4094.6400     -727.3766
       205.4580                 27.3687             301.7           3141.1279     3940.9200     -799.7921
       205.5098                 27.3756             309.0           3599.8168     4009.6800     -409.8632
       205.5617                 27.3826             321.1           3328.5642     4123.6200     -795.0558
       205.6138                 27.3895             296.1           3232.2465     3888.0000     -655.7535
       205.6657                 27.3964             318.9           3577.6304     4103.2800     -525.6496
       205.7176                 27.4034             310.3           3348.6387     4022.1000     -673.4613
       205.7694                 27.4103             319.2           3424.8085     4105.8000     -680.9915
       205.8215                 27.4172             315.8           2988.7023     4073.5800    -1084.8777
       205.8735                 27.4241             316.7           3372.7500     4082.0400     -709.2900
       205.9254                 27.4311             298.7           3215.5626     3911.9400     -696.3774
       205.9772                 27.4380             315.7           3367.8263     4072.8600     -705.0337
       206.0292                 27.4449             312.4           3239.7343     4041.9000     -802.1657
       206.0813                 27.4519             304.6           3321.4735     3968.1000     -646.6265
       206.1332                 27.4588             308.5           3322.4015     4004.8200     -682.4185
       206.1852                 27.4657             298.5           3333.8665     3910.1400     -576.2735
       206.2370                 27.4726             308.5           3414.0743     4004.6400     -590.5657
       206.2500                 27.4744             311.0           3393.0054     4027.8600     -634.8546
       206.3019                 27.4813             298.9           3108.3638     3914.4600     -806.0962
       206.3538                 27.4882             290.0           3299.0543     3830.4000     -531.3457
       206.4057                 27.4951             295.3           2945.6433     3880.2600     -934.6167
       206.4577                 27.5021             307.2           3203.9805     3992.7600     -788.7795
       206.5097                 27.5090             294.9           3293.4113     3876.4800     -583.0687
       206.5617                 27.5159             302.0           3132.2759     3942.9000     -810.6241
       206.6137                 27.5229             293.8           3176.2386     3866.2200     -689.9814
       206.6656                 27.5298             302.9           3404.9006     3952.2600     -547.3594
       206.7175                 27.5367             319.6           3520.0735     4109.9400     -589.8665
       206.7695                 27.5436             320.8           3556.9042     4120.9200     -564.0158
       206.8214                 27.5506             302.1           3386.0647     3944.3400     -558.2753
       206.8733                 27.5575             305.8           3346.6028     3978.9000     -632.2972
       206.9253                 27.5644             305.2           3229.1913     3973.3200     -744.1287
       206.9773                 27.5714             306.5           3170.0160     3985.9200     -815.9040
       207.0293                 27.5783             308.2           3288.3049     4002.3000     -713.9951
       207.0813                 27.5852             308.8           3395.8352     4007.8800     -612.0448
       207.1332                 27.5921             295.6           3237.3002     3882.6000     -645.2998
       207.1852                 27.5991             302.3           3294.1135     3946.5000     -652.3865
       207.2371                 27.6060             304.5           3373.4377     3966.8400     -593.4023
       207.2500                 27.6077             331.4           3557.2765     4220.8200     -663.5435
       207.3018                 27.6146             315.0           3648.6407     4065.6600     -417.0193
       207.3539                 27.6216             307.3           3295.9464     3993.3000     -697.3536
       207.4057                 27.6285             298.3           3360.2256     3907.9800     -547.7544
       207.4576                 27.6354             288.6           3240.1974     3817.0800     -576.8826
       207.5094                 27.6424             299.5           3345.7119     3919.3200     -573.6081
       207.5613                 27.6493             312.1           3397.4309     4038.6600     -641.2291
       207.6133                 27.6562             308.6           3391.0814     4005.3600     -614.2786
       207.6654                 27.6631             277.3           3060.8744     3709.8000     -648.9256
       207.7173                 27.6701             301.6           3306.6766     3939.1200     -632.4434
       207.7693                 27.6770             303.3           3379.4009     3955.6800     -576.2791
       207.8212                 27.6839             291.0           3330.9886     3839.5800     -508.5914
       207.8732                 27.6908             314.9           3393.7271     4065.1200     -671.3929
       207.9251                 27.6978             287.3           3123.8280     3804.3000     -680.4720
       207.9770                 27.7047             321.8           3510.7734     4130.4600     -619.6866
       208.0289                 27.7116             310.3           3518.9201     4022.1000     -503.1799
       208.0809                 27.7186             302.4           3459.2396     3947.0400     -487.8004
       208.1328                 27.7255             317.9           3416.0164     4093.0200     -677.0036
       208.1849                 27.7324             300.5           3284.1641     3928.8600     -644.6959
       208.2366                 27.7393             316.1           3386.0161     4076.2800     -690.2639
       208.2500                 27.7411             305.9           3140.5519     3980.5200     -839.9681
       208.3021                 27.7480             312.8           3293.3186     4045.6800     -752.3614
       208.3539                 27.7550             305.0           3309.0352     3971.3400     -662.3048
       208.4058                 27.7619             319.0           3479.4110     4104.0000     -624.5890
       208.4578                 27.7688             310.3           3343.1490     4021.5600     -678.4110
       208.5097                 27.7758             308.1           3312.0828     4000.8600     -688.7772
       208.5616                 27.7827             311.5           3411.4130     4033.0800     -621.6670
       208.6136                 27.7896             305.4           3562.5575     3975.3000     -412.7425
       208.6655                 27.7965             299.8           3352.5093     3922.3800     -569.8707
       208.7174                 27.8035             304.9           3097.0688     3971.1600     -874.0912
       208.7694                 27.8104             305.0           3241.8927     3971.3400     -729.4473
       208.8215                 27.8173             308.7           3078.2198     4006.8000     -928.5802
       208.8734                 27.8242             296.3           3254.9506     3889.8000     -634.8494
       208.9255                 27.8312             313.9           3186.7519     4056.1200     -869.3681
       208.9775                 27.8381             312.1           3364.1132     4038.4800     -674.3668
       209.0295                 27.8450             306.2           3352.3116     3982.8600     -630.5484
       209.0814                 27.8520             285.8           3288.3093     3790.4400     -502.1307
       209.1333                 27.8589             307.0           3338.2704     3990.7800     -652.5096
       209.1852                 27.8658             319.0           3301.2954     4104.0000     -802.7046
       209.2372                 27.8727             293.9           3144.1517     3867.1200     -722.9683
       209.2500                 27.8745             325.2           3753.2505     4161.9600     -408.7095
       209.3019                 27.8814             315.2           3283.1476     4068.1800     -785.0324
       209.3539                 27.8883             301.4           3229.7156     3937.8600     -708.1444
       209.4059                 27.8952             285.6           3041.3957     3789.0000     -747.6043
       209.4579                 27.9022             307.2           3327.0605     3992.7600     -665.6995
       209.5099                 27.9091             298.0           3273.3552     3905.8200     -632.4648
       209.5619                 27.9160             308.9           3265.5619     4008.0600     -742.4981
       209.6139                 27.9229             305.4           3350.9505     3975.8400     -624.8895
       209.6658                 27.9299             302.3           3378.6000     3946.3200     -567.7200
       209.7177                 27.9368             313.6           3411.3154     4053.0600     -641.7446
       209.7696                 27.9437             305.2           3490.6780     3973.5000     -482.8220
       209.8216                 27.9507             290.1           3330.7887     3830.5800     -499.7913
       209.8735                 27.9576             316.9           3421.6192     4083.6600     -662.0408
       209.9254                 27.9645             303.0           3214.5517     3952.9800     -738.4283
       209.9774                 27.9714             299.7           3184.0164     3921.4800     -737.4636
       210.0294                 27.9784             298.4           3266.7710     3909.0600     -642.2890
       210.0814                 27.9853             324.8           3491.4924     4158.7200     -667.2276
       210.1334                 27.9922             315.6           3504.3233     4071.4200     -567.0967
       210.1854                 27.9992             323.2           3409.2620     4143.7800     -734.5180
       210.2374                 28.0061             319.4           3375.9108     4107.7800     -731.8692
       210.2500                 28.0078             317.7           3076.5657     4091.5800    -1015.0143
       210.3021                 28.0147             311.4           3439.2137     4031.8200     -592.6063
       210.3540                 28.0216             305.6           3263.4836     3977.1000     -713.6164
       210.4059                 28.0285             306.6           3530.2949     3987.0000     -456.7051
       210.4577                 28.0355             316.7           3399.3276     4082.5800     -683.2524
       210.5096                 28.0424             325.7           3574.6942     4167.1800     -592.4858
       210.5617                 28.0493             296.9           3064.7512     3895.2000     -830.4488
       210.6135                 28.0562             324.5           3531.5426     4156.2000     -624.6574
       210.6655                 28.0632             296.1           3369.8405     3888.0000     -518.1595
       210.7174                 28.0701             307.7           3472.4537     3997.2600     -524.8063
       210.7694                 28.0770             302.7           3331.9491     3950.1000     -618.1509
       210.8213                 28.0840             302.5           3400.2908     3947.7600     -547.4692
       210.8732                 28.0909             308.0           3369.5478     3999.7800     -630.2322
       210.9250                 28.0978             306.0           3398.9411     3980.7000     -581.7589
       210.9769                 28.1047             312.3           3466.0507     4040.8200     -574.7693
       211.0289                 28.1117             306.6           3249.1538     3987.1800     -738.0262
       211.0808                 28.1186             296.8           3177.6305     3894.4800     -716.8495
       211.1328                 28.1255             307.3           3276.6928     3992.9400     -716.2472
       211.1848                 28.1325             317.1           3420.6262     4085.8200     -665.1938
       211.2369                 28.1394             314.1           3521.8264     4057.7400     -535.9136
       211.2500                 28.1411             300.7           3422.0806     3931.0200     -508.9394
       211.3019                 28.1481             319.2           3612.0510     4106.1600     -494.1090
       211.3539                 28.1550             330.9           3567.3908     4216.5000     -649.1092
       211.4060                 28.1619             302.5           3252.3276     3948.3000     -695.9724
       211.4580                 28.1688             300.4           3138.6695     3927.9600     -789.2905
       211.5099                 28.1758             308.9           3559.5236     4008.4200     -448.8964
       211.5619                 28.1827             320.2           3639.4746     4114.8000     -475.3254
       211.6139                 28.1896             304.1           3343.4085     3963.2400     -619.8315
       211.6658                 28.1965             290.6           3173.3821     3835.4400     -662.0579
       211.7177                 28.2035             298.9           3236.8053     3913.7400     -676.9347
       211.7696                 28.2104             324.7           3639.8203     4157.2800     -517.4597
       211.8216                 28.2173             307.9           3329.1464     3998.7000     -669.5536
       211.8735                 28.2243             309.5           3163.2647     4014.0000     -850.7353
       211.9255                 28.2312             298.8           3533.2202     3913.3800     -380.1598
       211.9774                 28.2381             290.1           3204.0282     3830.9400     -626.9118
       212.0294                 28.2450             322.0           3646.8015     4132.2600     -485.4585
       212.0812                 28.2520             296.6           3219.5555     3891.9600     -672.4045
       212.1331                 28.2589             295.4           3433.0915     3881.1600     -448.0685
       212.1850                 28.2658             317.3           3642.6141     4088.1600     -445.5459
       212.2369                 28.2728             324.4           3515.2357     4154.9400     -639.7043
       212.2500                 28.2745             317.7           3465.1297     4091.2200     -626.0903
       212.3019                 28.2814             313.0           3429.4457     4047.3000     -617.8543
       212.3539                 28.2884             311.8           3241.5305     4035.6000     -794.0695
       212.4057                 28.2953             307.5           3357.0903     3995.6400     -638.5497
       212.4577                 28.3022             312.0           3271.2819     4038.1200     -766.8381
       212.5098                 28.3091             301.3           3231.2824     3936.9600     -705.6776
       212.5619                 28.3161             301.0           3404.3695     3933.5400     -529.1705
       212.6140                 28.3230             330.3           3319.2685     4210.3800     -891.1115
       212.6660                 28.3299             295.7           3216.3066     3884.0400     -667.7334
       212.7181                 28.3368             305.4           3268.0887     3975.8400     -707.7513
       212.7700                 28.3438             293.7           3395.1359     3864.7800     -469.6441
       212.8219                 28.3507             310.2           3361.1853     4020.8400     -659.6547
       212.8740                 28.3576             316.1           3559.1732     4076.8200     -517.6468
       212.9259                 28.3646             303.5           3323.8596     3957.3000     -633.4404
       212.9778                 28.3715             319.0           3377.0638     4104.1800     -727.1162
       213.0298                 28.3784             310.1           3434.0499     4019.9400     -585.8901
       213.0817                 28.3853             305.6           3170.4087     3976.9200     -806.5113
       213.1337                 28.3923             305.7           3222.4519     3978.7200     -756.2681
       213.1855                 28.3992             301.3           3465.8268     3936.9600     -471.1332
       213.2372                 28.4061             309.8           3417.0365     4017.0600     -600.0235
       213.2500                 28.4078             289.1           3272.3740     3821.7600     -549.3860
       213.3018                 28.4148             304.3           3361.2879     3965.2200     -603.9321
       213.3538                 28.4217             294.6           3129.5908     3873.2400     -743.6492
       213.4058                 28.4286             306.5           3186.6372     3985.7400     -799.1028
       213.4578                 28.4355             292.0           3306.6604     3848.7600     -542.0996
       213.5097                 28.4425             306.5           3206.7010     3985.3800     -778.6790
       213.5617                 28.4494             313.4           3100.8411     4051.0800     -950.2389
       213.6136                 28.4563             312.3           3365.3120     4041.0000     -675.6880
       213.6655                 28.4632             298.3           3159.0319     3908.7000     -749.6681
       213.7175                 28.4702             297.8           3061.6506     3904.0200     -842.3694
       213.7696                 28.4771             307.6           2996.7387     3996.3600     -999.6213
       213.8216                 28.4840             301.0           3013.7933     3934.0800     -920.2867
       213.8737                 28.4910             304.6           3301.5062     3967.7400     -666.2338
       213.9256                 28.4979             302.9           3236.1705     3951.9000     -715.7295
       213.9776                 28.5048             317.2           3508.3290     4086.9000     -578.5710
       214.0294                 28.5117             288.5           3129.1263     3815.6400     -686.5137
       214.0815                 28.5187             309.6           3285.4330     4015.2600     -729.8270
       214.1335                 28.5256             304.2           3301.0186     3964.3200     -663.3014
       214.1855                 28.5325             305.2           3347.3118     3973.5000     -626.1882
       214.2374                 28.5395             315.6           3522.6558     4072.1400     -549.4842
       214.2500                 28.5411             312.6           3250.8786     4043.8800     -793.0014
       214.3018                 28.5480             308.5           3424.5055     4004.2800     -579.7745
       214.3538                 28.5550             320.4           3470.0007     4117.5000     -647.4993
       214.4058                 28.5619             295.6           3247.8844     3882.6000     -634.7156
       214.4579                 28.5688             316.6           3611.1352     4081.5000     -470.3648
       214.5097                 28.5758             300.2           3339.7556     3926.7000     -586.9444
       214.5616                 28.5827             309.0           3154.8322     4009.6800     -854.8478
       214.6135                 28.5896             291.9           3122.1085     3848.0400     -725.9315
       214.6654                 28.5965             309.6           3369.9734     4014.7200     -644.7466
       214.7173                 28.6035             321.3           3344.1745     4125.7800     -781.6055
       214.7693                 28.6104             301.7           3226.1238     3940.9200     -714.7962
       214.8213                 28.6173             312.3           3471.1145     4040.8200     -569.7055
       214.8732                 28.6243             297.4           3447.4658     3899.8800     -452.4142
       214.9249                 28.6312             308.9           3449.8055     4008.4200     -558.6145
       214.9767                 28.6381             311.2           3490.0951     4030.5600     -540.4649
       215.0286                 28.6450             309.2           3351.8975     4010.9400     -659.0425
       215.0806                 28.6520             318.0           3619.6254     4094.8200     -475.1946
       215.1324                 28.6589             297.2           3369.2875     3898.2600     -528.9725
       215.1844                 28.6658             317.8           3580.8515     4092.6600     -511.8085
       215.2363                 28.6727             319.7           3430.9662     4110.8400     -679.8738
       215.2500                 28.6746             300.0           3118.4407     3924.1800     -805.7393
       215.3020                 28.6815             304.8           3377.9435     3970.2600     -592.3165
       215.3538                 28.6884             299.3           3286.3420     3917.5200     -631.1780
       215.4057                 28.6954             306.1           3258.3752     3982.5000     -724.1248
       215.4576                 28.7023             301.2           3277.2373     3935.7000     -658.4627
       215.5096                 28.7092             305.9           3351.9224     3979.8000     -627.8776
       215.5616                 28.7161             292.1           3332.8296     3850.0200     -517.1904
       215.6134                 28.7231             302.1           3090.9141     3944.5200     -853.6059
       215.6653                 28.7300             291.0           3202.5565     3839.9400     -637.3835
       215.7173                 28.7369             316.3           3573.0541     4078.6200     -505.5659
       215.7693                 28.7438             304.8           3338.0016     3969.5400     -631.5384
       215.8212                 28.7508             304.6           3318.4947     3967.9200     -649.4253
       215.8731                 28.7577             310.2           3072.8848     4021.2000     -948.3152
       215.9252                 28.7646             302.7           3273.6177     3949.9200     -676.3023
       215.9770                 28.7716             311.8           3492.5372     4035.6000     -543.0628
       216.0289                 28.7785             289.4           3178.0259     3824.4600     -646.4341
       216.0809                 28.7854             289.6           3237.6953     3826.4400     -588.7447
       216.1326                 28.7923             305.2           3318.3889     3973.3200     -654.9311
       216.1845                 28.7993             302.8           3070.4732     3951.1800     -880.7068
       216.2365                 28.8062             316.9           3350.6836     4084.0200     -733.3364
       216.2500                 28.8080             297.1           3056.6595     3897.5400     -840.8805
       216.3019                 28.8149             304.9           3162.6324     3970.6200     -807.9876
       216.3539                 28.8218             304.4           3032.4433     3966.4800     -934.0367
       216.4059                 28.8288             298.0           3212.4070     3906.0000     -693.5930
       216.4577                 28.8357             307.2           3431.0624     3992.0400     -560.9776
       216.5097                 28.8426             305.1           3366.1316     3972.6000     -606.4684
       216.5616                 28.8496             279.6           3252.4938     3731.5800     -479.0862
       216.6136                 28.8565             298.6           3172.7607     3911.5800     -738.8193
       216.6656                 28.8634             306.2           3354.0784     3983.4000     -629.3216
       216.7176                 28.8703             304.5           3360.6055     3967.0200     -606.4145
       216.7694                 28.8773             311.4           3419.9351     4032.5400     -612.6049
       216.8212                 28.8842             307.2           3309.0341     3992.5800     -683.5459
       216.8732                 28.8911             311.6           3295.7414     4034.1600     -738.4186
       216.9251                 28.8980             294.2           3290.8384     3869.6400     -578.8016
       216.9770                 28.9050             306.4           3325.4631     3984.8400     -659.3769
       217.0289                 28.9119             296.3           3309.0818     3889.4400     -580.3582
       217.0808                 28.9188             306.9           3404.9970     3989.7000     -584.7030
       217.1327                 28.9258             312.2           3313.9015     4039.2000     -725.2985
       217.1846                 28.9327             295.0           3185.7931     3877.0200     -691.2269
       217.2365                 28.9396             313.8           3627.0301     4054.3200     -427.2899
       217.2500                 28.9414             327.7           3602.1614     4185.7200     -583.5586
       217.3019                 28.9483             317.3           3384.4042     4087.8000     -703.3958
       217.3538                 28.9553             322.2           3510.9065     4134.4200     -623.5135
       217.4057                 28.9622             303.6           3290.6403     3958.0200     -667.3797
       217.4574                 28.9691             310.5           3326.1295     4023.9000     -697.7705
       217.5093                 28.9761             298.5           3101.3315     3910.6800     -809.3485
       217.5614                 28.9830             300.1           3207.1979     3925.0800     -717.8821
       217.6134                 28.9899             299.5           3053.0142     3919.8600     -866.8458
       217.6655                 28.9968             302.1           3167.1083     3944.3400     -777.2317
       217.7174                 29.0038             298.5           3434.9054     3910.6800     -475.7746
       217.7694                 29.0107             298.3           3117.5644     3907.9800     -790.4156
       217.8213                 29.0176             306.6           3082.4182     3987.1800     -904.7618
       217.8733                 29.0245             302.8           3159.1851     3950.8200     -791.6349
       217.9253                 29.0315             307.6           3340.4777     3996.3600     -655.8823
       217.9772                 29.0384             322.5           3558.5621     4136.9400     -578.3779
       218.0292                 29.0453             309.0           3390.2810     4009.5000     -619.2190
       218.0811                 29.0523             299.9           3259.2333     3923.2800     -664.0467
       218.1331                 29.0592             285.8           3130.3631     3790.2600     -659.8969
       218.1850                 29.0661             315.6           3596.1201     4071.9600     -475.8399
       218.2371                 29.0730             306.6           3420.9149     3987.1800     -566.2651
       218.2500                 29.0748             304.7           3522.6733     3968.4600     -445.7867
       218.3019                 29.0817             296.7           3546.8205     3893.5800     -346.7595
       218.3538                 29.0886             287.0           3050.7600     3801.7800     -751.0200
       218.4059                 29.0956             318.4           3323.8748     4098.2400     -774.3652
       218.4578                 29.1025             311.8           3356.5896     4036.1400     -679.5504
       218.5099                 29.1094             280.4           3044.4970     3739.1400     -694.6430
       218.5620                 29.1163             311.1           3346.3409     4029.6600     -683.3191
       218.6140                 29.1233             297.3           3270.5670     3899.3400     -628.7730
       218.6660                 29.1302             319.2           3023.2339     4105.4400    -1082.2061
       218.7181                 29.1371             309.2           3257.6090     4011.3000     -753.6910
       218.7700                 29.1440             303.6           3045.3016     3958.3800     -913.0784
       218.8220                 29.1510             296.9           3272.1553     3895.3800     -623.2247
       218.8738                 29.1579             293.7           3235.8603     3865.1400     -629.2797
       218.9258                 29.1648             312.7           3456.9229     4044.4200     -587.4971
       218.9778                 29.1718             304.8           3309.7607     3969.9000     -660.1393
       219.0298                 29.1787             303.6           3220.8339     3958.2000     -737.3661
       219.0817                 29.1856             296.5           3296.0313     3891.0600     -595.0287
       219.1335                 29.1925             305.0           3211.6949     3971.7000     -760.0051
       219.1855                 29.1995             300.1           3313.8344     3925.2600     -611.4256
       219.2374                 29.2064             301.8           3305.6609     3941.1000     -635.4391
       219.2500                 29.2081             307.2           3372.7536     3992.2200     -619.4664
       219.3019                 29.2150             296.9           3381.8350     3895.2000     -513.3650
       219.3537                 29.2219             290.1           3334.0623     3831.1200     -497.0577
       219.4056                 29.2289             323.8           3636.3510     4148.8200     -512.4690
       219.4574                 29.2358             325.4           3701.3714     4164.6600     -463.2886
       219.5093                 29.2427             298.3           3319.0977     3908.1600     -589.0623
       219.5611                 29.2496             316.6           3491.5849     4081.3200     -589.7351
       219.6131                 29.2566             314.4           3604.2378     4060.2600     -456.0222
       219.6650                 29.2635             318.7           3365.3237     4100.7600     -735.4363
       219.7169                 29.2704             305.3           3284.0461     3974.7600     -690.7139
       219.7689                 29.2774             296.3           3154.8660     3889.2600     -734.3940
       219.8208                 29.2843             307.3           3014.3224     3993.6600     -979.3376
       219.8728                 29.2912             289.1           3050.7929     3821.4000     -770.6071
       219.9249                 29.2981             308.2           3436.8876     4002.1200     -565.2324
       219.9769                 29.3051             337.8           3540.2959     4281.6600     -741.3641
       220.0288                 29.3120             306.5           3403.1451     3985.5600     -582.4149
       220.0809                 29.3189             329.3           3439.2318     4200.8400     -761.6082
       220.1329                 29.3258             294.8           3200.6378     3875.2200     -674.5822
       220.1849                 29.3328             307.5           3374.7496     3995.6400     -620.8904
       220.2367                 29.3397             311.0           3444.7894     4028.5800     -583.7906
       220.2500                 29.3415             302.0           3317.1207     3942.9000     -625.7793
       220.3019                 29.3484             305.5           3434.0979     3976.7400     -542.6421
       220.3537                 29.3553             318.4           3568.6158     4098.2400     -529.6242
       220.4056                 29.3623             312.8           3373.1836     4044.9600     -671.7764
       220.4576                 29.3692             317.4           3405.8242     4089.0600     -683.2358
       220.5096                 29.3761             311.4           3300.4240     4031.8200     -731.3960
       220.5616                 29.3830             313.1           3468.5069     4048.2000     -579.6931
       220.6134                 29.3900             301.5           3403.3729     3938.4000     -535.0271
       220.6654                 29.3969             312.0           3397.6001     4037.9400     -640.3399
       220.7173                 29.4038             323.0           3669.0791     4141.9800     -472.9009
       220.7692                 29.4108             309.1           3245.8545     4010.4000     -764.5455
       220.8211                 29.4177             302.6           3364.7292     3949.0200     -584.2908
       220.8730                 29.4246             290.9           3162.0345     3838.1400     -676.1055
       220.9250                 29.4315             299.2           3306.3721     3916.8000     -610.4279
       220.9769                 29.4385             305.4           3332.3296     3975.1200     -642.7904
       221.0289                 29.4454             304.4           3258.1739     3965.7600     -707.5861
       221.0808                 29.4523             300.4           3236.6432     3928.6800     -692.0368
       221.1329                 29.4592             323.2           3478.9628     4143.0600     -664.0972
       221.1849                 29.4662             300.3           3210.6638     3926.8800     -716.2162
       221.2369                 29.4731             312.1           3161.7997     4038.4800     -876.6803
       221.2500                 29.4748             302.4           3353.0871     3946.8600     -593.7729
       221.3020                 29.4818             294.2           3046.6071     3869.4600     -822.8529
       221.3541                 29.4887             299.2           2997.2130     3916.9800     -919.7670
       221.4061                 29.4956             312.6           3366.8846     4042.9800     -676.0954
       221.4582                 29.5026             301.1           3307.6587     3934.8000     -627.1413
       221.5101                 29.5095             301.0           3073.6436     3933.9000     -860.2564
       221.5622                 29.5164             289.6           3132.3912     3826.0800     -693.6888
       221.6142                 29.5233             315.8           3314.7065     4073.5800     -758.8735
       221.6662                 29.5303             302.9           3222.1010     3952.2600     -730.1590
       221.7182                 29.5372             315.3           2943.5618     4068.5400    -1124.9782
       221.7703                 29.5441             310.4           3298.3014     4022.8200     -724.5186
       221.8221                 29.5510             297.3           3106.6781     3898.9800     -792.3019
       221.8739                 29.5580             312.6           3324.0648     4042.9800     -718.9152
       221.9259                 29.5649             313.5           3373.6072     4052.1600     -678.5528
       221.9778                 29.5718             320.9           3385.0418     4121.8200     -736.7782
       222.0298                 29.5788             294.8           3030.8612     3875.4000     -844.5388
       222.0818                 29.5857             293.0           3206.4294     3858.3000     -651.8706
       222.1338                 29.5926             316.0           3518.2541     4075.9200     -557.6659
       222.1858                 29.5995             313.0           3389.2444     4046.9400     -657.6956
       222.2377                 29.6065             325.1           3478.8575     4161.4200     -682.5625
       222.2500                 29.6081             293.2           3366.6470     3860.2800     -493.6330
       222.3020                 29.6150             307.9           3523.5198     3999.0600     -475.5402
       222.3538                 29.6220             311.6           3424.2961     4034.3400     -610.0439
       222.4058                 29.6289             300.1           3034.2006     3925.2600     -891.0594
       222.4578                 29.6358             326.6           3363.3900     4175.4600     -812.0700
       222.5099                 29.6427             317.4           3267.2607     4088.3400     -821.0793
       222.5619                 29.6497             305.6           3146.6469     3977.4600     -830.8131
       222.6139                 29.6566             307.0           3422.9817     3990.9600     -567.9783
       222.6659                 29.6635             305.6           3064.4664     3976.9200     -912.4536
       222.7178                 29.6704             287.8           3041.2769     3809.5200     -768.2431
       222.7698                 29.6774             295.5           3087.0833     3882.0600     -794.9767
       222.8218                 29.6843             303.5           3115.9062     3957.3000     -841.3938
       222.8738                 29.6912             307.3           3098.4949     3993.8400     -895.3451
       222.9259                 29.6982             315.8           3428.8191     4073.7600     -644.9409
       222.9778                 29.7051             316.6           3648.1947     4080.7800     -432.5853
       223.0297                 29.7120             307.7           3266.8779     3996.7200     -729.8421
       223.0818                 29.7189             315.8           3478.7743     4073.4000     -594.6257
       223.1336                 29.7259             320.5           3443.2714     4118.4000     -675.1286
       223.1856                 29.7328             304.4           3484.6298     3965.7600     -481.1302
       223.2374                 29.7397             300.5           3379.9528     3929.4000     -549.4472
       223.2500                 29.7414             301.1           3223.9653     3934.9800     -711.0147
       223.3019                 29.7483             304.8           3397.4583     3969.7200     -572.2617
       223.3540                 29.7553             311.3           3232.8605     4031.4600     -798.5995
       223.4059                 29.7622             317.3           3373.9355     4087.6200     -713.6845
       223.4578                 29.7691             306.4           3270.2365     3985.0200     -714.7835
       223.5097                 29.7760             313.0           3222.2405     4046.7600     -824.5195
       223.5617                 29.7830             317.2           3375.0374     4086.5400     -711.5026
       223.6136                 29.7899             318.6           3307.6096     4099.6800     -792.0704
       223.6656                 29.7968             292.9           3280.6421     3857.7600     -577.1179
       223.7175                 29.8037             291.5           3154.4421     3844.6200     -690.1779
       223.7694                 29.8107             299.6           3336.6470     3920.7600     -584.1130
       223.8214                 29.8176             298.8           3274.8709     3913.3800     -638.5091
       223.8733                 29.8245             295.1           3076.6864     3877.9200     -801.2336
       223.9252                 29.8315             297.9           3336.8148     3904.7400     -567.9252
       223.9771                 29.8384             313.3           3483.1001     4050.0000     -566.8999
       224.0291                 29.8453             304.5           3540.3010     3966.8400     -426.5390
       224.0811                 29.8522             306.7           3422.2893     3988.0800     -565.7907
       224.1331                 29.8592             312.8           3427.4319     4045.3200     -617.8881
       224.1851                 29.8661             309.5           3432.4666     4014.0000     -581.5334
       224.2370                 29.8730             304.8           3168.3014     3969.5400     -801.2386
       224.2500                 29.8748             305.2           3043.3736     3973.8600     -930.4864
       224.3017                 29.8817             296.4           3320.8517     3890.1600     -569.3083
       224.3536                 29.8886             320.6           3517.0112     4118.5800     -601.5688
       224.4056                 29.8955             314.2           3585.4660     4058.6400     -473.1740
       224.4575                 29.9025             324.3           3491.3176     4154.2200     -662.9024
       224.5095                 29.9094             315.3           3417.9977     4068.7200     -650.7223
       224.5615                 29.9163             295.4           3277.7945     3880.8000     -603.0055
       224.6134                 29.9232             292.3           3062.1489     3851.6400     -789.4911
       224.6653                 29.9302             307.0           3406.8030     3990.2400     -583.4370
       224.7172                 29.9371             320.1           3526.6517     4114.6200     -587.9683
       224.7690                 29.9440             317.7           3478.3861     4091.7600     -613.3739
       224.8209                 29.9510             294.4           3323.6206     3871.6200     -547.9994
       224.8728                 29.9579             288.3           3341.1904     3814.2000     -473.0096
       224.9246                 29.9648             302.4           3420.8603     3947.5800     -526.7197
       224.9765                 29.9717             321.3           3426.2452     4125.6000     -699.3548
       225.0284                 29.9787             309.3           3429.4994     4012.2000     -582.7006
       225.0804                 29.9856             311.2           3586.1422     4029.8400     -443.6978
       225.1323                 29.9925             309.1           3644.0068     4010.0400     -366.0332
       225.1843                 29.9995             320.3           3524.5519     4116.0600     -591.5081
       225.2362                 30.0064             277.5           2913.7644     3712.3200     -798.5556
       225.2500                 30.0082             311.9           3272.2656     4036.6800     -764.4144
       225.3021                 30.0152             294.6           3075.3909     3873.0600     -797.6691
       225.3540                 30.0221             311.2           3382.4706     4030.0200     -647.5494
       225.4058                 30.0290             306.3           3332.8175     3983.5800     -650.7625
       225.4577                 30.0359             296.4           3443.0764     3890.3400     -447.2636
       225.5096                 30.0429             321.1           3561.6141     4123.4400     -561.8259
       225.5614                 30.0498             310.1           3490.9421     4019.9400     -528.9979
       225.6133                 30.0567             316.2           3405.6414     4077.0000     -671.3586
       225.6653                 30.0637             299.6           3231.6162     3920.4000     -688.7838
       225.7172                 30.0706             321.8           3628.7987     4130.4600     -501.6613
       225.7691                 30.0775             290.8           3248.1298     3837.6000     -589.4702
       225.8209                 30.0844             300.8           3130.1869     3932.1000     -801.9131
       225.8728                 30.0914             299.4           3033.7974     3918.7800     -884.9826
       225.9249                 30.0983             294.2           3348.0712     3870.1800     -522.1088
       225.9768                 30.1052             316.6           3356.9052     4080.9600     -724.0548
       226.0289                 30.1121             312.0           3222.3255     4038.1200     -815.7945
       226.0808                 30.1191             317.0           3517.5215     4085.1000     -567.5785
       226.1328                 30.1260             336.2           3655.1658     4266.5400     -611.3742
       226.1847                 30.1329             300.5           3344.4371     3929.0400     -584.6029
       226.2366                 30.1399             303.1           3220.2097     3954.0600     -733.8503
       226.2500                 30.1416             321.1           3483.1395     4123.4400     -640.3005
       226.3020                 30.1486             313.1           3401.1155     4048.5600     -647.4445
       226.3538                 30.1555             302.9           3314.2702     3951.7200     -637.4498
       226.4058                 30.1624             316.4           3629.8423     4079.7000     -449.8577
       226.4575                 30.1694             301.1           3280.8484     3934.9800     -654.1316
       226.5095                 30.1763             313.8           3386.2740     4054.8600     -668.5860
       226.5614                 30.1832             304.8           3280.6596     3969.9000     -689.2404
       226.6134                 30.1901             310.0           3285.2431     4018.6800     -733.4369
       226.6653                 30.1971             300.8           3426.3750     3931.7400     -505.3650
       226.7173                 30.2040             302.8           3151.8901     3951.1800     -799.2899
       226.7693                 30.2109             302.4           3254.6045     3946.8600     -692.2555
       226.8212                 30.2178             316.1           3376.1252     4076.8200     -700.6948
       226.8733                 30.2248             311.8           3497.2142     4035.6000     -538.3858
       226.9253                 30.2317             303.6           3367.4766     3958.2000     -590.7234
       226.9772                 30.2386             327.1           3536.4076     4180.3200     -643.9124
       227.0291                 30.2456             306.8           3368.2927     3988.8000     -620.5073
       227.0810                 30.2525             303.9           3400.9118     3961.4400     -560.5282
       227.1330                 30.2594             307.7           3087.2233     3997.4400     -910.2167
       227.1849                 30.2663             326.1           3481.1560     4170.6000     -689.4440
       227.2368                 30.2733             309.5           3448.2624     4013.8200     -565.5576
       227.2500                 30.2750             315.5           3448.2645     4070.3400     -622.0755
       227.3020                 30.2819             318.2           3622.4375     4095.9000     -473.4625
       227.3539                 30.2889             324.3           3510.5658     4154.0400     -643.4742
       227.4058                 30.2958             326.3           3313.4299     4172.7600     -859.3301
       227.4577                 30.3027             300.6           3421.4723     3930.4800     -509.0077
       227.5097                 30.3097             304.3           3216.3232     3965.4000     -749.0768
       227.5617                 30.3166             308.6           3204.9333     4005.5400     -800.6067
       227.6137                 30.3235             301.8           3442.9005     3941.4600     -498.5595
       227.6656                 30.3304             324.8           3591.0474     4158.3600     -567.3126
       227.7177                 30.3374             300.5           3165.7200     3929.4000     -763.6800
       227.7696                 30.3443             307.7           3327.0222     3997.2600     -670.2378
       227.8217                 30.3512             304.1           3355.2929     3963.6000     -608.3071
       227.8737                 30.3582             300.5           3369.9874     3929.2200     -559.2326
       227.9255                 30.3651             310.4           3583.6090     4023.0000     -439.3910
       227.9774                 30.3720             308.0           3509.1783     3999.7800     -490.6017
       228.0292                 30.3789             318.5           3574.8577     4099.1400     -524.2823
       228.0812                 30.3859             309.1           3347.7139     4010.4000     -662.6861
       228.1332                 30.3928             331.6           3598.5831     4223.1600     -624.5769
       228.1851                 30.3997             309.5           3420.5338     4013.8200     -593.2862
       228.2371                 30.4066             320.0           3224.2747     4113.7200     -889.4453
       228.2500                 30.4084             314.3           3284.8021     4059.9000     -775.0979
       228.3019                 30.4153             316.2           3354.2203     4077.1800     -722.9597
       228.3538                 30.4222             312.5           3072.3907     4042.2600     -969.8693
       228.4056                 30.4292             310.0           3389.6125     4019.2200     -629.6075
       228.4576                 30.4361             289.9           3086.4224     3828.9600     -742.5376
       228.5095                 30.4430             307.1           3183.6595     3991.8600     -808.2005
       228.5614                 30.4499             296.6           3229.8091     3891.9600     -662.1509
       228.6133                 30.4569             301.9           3434.1800     3942.1800     -508.0000
       228.6654                 30.4638             310.2           3561.0474     4021.0200     -459.9726
       228.7172                 30.4707             320.2           3480.0472     4115.3400     -635.2928
       228.7691                 30.4777             314.0           3409.1488     4056.6600     -647.5112
       228.8210                 30.4846             299.8           3332.2145     3922.2000     -589.9855
       228.8729                 30.4915             307.9           3304.8938     3999.4200     -694.5262
       228.9249                 30.4984             294.3           3190.9548     3871.0800     -680.1252
       228.9769                 30.5054             304.2           3269.1299     3963.9600     -694.8301
       229.0288                 30.5123             308.9           3355.3431     4008.7800     -653.4369
       229.0808                 30.5192             313.7           2905.5644     4054.1400    -1148.5756
       229.1328                 30.5261             300.5           2949.7486     3929.5800     -979.8314
       229.1846                 30.5331             321.1           3318.2123     4123.6200     -805.4077
       229.2365                 30.5400             299.3           3114.6362     3917.8800     -803.2438
       229.2500                 30.5418             309.3           3256.0283     4011.8400     -755.8117
       229.3018                 30.5487             311.5           3343.0826     4033.4400     -690.3574
       229.3537                 30.5557             314.3           3305.4620     4059.0000     -753.5380
       229.4056                 30.5626             296.7           3169.6926     3893.7600     -724.0674
       229.4574                 30.5695             314.4           3214.1838     4060.4400     -846.2562
       229.5095                 30.5764             303.4           3167.0217     3956.5800     -789.5583
       229.5615                 30.5834             296.8           3294.8235     3894.6600     -599.8365
       229.6136                 30.5903             327.0           3265.8259     4178.8800     -913.0541
       229.6657                 30.5972             289.8           3177.9176     3828.2400     -650.3224
       229.7177                 30.6042             315.5           3377.6441     4070.7000     -693.0559
       229.7697                 30.6111             318.2           3089.9914     4096.0800    -1006.0886
       229.8217                 30.6180             305.7           3340.0150     3978.3600     -638.3450
       229.8739                 30.6249             315.5           3064.8155     4071.0600    -1006.2445
       229.9258                 30.6319             294.3           3120.6273     3871.0800     -750.4527
       229.9777                 30.6388             302.0           3349.3052     3943.6200     -594.3148
       230.0295                 30.6457             308.2           3303.4666     4001.7600     -698.2934
       230.0815                 30.6526             302.8           3336.5406     3950.8200     -614.2794
       230.1335                 30.6596             315.5           3262.7590     4070.3400     -807.5810
       230.1855                 30.6665             319.0           3627.7504     4103.8200     -476.0696
       230.2376                 30.6734             299.2           3450.0097     3916.8000     -466.7903
       230.2500                 30.6751             299.5           3315.6286     3920.2200     -604.5914
       230.3020                 30.6820             319.0           3558.2804     4104.1800     -545.8996
       230.3541                 30.6890             310.5           3325.5229     4023.7200     -698.1971
       230.4062                 30.6959             294.2           3364.0823     3869.2800     -505.1977
       230.4582                 30.7028             298.3           3171.5051     3908.7000     -737.1949
       230.5103                 30.7097             318.9           3206.2098     4103.2800     -897.0702
       230.5624                 30.7167             313.9           3357.3774     4055.5800     -698.2026
       230.6145                 30.7236             296.8           2921.6498     3893.9400     -972.2902
       230.6663                 30.7305             301.2           3245.1427     3935.7000     -690.5573
       230.7180                 30.7374             328.0           3584.1138     4188.9600     -604.8462
       230.7699                 30.7444             309.2           3449.3704     4011.4800     -562.1096
       230.8220                 30.7513             295.9           3107.4787     3886.2000     -778.7213
       230.8739                 30.7582             300.2           3165.3238     3926.5200     -761.1962
       230.9258                 30.7652             317.8           3303.4596     4092.8400     -789.3804
       230.9778                 30.7721             308.0           3414.9458     4000.3200     -585.3742
       231.0297                 30.7790             300.5           3313.9552     3929.0400     -615.0848
       231.0817                 30.7859             312.8           3461.4942     4044.9600     -583.4658
       231.1337                 30.7929             314.2           3511.5186     4058.4600     -546.9414
       231.1856                 30.7998             325.8           3571.7227     4167.9000     -596.1773
       231.2376                 30.8067             300.2           3302.1275     3925.9800     -623.8525
       231.2500                 30.8084             293.6           3314.9735     3863.7000     -548.7265
       231.3020                 30.8153             302.7           3424.7962     3949.7400     -524.9438
       231.3539                 30.8222             311.3           3544.6350     4031.1000     -486.4650
       231.4058                 30.8292             308.7           3401.9519     4006.2600     -604.3081
       231.4577                 30.8361             311.5           3468.4436     4033.4400     -564.9964
       231.5097                 30.8430             309.7           3201.3499     4016.1600     -814.8101
       231.5616                 30.8499             307.7           3169.2650     3996.7200     -827.4550
       231.6135                 30.8569             302.6           3371.5740     3949.2000     -577.6260
       231.6656                 30.8638             317.8           3393.2496     4092.6600     -699.4104
       231.7176                 30.8707             327.9           3336.9396     4187.7000     -850.7604
       231.7695                 30.8776             309.5           3079.4994     4014.3600     -934.8606
       231.8215                 30.8846             309.5           3178.8768     4014.0000     -835.1232
       231.8734                 30.8915             310.9           3357.1879     4027.1400     -669.9521
       231.9254                 30.8984             302.8           3121.9640     3951.3600     -829.3960
       231.9774                 30.9054             308.3           3299.0369     4002.6600     -703.6231
       232.0294                 30.9123             299.5           3348.8121     3919.6800     -570.8679
       232.0812                 30.9192             306.0           3442.3752     3981.2400     -538.8648
       232.1331                 30.9261             302.5           3431.2806     3947.7600     -516.4794
       232.1850                 30.9331             302.6           3458.1574     3948.8400     -490.6826
       232.2369                 30.9400             308.0           3589.8261     3999.6000     -409.7739
       232.2500                 30.9417             296.1           3355.1864     3887.2800     -532.0936
       232.3018                 30.9487             304.6           3443.0766     3967.5600     -524.4834
       232.3537                 30.9556             309.9           3401.2249     4017.7800     -616.5551
       232.4056                 30.9625             311.8           3495.5293     4035.4200     -539.8907
       232.4574                 30.9695             292.6           3219.2988     3854.5200     -635.2212
       232.5094                 30.9764             302.8           3220.4953     3950.6400     -730.1447
       232.5614                 30.9833             303.8           3391.0248     3960.7200     -569.6952
       232.6134                 30.9902             308.2           3169.1411     4002.1200     -832.9789
       232.6653                 30.9972             307.3           3160.0327     3993.3000     -833.2673
       232.7172                 31.0041             312.0           3259.4071     4038.1200     -778.7129
       232.7692                 31.0110             311.6           3337.4142     4033.8000     -696.3858
       232.8211                 31.0179             300.9           3206.5911     3933.0000     -726.4089
       232.8730                 31.0249             312.4           3290.7965     4041.9000     -751.1035
       232.9248                 31.0318             299.1           3329.9326     3916.2600     -586.3274
       232.9767                 31.0387             310.7           3398.1026     4025.3400     -627.2374
       233.0286                 31.0457             292.3           3341.2171     3851.4600     -510.2429
       233.0805                 31.0526             295.8           3105.0096     3885.3000     -780.2904
       233.1324                 31.0595             312.3           3566.1796     4040.6400     -474.4604
       233.1844                 31.0664             309.2           3321.7995     4011.6600     -689.8605
       233.2364                 31.0734             306.8           3436.6799     3988.9800     -552.3001
       233.2500                 31.0752             301.6           3282.0347     3939.1200     -657.0853
       233.3019                 31.0821             316.9           3423.6513     4084.2000     -660.5487
       233.3539                 31.0890             319.8           3562.0829     4111.0200     -548.9371
       233.4058                 31.0960             318.4           3585.5054     4098.6000     -513.0946
       233.4578                 31.1029             299.9           3302.0761     3923.6400     -621.5639
       233.5097                 31.1098             297.0           3344.2551     3895.9200     -551.6649
       233.5617                 31.1168             316.7           3365.9419     4082.4000     -716.4581
       233.6138                 31.1237             298.3           3243.7132     3908.5200     -664.8068
       233.6657                 31.1306             301.7           3461.1394     3940.2000     -479.0606
       233.7177                 31.1375             305.5           3320.8519     3976.3800     -655.5281
       233.7697                 31.1445             303.9           3245.6875     3960.9000     -715.2125
       233.8215                 31.1514             312.2           3344.2641     4039.9200     -695.6559
       233.8734                 31.1583             297.5           3167.2367     3900.6000     -733.3633
       233.9254                 31.1652             298.0           3213.2728     3905.6400     -692.3672
       233.9772                 31.1722             306.6           3322.8769     3986.8200     -663.9431
       234.0290                 31.1791             314.1           3492.3821     4057.3800     -564.9979
       234.0811                 31.1860             298.9           3335.4564     3914.2800     -578.8236
       234.1330                 31.1930             312.2           3445.3252     4039.3800     -594.0548
       234.1849                 31.1999             320.7           3415.4381     4120.2000     -704.7619
       234.2369                 31.2068             312.8           3429.6567     4045.6800     -616.0233
       234.2500                 31.2086             307.2           3480.8258     3992.5800     -511.7542
       234.3018                 31.2155             317.2           3498.7158     4086.9000     -588.1842
       234.3537                 31.2224             309.0           3339.2453     4009.1400     -669.8947
       234.4056                 31.2293             302.0           3409.4831     3943.4400     -533.9569
       234.4575                 31.2363             314.1           3449.7825     4057.2000     -607.4175
       234.5095                 31.2432             289.3           3337.0727     3823.5600     -486.4873
       234.5614                 31.2501             293.8           3320.8703     3866.0400     -545.1697
       234.6134                 31.2571             316.0           3607.9398     4075.5600     -467.6202
       234.6653                 31.2640             302.7           3162.5595     3950.1000     -787.5405
       234.7172                 31.2709             293.6           3374.1850     3864.2400     -490.0550
       234.7691                 31.2778             310.3           3241.2752     4022.1000     -780.8248
       234.8211                 31.2848             337.4           3624.8612     4277.8800     -653.0188
       234.8730                 31.2917             312.3           3353.9470     4040.4600     -686.5130
       234.9251                 31.2986             293.2           3226.5244     3860.4600     -633.9356
       234.9768                 31.3055             314.1           3442.0453     4057.5600     -615.5147
       235.0288                 31.3125             308.1           3385.0657     4000.6800     -615.6143
       235.0808                 31.3194             319.1           3377.5380     4104.3600     -726.8220
       235.1328                 31.3263             314.7           3345.1674     4063.3200     -718.1526
       235.1848                 31.3333             324.0           3569.4466     4151.3400     -581.8934
       235.2367                 31.3402             305.8           3393.5227     3979.6200     -586.0973
       235.2500                 31.3420             311.5           3417.1357     4033.4400     -616.3043
       235.3019                 31.3489             307.8           3497.7937     3998.1600     -500.3663
       235.3538                 31.3558             318.5           3356.5335     4099.1400     -742.6065
       235.4058                 31.3627             317.8           3621.2740     4092.3000     -471.0260
       235.4578                 31.3697             311.8           3262.1006     4035.7800     -773.6794
       235.5098                 31.3766             310.6           3202.2293     4024.9800     -822.7507
       235.5617                 31.3835             312.2           3337.2998     4039.9200     -702.6202
       235.6137                 31.3904             296.2           3159.9195     3888.5400     -728.6205
       235.6657                 31.3974             311.2           3507.0086     4030.3800     -523.3714
       235.7176                 31.4043             302.0           3444.0933     3943.4400     -499.3467
       235.7695                 31.4112             310.4           3457.0266     4022.6400     -565.6134
       235.8215                 31.4182             309.1           3340.1128     4010.2200     -670.1072
       235.8734                 31.4251             309.2           3257.1239     4011.4800     -754.3561
       235.9255                 31.4320             318.4           3405.0102     4097.7000     -692.6898
       235.9775                 31.4389             310.6           3196.9694     4024.9800     -828.0106
       236.0295                 31.4459             301.1           3305.8111     3934.4400     -628.6289
       236.0815                 31.4528             318.2           3510.0208     4096.0800     -586.0592
       236.1332                 31.4597             313.0           3408.4190     4046.7600     -638.3410
       236.1849                 31.4667             320.3           3574.4898     4116.0600     -541.5702
       236.2369                 31.4736             312.0           3530.5830     4037.4000     -506.8170
       236.2500                 31.4753             298.6           3441.2550     3910.8600     -469.6050
       236.3019                 31.4823             318.1           3701.2088     4095.0000     -393.7912
       236.3539                 31.4892             307.9           3428.4842     3999.2400     -570.7558
       236.4060                 31.4961             310.0           3367.1318     4018.8600     -651.7282
       236.4579                 31.5030             295.4           3326.5780     3881.5200     -554.9420
       236.5099                 31.5100             310.7           3371.4784     4025.8800     -654.4016
       236.5618                 31.5169             322.8           3390.1242     4139.8200     -749.6958
       236.6139                 31.5238             297.8           3287.8589     3903.8400     -615.9811
       236.6659                 31.5308             303.2           3408.9604     3954.7800     -545.8196
       236.7177                 31.5377             292.6           3309.4625     3854.3400     -544.8775
       236.7696                 31.5446             300.7           3257.1019     3931.2000     -674.0981
       236.8216                 31.5515             329.2           3483.0775     4200.4800     -717.4025
       236.8735                 31.5585             304.3           3388.1269     3964.8600     -576.7331
       236.9255                 31.5654             318.5           3468.9267     4098.7800     -629.8533
       236.9773                 31.5723             302.9           3538.7633     3951.5400     -412.7767
       237.0292                 31.5792             293.3           3307.1620     3860.8200     -553.6580
       237.0811                 31.5862             296.6           3319.3925     3892.1400     -572.7475
       237.1331                 31.5931             301.7           3228.8991     3940.2000     -711.3009
       237.1851                 31.6000             311.6           3374.0087     4033.8000     -659.7913
       237.2371                 31.6070             308.8           3423.2984     4007.8800     -584.5816
       237.2500                 31.6087             320.2           3409.5081     4114.8000     -705.2919
       237.3020                 31.6156             309.2           3163.3294     4011.1200     -847.7906
       237.3542                 31.6225             307.6           3189.4086     3996.5400     -807.1314
       237.4062                 31.6295             309.5           3206.2472     4013.8200     -807.5728
       237.4582                 31.6364             309.4           3291.0669     4012.9200     -721.8531
       237.5102                 31.6433             292.1           3248.6923     3850.3800     -601.6877
       237.5622                 31.6502             303.9           3245.1329     3961.6200     -716.4871
       237.6143                 31.6572             317.0           3365.0692     4084.9200     -719.8508
       237.6661                 31.6641             295.3           3171.0036     3879.7200     -708.7164
       237.7181                 31.6710             305.0           3245.0656     3971.5200     -726.4544
       237.7701                 31.6780             286.9           2905.6833     3800.7000     -895.0167
       237.8222                 31.6849             315.6           3266.2352     4072.1400     -805.9048
       237.8742                 31.6918             302.3           3171.3000     3946.5000     -775.2000
       237.9262                 31.6987             303.1           3180.1468     3953.8800     -773.7332
       237.9781                 31.7057             302.2           3304.6385     3945.4200     -640.7815
       238.0301                 31.7126             298.9           3297.8672     3914.4600     -616.5928
       238.0820                 31.7195             312.1           3267.0737     4039.0200     -771.9463
       238.1339                 31.7265             298.4           3279.8908     3909.7800     -629.8892
       238.1857                 31.7334             321.7           3575.7666     4129.0200     -553.2534
       238.2377                 31.7403             312.9           3359.1458     4046.0400     -686.8942
       238.2500                 31.7419             315.0           3416.3678     4066.0200     -649.6522
       238.3019                 31.7489             326.0           3627.0265     4170.2400     -543.2135
       238.3540                 31.7558             314.8           3308.9706     4063.8600     -754.8894
       238.4058                 31.7627             305.2           2977.5567     3973.3200     -995.7633
       238.4578                 31.7697             307.2           3417.4851     3992.2200     -574.7349
       238.5097                 31.7766             301.6           3048.5701     3939.3000     -890.7299
       238.5617                 31.7835             302.8           3231.0739     3951.1800     -720.1061
       238.6136                 31.7904             297.1           3174.6042     3897.5400     -722.9358
       238.6656                 31.7974             299.2           3067.9346     3917.3400     -849.4054
       238.7176                 31.8043             300.5           3149.7672     3928.8600     -779.0928
       238.7696                 31.8112             293.2           3131.1230     3859.9200     -728.7970
       238.8216                 31.8181             313.7           3350.7056     4053.9600     -703.2544
       238.8737                 31.8251             305.7           3360.4237     3978.5400     -618.1163
       238.9256                 31.8320             303.1           3399.9753     3954.0600     -554.0847
       238.9776                 31.8389             314.3           3385.6626     4059.7200     -674.0574
       239.0294                 31.8459             293.9           3403.0533     3866.7600     -463.7067
       239.0812                 31.8528             301.7           3400.3493     3940.2000     -539.8507
       239.1331                 31.8597             304.2           3211.2662     3964.3200     -753.0538
       239.1851                 31.8666             316.9           3439.6521     4084.0200     -644.3679
       239.2371                 31.8736             303.7           3329.2977     3959.4600     -630.1623
       239.2500                 31.8753             317.9           3466.5444     4093.3800     -626.8356
       239.3020                 31.8822             324.0           3601.4537     4151.1600     -549.7063
       239.3539                 31.8891             323.7           3323.5761     4147.7400     -824.1639
       239.4059                 31.8961             331.5           3403.8212     4222.2600     -818.4388
       239.4580                 31.9030             291.7           3015.0857     3845.8800     -830.7943
       239.5099                 31.9099             312.9           3295.8572     4046.2200     -750.3628
       239.5621                 31.9169             322.6           3224.5653     4138.0200     -913.4547
       239.6141                 31.9238             316.5           3378.4071     4080.2400     -701.8329
       239.6659                 31.9307             311.2           3550.8513     4030.3800     -479.5287
       239.7178                 31.9376             309.1           3297.7787     4010.7600     -712.9813
       239.7698                 31.9446             306.8           3245.6140     3988.2600     -742.6460
       239.8218                 31.9515             297.4           2999.6168     3900.4200     -900.8032
       239.8738                 31.9584             295.3           3072.1897     3879.9000     -807.7103
       239.9259                 31.9653             319.0           3207.0346     4103.8200     -896.7854
       239.9780                 31.9723             321.5           3230.9286     4127.2200     -896.2914
       240.0299                 31.9792             309.6           3393.1116     4015.0800     -621.9684
       240.0819                 31.9861             316.8           3357.1809     4083.4800     -726.2991
       240.1339                 31.9931             304.3           3226.3630     3964.8600     -738.4970
       240.1860                 32.0000             293.6           3266.0612     3863.7000     -597.6388
       240.2381                 32.0069             302.6           3335.1795     3949.0200     -613.8405
       240.2500                 32.0085             302.3           3191.1741     3946.3200     -755.1459
       240.3019                 32.0154             295.8           3213.7384     3884.7600     -671.0216
       240.3538                 32.0224             313.3           3424.8325     4050.0000     -625.1675
       240.4059                 32.0293             291.4           3006.9431     3843.7200     -836.7769
       240.4579                 32.0362             338.9           3582.5670     4291.3800     -708.8130
       240.5098                 32.0431             303.3           3291.4762     3955.5000     -664.0238
       240.5617                 32.0501             343.0           3482.8054     4330.0800     -847.2746
       240.6136                 32.0570             296.4           3429.6484     3890.3400     -460.6916
       240.6656                 32.0639             312.9           3395.8141     4046.4000     -650.5859
       240.7175                 32.0709             323.2           3525.4646     4143.6000     -618.1354
       240.7693                 32.0778             321.9           3725.2119     4131.0000     -405.7881
       240.8212                 32.0847             305.3           3265.0381     3974.5800     -709.5419
       240.8730                 32.0916             292.4           3117.8976     3852.9000     -735.0024
       240.9250                 32.0986             314.5           3492.7714     4060.9800     -568.2086
       240.9769                 32.1055             300.3           3177.9566     3927.7800     -749.8234
       241.0289                 32.1124             307.9           3160.6636     3999.0600     -838.3964
       241.0809                 32.1193             298.7           3255.5981     3911.7600     -656.1619
       241.1330                 32.1263             297.7           3186.0637     3903.1200     -717.0563
       241.1849                 32.1332             307.0           3501.2743     3990.6000     -489.3257
       241.2368                 32.1401             301.3           3223.9646     3936.7800     -712.8154
       241.2500                 32.1419             331.8           3300.1890     4224.9600     -924.7710
       241.3021                 32.1488             295.3           2971.6490     3880.0800     -908.4310
       241.3540                 32.1557             311.7           3293.2829     4034.8800     -741.5971
       241.4060                 32.1627             289.9           2943.7931     3829.3200     -885.5269
       241.4581                 32.1696             304.3           3484.3561     3964.6800     -480.3239
       241.5099                 32.1765             318.5           3533.1603     4098.7800     -565.6197
       241.5617                 32.1835             312.0           3355.2703     4038.1200     -682.8497
       241.6137                 32.1904             314.9           3434.2797     4065.3000     -631.0203
       241.6655                 32.1973             291.1           3262.5983     3840.4800     -577.8817
       241.7175                 32.2042             286.0           3272.2012     3792.0600     -519.8588
       241.7693                 32.2112             304.3           3288.6650     3964.6800     -676.0150
       241.8212                 32.2181             304.1           3170.5852     3962.8800     -792.2948
       241.8732                 32.2250             293.4           3405.6881     3862.6200     -456.9319
       241.9252                 32.2319             322.5           3536.2906     4136.7600     -600.4694
       241.9772                 32.2389             318.2           3235.2756     4096.2600     -860.9844
       242.0292                 32.2458             300.5           3341.6956     3929.2200     -587.5244
       242.0811                 32.2527             309.1           3535.4381     4010.5800     -475.1419
       242.1329                 32.2597             295.3           3457.6762     3880.0800     -422.4038
       242.1848                 32.2666             299.5           3272.6788     3920.0400     -647.3612
       242.2366                 32.2735             297.7           3326.6662     3903.1200     -576.4538
       242.2500                 32.2753             316.0           3696.5983     4075.7400     -379.1417
       242.3019                 32.2822             324.5           3284.6942     4155.6600     -870.9658
       242.3539                 32.2892             291.9           3231.3407     3848.0400     -616.6993
       242.4060                 32.2961             307.3           3555.0895     3993.6600     -438.5705
       242.4578                 32.3030             315.2           3543.0245     4068.1800     -525.1555
       242.5097                 32.3099             322.6           3578.5906     4138.2000     -559.6094
       242.5616                 32.3169             295.6           3343.5247     3883.1400     -539.6153
       242.6135                 32.3238             321.0           3566.8594     4122.5400     -555.6806
       242.6654                 32.3307             315.6           3445.7978     4071.4200     -625.6222
       242.7175                 32.3377             294.6           3078.6119     3873.6000     -794.9881
       242.7695                 32.3446             307.4           3245.7776     3994.7400     -748.9624
       242.8215                 32.3515             288.2           3170.0775     3812.9400     -642.8625
       242.8736                 32.3584             315.2           3355.2175     4067.8200     -712.6025
       242.9255                 32.3654             315.4           3295.1944     4069.6200     -774.4256
       242.9775                 32.3723             307.7           3279.1801     3997.4400     -718.2599
       243.0297                 32.3792             314.6           3324.0343     4062.4200     -738.3857
       243.0816                 32.3861             313.3           3351.7599     4049.6400     -697.8801
       243.1336                 32.3931             294.7           3198.5529     3874.1400     -675.5871
       243.1855                 32.4000             310.9           3587.3313     4027.5000     -440.1687
       243.2375                 32.4069             316.2           3497.9415     4077.0000     -579.0585
       243.2500                 32.4086             314.0           3438.2914     4056.6600     -618.3686
       243.3020                 32.4155             311.4           3428.4279     4032.0000     -603.5721
       243.3539                 32.4225             292.3           3091.2386     3851.6400     -760.4014
       243.4058                 32.4294             293.2           3193.7188     3860.4600     -666.7412
       243.4578                 32.4363             290.1           3170.6671     3830.5800     -659.9129
       243.5099                 32.4432             320.1           3246.1500     4114.4400     -868.2900
       243.5620                 32.4502             295.6           3223.6088     3882.7800     -659.1712
       243.6139                 32.4571             298.5           3264.9163     3910.1400     -645.2237
       243.6659                 32.4640             314.7           3218.6519     4063.3200     -844.6681
       243.7178                 32.4710             298.4           3166.7249     3909.0600     -742.3351
       243.7696                 32.4779             300.7           3506.2595     3931.2000     -424.9405
       243.8216                 32.4848             316.2           3214.1502     4077.0000     -862.8498
       243.8733                 32.4917             300.7           3572.8292     3931.5600     -358.7308
       243.9252                 32.4987             308.5           3475.2169     4004.8200     -529.6031
       243.9769                 32.5056             288.4           3492.7587     3815.2800     -322.5213
       244.0287                 32.5125             326.2           3660.3194     4171.3200     -511.0006
       244.0806                 32.5194             316.4           3378.5849     4079.3400     -700.7551
       244.1327                 32.5264             327.8           3519.3652     4187.3400     -667.9748
       244.1847                 32.5333             317.1           3656.8724     4085.6400     -428.7676
       244.2366                 32.5402             297.0           3159.3864     3896.6400     -737.2536
       244.2500                 32.5420             303.1           3237.4887     3953.8800     -716.3913
       244.3020                 32.5489             312.2           3188.2413     4039.7400     -851.4987
       244.3540                 32.5559             292.1           3147.5735     3849.6600     -702.0865
       244.4059                 32.5628             303.0           3384.4793     3952.8000     -568.3207
       244.4578                 32.5697             294.1           3169.6747     3868.3800     -698.7053
       244.5096                 32.5767             327.3           3565.1883     4182.3000     -617.1117
       244.5616                 32.5836             305.2           3096.4055     3973.1400     -876.7345
       244.6136                 32.5905             322.7           3483.1216     4138.7400     -655.6184
       244.6656                 32.5974             311.6           3450.5279     4033.6200     -583.0921
       244.7176                 32.6044             307.3           3462.4229     3992.9400     -530.5171
       244.7695                 32.6113             282.0           3014.7707     3754.6200     -739.8493
       244.8215                 32.6182             304.4           3361.9494     3966.3000     -604.3506
       244.8734                 32.6251             316.1           3401.8409     4076.4600     -674.6191
       244.9252                 32.6321             306.0           3159.4283     3981.4200     -821.9917
       244.9773                 32.6390             290.5           3304.6672     3835.0800     -530.4128
       245.0293                 32.6459             309.5           3345.0896     4014.1800     -669.0904
       245.0813                 32.6529             314.9           3449.2673     4065.3000     -616.0327
       245.1333                 32.6598             295.0           3218.0834     3877.5600     -659.4766
       245.1853                 32.6667             315.8           3158.7324     4073.5800     -914.8476
       245.2374                 32.6736             321.9           3548.1566     4130.8200     -582.6634
       245.2500                 32.6753             314.6           3403.5846     4062.6000     -659.0154
       245.3019                 32.6822             302.6           3260.3297     3949.2000     -688.8703
       245.3538                 32.6892             302.6           3504.9026     3949.2000     -444.2974
       245.4056                 32.6961             307.8           3346.1689     3998.3400     -652.1711
       245.4575                 32.7030             305.1           3545.6819     3972.4200     -426.7381
       245.5094                 32.7100             290.7           3074.4376     3836.3400     -761.9024
       245.5613                 32.7169             312.4           3433.2218     4041.7200     -608.4982
       245.6132                 32.7238             304.0           3321.5815     3961.8000     -640.2185
       245.6650                 32.7307             308.8           3404.2091     4007.7000     -603.4909
       245.7169                 32.7377             300.8           3185.1383     3931.7400     -746.6017
       245.7691                 32.7446             304.5           3451.5027     3966.6600     -515.1573
       245.8209                 32.7515             304.3           3153.1442     3965.2200     -812.0758
       245.8730                 32.7584             301.7           3299.7087     3940.2000     -640.4913
       245.9249                 32.7654             294.9           3384.3967     3876.3000     -491.9033
       245.9768                 32.7723             296.7           3143.3282     3893.2200     -749.8918
       246.0289                 32.7792             310.8           3250.6595     4026.4200     -775.7605
       246.0808                 32.7862             307.0           3342.9353     3990.9600     -648.0247
       246.1328                 32.7931             316.7           3362.5154     4081.6800     -719.1646
       246.1848                 32.8000             297.4           3215.4310     3899.8800     -684.4490
       246.2368                 32.8069             307.1           3521.2447     3991.3200     -470.0753
       246.2500                 32.8087             299.5           3340.5838     3919.3200     -578.7362
       246.3018                 32.8156             305.0           3351.5465     3971.5200     -619.9735
       246.3538                 32.8226             303.7           3423.5604     3959.4600     -535.8996
       246.4058                 32.8295             315.1           3416.8131     4067.1000     -650.2869
       246.4578                 32.8364             315.5           3263.7245     4070.3400     -806.6155
       246.5099                 32.8434             305.1           3464.0836     3972.4200     -508.3364
       246.5617                 32.8503             316.2           3499.0981     4077.5400     -578.4419
       246.6134                 32.8572             310.7           3347.0963     4025.7000     -678.6037
       246.6655                 32.8641             324.5           3553.8407     4155.4800     -601.6393
       246.7174                 32.8711             299.5           3345.7922     3919.3200     -573.5278
       246.7692                 32.8780             298.9           3288.2125     3914.4600     -626.2475
       246.8211                 32.8849             299.7           3422.2750     3921.4800     -499.2050
       246.8731                 32.8918             305.2           3354.4970     3973.3200     -618.8230
       246.9249                 32.8988             312.4           3404.0489     4041.1800     -637.1311
       246.9769                 32.9057             300.3           3309.5731     3927.0600     -617.4869
       247.0288                 32.9126             296.2           3198.7051     3888.1800     -689.4749
       247.0807                 32.9196             298.3           3277.6616     3908.1600     -630.4984
       247.1326                 32.9265             305.8           3450.9121     3978.9000     -527.9879
       247.1846                 32.9334             289.8           3040.5408     3828.2400     -787.6992
       247.2366                 32.9403             306.8           3248.0781     3988.6200     -740.5419
       247.2500                 32.9421             320.8           3368.9509     4121.2800     -752.3291
       247.3019                 32.9491             315.4           3528.1981     4069.4400     -541.2419
       247.3538                 32.9560             294.4           3167.6073     3871.9800     -704.3727
       247.4058                 32.9629             311.1           3369.8678     4029.1200     -659.2522
       247.4577                 32.9698             297.1           3160.3698     3897.1800     -736.8102
       247.5097                 32.9768             307.1           3219.0646     3991.3200     -772.2554
       247.5616                 32.9837             309.6           3497.2005     4014.7200     -517.5195
       247.6134                 32.9906             310.8           3507.9713     4026.2400     -518.2687
       247.6652                 32.9976             325.9           3588.9800     4168.8000     -579.8200
       247.7170                 33.0045             299.6           3465.6288     3920.5800     -454.9512
       247.7689                 33.0114             313.8           3499.8174     4054.8600     -555.0426
       247.8209                 33.0183             313.4           3220.4698     4050.5400     -830.0702
       247.8729                 33.0253             301.1           3160.9547     3934.6200     -773.6653
       247.9250                 33.0322             297.2           3226.9293     3897.9000     -670.9707
       247.9769                 33.0391             294.6           3222.6990     3873.0600     -650.3610
       248.0289                 33.0461             298.2           3312.6524     3907.2600     -594.6076
       248.0808                 33.0530             303.6           3340.4263     3958.3800     -617.9537
       248.1328                 33.0599             315.8           3356.9266     4073.9400     -717.0134
       248.1848                 33.0668             311.3           3439.6249     4030.9200     -591.2951
       248.2367                 33.0738             307.7           3332.4911     3997.6200     -665.1289
       248.2500                 33.0755             299.9           3315.6619     3923.1000     -607.4381
       248.3020                 33.0825             315.0           3221.6903     4066.2000     -844.5097
       248.3539                 33.0894             300.0           3247.1911     3924.3600     -677.1689
       248.4059                 33.0963             299.1           3211.5113     3915.7200     -704.2087
       248.4579                 33.1032             304.0           3308.0348     3961.9800     -653.9452
       248.5098                 33.1102             297.5           3214.4165     3900.7800     -686.3635
       248.5616                 33.1171             325.8           3528.2889     4167.7200     -639.4311
       248.6135                 33.1240             309.5           3388.8963     4014.3600     -625.4637
       248.6654                 33.1310             305.0           3326.0754     3972.0600     -645.9846
       248.7173                 33.1379             312.6           3500.6189     4043.5200     -542.9011
       248.7692                 33.1448             304.3           3372.2508     3964.6800     -592.4292
       248.8212                 33.1517             303.2           3493.1667     3954.6000     -461.4333
       248.8732                 33.1587             312.0           3484.5764     4037.5800     -553.0036
       248.9252                 33.1656             309.5           3383.0234     4014.0000     -630.9766
       248.9771                 33.1725             325.3           3559.2767     4163.4000     -604.1233
       249.0292                 33.1795             293.1           3170.1183     3859.2000     -689.0817
       249.0811                 33.1864             294.8           3306.0236     3875.4000     -569.3764
       249.1331                 33.1933             316.0           3384.4720     4075.3800     -690.9080
       249.1850                 33.2002             297.2           3075.9470     3898.4400     -822.4930
       249.2371                 33.2072             305.2           3188.6267     3973.1400     -784.5133
       249.2500                 33.2089             310.9           3171.4975     4026.9600     -855.4625
       249.3018                 33.2158             311.0           3305.6174     4028.5800     -722.9626
       249.3539                 33.2227             309.4           3322.2583     4013.2800     -691.0217
       249.4058                 33.2297             297.1           3258.8264     3897.5400     -638.7136
       249.4577                 33.2366             305.2           3476.2073     3973.1400     -496.9327
       249.5096                 33.2435             308.4           3455.0521     4003.7400     -548.6879
       249.5613                 33.2504             321.0           3632.2882     4122.5400     -490.2518
       249.6134                 33.2574             318.5           3312.6571     4099.3200     -786.6629
       249.6654                 33.2643             304.1           3095.3948     3963.4200     -868.0252
       249.7174                 33.2712             286.8           2869.1853     3799.9800     -930.7947
       249.7693                 33.2782             317.4           3367.2373     4088.3400     -721.1027
       249.8213                 33.2851             297.1           3143.3517     3896.8200     -753.4683
       249.8732                 33.2920             294.7           3088.0654     3874.8600     -786.7946
       249.9252                 33.2989             317.7           3515.3148     4091.9400     -576.6252
       249.9771                 33.3059             303.9           3366.4607     3960.9000     -594.4393
       250.0289                 33.3128             315.5           3394.8353     4071.0600     -676.2247
       250.0809                 33.3197             306.5           3317.1043     3985.3800     -668.2757
       250.1329                 33.3266             291.8           2957.4820     3847.5000     -890.0180
       250.1850                 33.3336             301.0           3067.6657     3934.0800     -866.4143
       250.2370                 33.3405             306.5           3273.8758     3985.9200     -712.0442
       250.2500                 33.3423             306.5           3092.6255     3986.2800     -893.6545
       250.3019                 33.3492             325.4           3426.0695     4163.7600     -737.6905
       250.3538                 33.3561             301.4           3322.2532     3937.3200     -615.0668
       250.4058                 33.3630             314.8           3473.3503     4063.8600     -590.5097
       250.4577                 33.3700             293.8           3032.5227     3865.5000     -832.9773
       250.5096                 33.3769             308.6           3348.8899     4005.7200     -656.8301
       250.5615                 33.3838             296.0           2996.4788     3886.5600     -890.0812
       250.6135                 33.3907             301.5           3240.1661     3938.5800     -698.4139
       250.6655                 33.3977             309.7           3277.7348     4016.3400     -738.6052
       250.7175                 33.4046             306.0           3220.9412     3980.7000     -759.7588
       250.7694                 33.4115             307.5           3504.6386     3995.6400     -491.0014
       250.8214                 33.4185             301.6           3479.6551     3939.6600     -460.0049
       250.8732                 33.4254             317.2           3475.4100     4086.5400     -611.1300
       250.9251                 33.4323             312.5           3392.4071     4042.6200     -650.2129
       250.9770                 33.4392             305.4           3488.6683     3975.6600     -486.9917
       251.0290                 33.4462             303.3           3282.4997     3955.3200     -672.8203
       251.0808                 33.4531             280.0           3154.7744     3735.5400     -580.7656
       251.1328                 33.4600             325.8           3485.2740     4167.7200     -682.4460
       251.1847                 33.4670             315.2           3465.8473     4068.3600     -602.5127
       251.2366                 33.4739             308.2           3246.7942     4002.3000     -755.5058
       251.2500                 33.4757             317.8           3393.1027     4092.4800     -699.3773
       251.3020                 33.4826             285.1           2934.4527     3783.7800     -849.3273
       251.3538                 33.4895             298.3           3142.3063     3908.3400     -766.0337
       251.4057                 33.4964             308.2           3346.1446     4001.5800     -655.4354
       251.4575                 33.5034             316.7           3549.5388     4081.6800     -532.1412
       251.5096                 33.5103             319.4           3451.3364     4107.6000     -656.2636
       251.5616                 33.5172             307.1           3365.6512     3991.8600     -626.2088
       251.6135                 33.5242             313.2           3385.6760     4049.2800     -663.6040
       251.6656                 33.5311             312.3           3419.2244     4040.6400     -621.4156
       251.7176                 33.5380             299.4           3135.4735     3918.7800     -783.3065
       251.7697                 33.5449             322.5           3485.6475     4137.3000     -651.6525
       251.8218                 33.5519             304.2           3271.2878     3964.3200     -693.0322
       251.8738                 33.5588             304.4           3171.9645     3965.5800     -793.6155
       251.9258                 33.5657             310.2           3352.6532     4020.4800     -667.8268
       251.9778                 33.5726             325.2           3448.8258     4162.1400     -713.3142
       252.0298                 33.5796             324.9           3452.5800     4159.2600     -706.6800
       252.0816                 33.5865             312.6           3342.8653     4042.9800     -700.1147
       252.1336                 33.5934             316.3           3215.7973     4077.9000     -862.1027
       252.1854                 33.6004             317.9           3341.9232     4093.5600     -751.6368
       252.2373                 33.6073             310.7           3333.7858     4025.3400     -691.5542
       252.2500                 33.6090             311.3           3509.8013     4030.9200     -521.1187
       252.3019                 33.6159             325.5           3402.0906     4165.0200     -762.9294
       252.3539                 33.6228             310.6           3326.2635     4024.0800     -697.8165
       252.4057                 33.6298             297.0           3227.3991     3896.2800     -668.8809
       252.4576                 33.6367             317.0           3408.1702     4085.2800     -677.1098
       252.5097                 33.6436             307.2           3419.3195     3992.4000     -573.0805
       252.5617                 33.6505             314.5           3374.7153     4061.1600     -686.4447
       252.6137                 33.6575             295.9           3335.2039     3885.4800     -550.2761
       252.6655                 33.6644             291.5           3262.7157     3843.9000     -581.1843
       252.7175                 33.6713             299.1           3370.5376     3916.0800     -545.5424
       252.7692                 33.6783             290.5           3366.7269     3834.9000     -468.1731
       252.8211                 33.6852             298.9           3356.1591     3913.7400     -557.5809
       252.8730                 33.6921             310.1           3422.5904     4019.4000     -596.8096
       252.9249                 33.6990             302.7           3290.6680     3950.1000     -659.4320
       252.9768                 33.7060             315.5           3427.6309     4070.7000     -643.0691
       253.0287                 33.7129             298.8           3239.0216     3913.5600     -674.5384
       253.0808                 33.7198             298.2           3133.7405     3907.4400     -773.6995
       253.1328                 33.7268             322.1           3505.3903     4132.6200     -627.2297
       253.1848                 33.7337             314.8           3315.1761     4064.5800     -749.4039
       253.2369                 33.7406             297.9           3253.6614     3904.3800     -650.7186
       253.2500                 33.7424             325.1           3588.7339     4161.0600     -572.3261
       253.3018                 33.7493             292.5           3286.7627     3853.8000     -567.0373
       253.3538                 33.7562             300.5           3409.3273     3929.0400     -519.7127
       253.4057                 33.7631             295.2           3196.4295     3879.5400     -683.1105
       253.4576                 33.7701             334.1           3669.0078     4246.2000     -577.1922
       253.5095                 33.7770             302.3           3561.3512     3946.5000     -385.1488
       253.5612                 33.7839             300.4           3395.6356     3928.6800     -533.0444
       253.6129                 33.7908             315.6           3579.4258     4071.6000     -492.1742
       253.6648                 33.7978             308.7           3409.7076     4006.6200     -596.9124
       253.7168                 33.8047             295.5           3240.7383     3882.0600     -641.3217
       253.7688                 33.8116             317.2           3653.4218     4086.9000     -433.4782
       253.8207                 33.8186             309.0           3248.6939     4009.5000     -760.8061
       253.8726                 33.8255             302.7           3419.7923     3950.2800     -530.4877
       253.9245                 33.8324             319.3           3528.4165     4106.3400     -577.9235
       253.9764                 33.8393             322.5           3378.1577     4136.9400     -758.7823
       254.0285                 33.8463             314.3           3228.0023     4059.7200     -831.7177
       254.0805                 33.8532             308.3           3361.3297     4002.8400     -641.5103
       254.1325                 33.8601             309.1           3257.9927     4010.4000     -752.4073
       254.1843                 33.8671             315.5           3542.4387     4071.0600     -528.6213
       254.2363                 33.8740             293.7           3194.8075     3864.6000     -669.7925
       254.2500                 33.8758             308.1           3235.9328     4001.4000     -765.4672
       254.3019                 33.8827             312.0           3282.5466     4038.1200     -755.5734
       254.3539                 33.8897             303.2           3053.4710     3954.9600     -901.4890
       254.4057                 33.8966             300.5           3201.3962     3928.8600     -727.4638
       254.4576                 33.9035             300.1           3134.9675     3925.0800     -790.1125
       254.5094                 33.9104             309.3           3172.2890     4012.7400     -840.4510
       254.5614                 33.9174             319.1           3475.4461     4104.5400     -629.0939
       254.6132                 33.9243             300.6           3358.3407     3930.1200     -571.7793
       254.6652                 33.9312             321.9           3487.7541     4130.8200     -643.0659
       254.7172                 33.9382             320.1           3374.1527     4114.0800     -739.9273
       254.7692                 33.9451             301.2           3280.0664     3935.8800     -655.8136
       254.8212                 33.9520             317.0           3521.2675     4084.9200     -563.6525
       254.8730                 33.9589             294.4           3248.7297     3871.4400     -622.7103
       254.9251                 33.9659             298.3           3116.1167     3908.5200     -792.4033
       254.9771                 33.9728             297.7           3236.1401     3902.5800     -666.4399
       255.0289                 33.9797             299.0           3370.8285     3915.1800     -544.3515
       255.0809                 33.9867             309.7           3561.1768     4015.9800     -454.8032
       255.1330                 33.9936             300.3           3269.4655     3927.6000     -658.1345
       255.1849                 34.0005             307.5           3273.0420     3995.1000     -722.0580
       255.2369                 34.0074             288.2           2900.7494     3813.4800     -912.7306
       255.2500                 34.0092             310.2           3187.6169     4020.8400     -833.2231
       255.3019                 34.0161             284.7           3096.3768     3780.5400     -684.1632
       255.3539                 34.0230             297.3           3317.2103     3898.6200     -581.4097
       255.4058                 34.0300             292.0           3380.5570     3849.1200     -468.5630
       255.4577                 34.0369             289.7           3035.2543     3827.7000     -792.4457
       255.5097                 34.0438             327.0           3226.0316     4179.2400     -953.2084
       255.5617                 34.0507             296.6           3143.9317     3892.8600     -748.9283
       255.6135                 34.0577             329.8           3501.3110     4205.8800     -704.5690
       255.6654                 34.0646             302.2           3146.4369     3945.4200     -798.9831
       255.7173                 34.0715             301.0           3114.3001     3933.9000     -819.5999
       255.7693                 34.0785             301.0           3250.9206     3933.9000     -682.9794
       255.8213                 34.0854             308.6           3372.6869     4005.3600     -632.6731
       255.8733                 34.0923             315.6           3437.9358     4071.6000     -633.6642
       255.9252                 34.0992             317.0           3428.8700     4084.5600     -655.6900
       255.9772                 34.1062             308.3           3196.3716     4002.6600     -806.2884
       256.0292                 34.1131             302.1           3115.7990     3944.3400     -828.5410
       256.0812                 34.1200             297.6           3106.7525     3902.0400     -795.2875
       256.1331                 34.1270             328.8           3432.3758     4196.1600     -763.7842
       256.1850                 34.1339             295.6           3202.4523     3882.7800     -680.3277
       256.2370                 34.1408             311.0           3461.2636     4028.0400     -566.7764
       256.2500                 34.1426             297.6           3396.2153     3902.0400     -505.8247
       256.3020                 34.1495             299.3           3331.6495     3917.8800     -586.2305
       256.3540                 34.1564             301.5           3117.1791     3938.9400     -821.7609
       256.4059                 34.1633             317.1           3217.4698     4086.0000     -868.5302
       256.4578                 34.1703             310.7           3220.7335     4025.7000     -804.9665
       256.5098                 34.1772             318.8           3558.2667     4101.8400     -543.5733
       256.5617                 34.1841             322.3           3600.6466     4135.3200     -534.6734
       256.6136                 34.1910             299.9           3170.1606     3923.8200     -753.6594
       256.6656                 34.1980             303.9           2968.2335     3961.2600     -993.0265
       256.7176                 34.2049             313.5           3376.9893     4052.1600     -675.1707
       256.7696                 34.2118             311.1           3483.6485     4028.9400     -545.2915
       256.8217                 34.2188             308.3           3299.9683     4002.6600     -702.6917
       256.8736                 34.2257             306.6           3437.3114     3987.1800     -549.8686
       256.9256                 34.2326             312.0           3403.5208     4038.1200     -634.5992
       256.9777                 34.2395             313.2           3221.1904     4049.1000     -827.9096
       257.0299                 34.2465             317.3           3257.0880     4087.9800     -830.8920
       257.0818                 34.2534             300.4           3227.2185     3928.6800     -701.4615
       257.1340                 34.2603             323.4           3404.9274     4145.5800     -740.6526
       257.1860                 34.2672             312.6           3309.0008     4043.5200     -734.5192
       257.2380                 34.2742             301.9           3097.5453     3942.5400     -844.9947
       257.2500                 34.2758             316.7           3347.8549     4082.5800     -734.7251
       257.3020                 34.2827             304.0           3437.4276     3962.3400     -524.9124
       257.3540                 34.2896             279.8           2987.8918     3733.9200     -746.0282
       257.4061                 34.2966             306.0           3448.5486     3981.4200     -532.8714
       257.4581                 34.3035             301.6           3135.8568     3939.4800     -803.6232
       257.5101                 34.3104             308.6           3264.5982     4005.5400     -740.9418
       257.5620                 34.3173             311.8           3422.5100     4036.1400     -613.6300
       257.6141                 34.3243             313.7           3527.5113     4054.1400     -526.6287
       257.6661                 34.3312             287.3           3146.4066     3805.0200     -658.6134
       257.7180                 34.3381             307.3           3288.3714     3993.3000     -704.9286
       257.7699                 34.3451             294.7           3122.8322     3874.6800     -751.8478
       257.8219                 34.3520             318.3           3433.5230     4097.5200     -663.9970
       257.8739                 34.3589             296.5           3250.3492     3891.4200     -641.0708
       257.9260                 34.3658             306.4           3245.0765     3984.6600     -739.5835
       257.9780                 34.3728             298.3           3291.2888     3908.5200     -617.2312
       258.0300                 34.3797             307.7           3157.9962     3997.2600     -839.2638
       258.0820                 34.3866             298.5           3176.4900     3910.1400     -733.6500
       258.1340                 34.3935             322.1           3483.7412     4132.9800     -649.2388
       258.1859                 34.4005             309.0           3527.9351     4009.8600     -481.9249
       258.2378                 34.4074             316.0           3515.8037     4075.9200     -560.1163
       258.2500                 34.4090             315.1           3545.2435     4066.7400     -521.4965
       258.3020                 34.4160             310.2           3518.1470     4020.6600     -502.5130
       258.3540                 34.4229             301.9           3276.5649     3942.0000     -665.4351
       258.4059                 34.4298             298.1           3350.5081     3906.1800     -555.6719
       258.4578                 34.4367             305.5           3084.3072     3976.0200     -891.7128
       258.5097                 34.4437             317.2           3396.3276     4086.7200     -690.3924
       258.5617                 34.4506             316.4           3418.3503     4079.1600     -660.8097
       258.6135                 34.4575             317.9           3445.7667     4093.0200     -647.2533
       258.6654                 34.4645             301.2           3303.9441     3935.8800     -631.9359
       258.7174                 34.4714             311.4           3558.9331     4032.0000     -473.0669
       258.7693                 34.4783             315.2           3384.6182     4068.0000     -683.3818
       258.8213                 34.4852             320.8           3525.6566     4120.7400     -595.0834
       258.8732                 34.4922             315.8           3409.1490     4073.2200     -664.0710
       258.9251                 34.4991             301.5           3250.5682     3938.4000     -687.8318
       258.9771                 34.5060             294.9           3295.4299     3876.1200     -580.6901
       259.0291                 34.5129             303.0           3227.4707     3953.1600     -725.6893
       259.0812                 34.5199             307.3           3210.7160     3993.8400     -783.1240
       259.1334                 34.5268             305.2           3161.9500     3973.3200     -811.3700
       259.1855                 34.5337             316.1           3534.6171     4076.4600     -541.8429
       259.2375                 34.5407             299.7           2964.8265     3921.3000     -956.4735
       259.2500                 34.5423             311.8           3111.4149     4035.9600     -924.5451
       259.3020                 34.5492             307.2           3168.7218     3992.4000     -823.6782
       259.3539                 34.5562             287.6           3103.0067     3807.1800     -704.1733
       259.4059                 34.5631             292.6           3122.2521     3854.3400     -732.0879
       259.4578                 34.5700             323.1           3669.7165     4142.8800     -473.1635
       259.5097                 34.5770             316.0           3676.5626     4075.7400     -399.1774
       259.5614                 34.5839             307.8           3462.4221     3998.3400     -535.9179
       259.6133                 34.5908             293.2           3291.9396     3860.2800     -568.3404
       259.6653                 34.5977             311.3           3461.5511     4031.4600     -569.9089
       259.7172                 34.6047             318.8           3487.2142     4101.6600     -614.4458
       259.7691                 34.6116             292.9           3320.4054     3857.4000     -536.9946
       259.8211                 34.6185             290.3           3260.3396     3833.2800     -572.9404
       259.8730                 34.6254             310.0           3431.2137     4018.8600     -587.6463
       259.9250                 34.6324             311.6           3446.1313     4033.8000     -587.6687
       259.9769                 34.6393             296.7           3045.2773     3893.2200     -847.9427
       260.0287                 34.6462             291.2           3339.5000     3841.5600     -502.0600
       260.0806                 34.6532             313.7           3570.1184     4053.7800     -483.6616
       260.1325                 34.6601             298.8           3301.5035     3912.8400     -611.3365
       260.1845                 34.6670             293.5           3256.8578     3862.9800     -606.1222
       260.2363                 34.6739             318.1           3542.4686     4095.1800     -552.7114
       260.2500                 34.6758             318.0           3548.3864     4094.1000     -545.7136
       260.3018                 34.6827             315.7           3429.4674     4073.0400     -643.5726
       260.3537                 34.6896             323.8           3476.7900     4148.8200     -672.0300
       260.4056                 34.6965             321.1           3717.6101     4123.4400     -405.8299
       260.4575                 34.7035             319.9           3668.0812     4111.9200     -443.8388
       260.5093                 34.7104             308.5           3499.9210     4004.4600     -504.5390
       260.5614                 34.7173             320.6           3507.8283     4118.9400     -611.1117
       260.6133                 34.7243             311.8           3442.3090     4036.1400     -593.8310
       260.6652                 34.7312             274.1           3061.6909     3679.7400     -618.0491
       260.7172                 34.7381             300.6           3371.0882     3930.3000     -559.2118
       260.7692                 34.7450             312.0           3398.7943     4037.4000     -638.6057
       260.8211                 34.7520             299.9           3279.1788     3923.8200     -644.6412
       260.8730                 34.7589             308.9           3183.7797     4008.4200     -824.6403
       260.9251                 34.7658             303.1           3154.3945     3953.8800     -799.4855
       260.9771                 34.7728             304.9           3083.1105     3971.1600     -888.0495
       261.0290                 34.7797             308.3           3363.1818     4002.4800     -639.2982
       261.0810                 34.7866             317.3           3317.5188     4087.8000     -770.2812
       261.1330                 34.7935             308.1           3278.3331     4001.0400     -722.7069
       261.1850                 34.8005             298.4           3009.3034     3909.2400     -899.9366
       261.2369                 34.8074             318.0           3388.6258     4094.6400     -706.0142
       261.2500                 34.8091             304.0           3137.7290     3962.5200     -824.7910
       261.3019                 34.8161             309.0           3258.9914     4009.5000     -750.5086
       261.3538                 34.8230             311.0           3367.3935     4028.7600     -661.3665
       261.4057                 34.8299             312.2           3391.1187     4039.2000     -648.0813
       261.4577                 34.8368             306.8           3460.0347     3988.2600     -528.2253
       261.5096                 34.8438             313.0           3368.3681     4046.7600     -678.3919
       261.5616                 34.8507             310.0           3269.1833     4018.5000     -749.3167
       261.6136                 34.8576             292.4           3086.6499     3852.9000     -766.2501
       261.6656                 34.8646             316.5           3141.6423     4079.8800     -938.2377
       261.7177                 34.8715             294.9           3108.1429     3876.1200     -767.9771
       261.7696                 34.8784             314.1           3406.8358     4057.5600     -650.7242
       261.8215                 34.8853             320.8           3517.8878     4120.5600     -602.6722
       261.8734                 34.8923             303.0           3367.5541     3952.9800     -585.4259
       261.9253                 34.8992             318.6           3486.0585     4099.8600     -613.8015
       261.9772                 34.9061             301.9           3237.2059     3942.3600     -705.1541
       262.0293                 34.9130             299.0           3324.9638     3914.6400     -589.6762
       262.0813                 34.9200             315.5           3427.6549     4071.0600     -643.4051
       262.1333                 34.9269             326.6           3694.9591     4175.2800     -480.3209
       262.1853                 34.9338             297.9           3253.6214     3904.3800     -650.7586
       262.2371                 34.9408             311.4           3491.3238     4032.0000     -540.6762
       262.2500                 34.9425             308.7           3527.7737     4006.9800     -479.2063
       262.3019                 34.9494             295.0           3175.7443     3877.5600     -701.8157
       262.3537                 34.9563             305.2           3216.7488     3973.5000     -756.7512
       262.4057                 34.9633             309.3           3230.0137     4012.3800     -782.3663
       262.4578                 34.9702             295.3           3271.0252     3879.9000     -608.8748
       262.5096                 34.9771             300.4           3064.6596     3928.1400     -863.4804
       262.5616                 34.9840             310.2           3429.3967     4021.0200     -591.6233
       262.6135                 34.9910             308.8           3229.1104     4007.8800     -778.7696
       262.6656                 34.9979             293.6           3059.4762     3864.2400     -804.7638
       262.7176                 35.0048             310.5           3246.0251     4023.9000     -777.8749
       262.7697                 35.0118             307.9           3226.1434     3999.4200     -773.2766
       262.8216                 35.0187             322.1           3394.9813     4132.8000     -737.8187
       262.8735                 35.0256             306.4           3270.7003     3984.4800     -713.7797
       262.9253                 35.0325             320.5           3358.9791     4118.4000     -759.4209
       262.9773                 35.0395             316.8           3243.4136     4082.7600     -839.3464
       263.0293                 35.0464             306.5           3273.8537     3985.5600     -711.7063
       263.0813                 35.0533             312.6           3194.0619     4043.8800     -849.8181
       263.1332                 35.0602             316.3           3360.8500     4078.4400     -717.5900
       263.1851                 35.0672             316.3           3230.2799     4078.6200     -848.3401
       263.2369                 35.0741             296.7           3261.3902     3893.0400     -631.6498
       263.2500                 35.0759             295.7           3131.2189     3884.0400     -752.8211
       263.3020                 35.0828             320.0           3408.2286     4113.5400     -705.3114
       263.3540                 35.0897             294.3           3003.6188     3870.3600     -866.7412
       263.4059                 35.0966             298.7           3083.2560     3912.4800     -829.2240
       263.4579                 35.1036             308.0           3118.5378     4000.3200     -881.7822
       263.5098                 35.1105             324.7           3495.4523     4157.2800     -661.8277
       263.5618                 35.1174             316.2           3371.9819     4077.3600     -705.3781
       263.6139                 35.1243             312.7           3148.4903     4044.7800     -896.2897
       263.6659                 35.1313             316.6           3292.3842     4081.5000     -789.1158
       263.7178                 35.1382             295.6           3264.4522     3883.3200     -618.8678
       263.7698                 35.1451             319.2           3454.2640     4105.2600     -650.9960
       263.8217                 35.1521             306.0           3251.6781     3981.4200     -729.7419
       263.8737                 35.1590             293.6           3184.5596     3863.7000     -679.1404
       263.9256                 35.1659             299.4           3524.8868     3918.6000     -393.7132
       263.9776                 35.1728             307.5           3437.2611     3995.1000     -557.8389
       264.0296                 35.1798             313.7           3263.2914     4053.4200     -790.1286
       264.0816                 35.1867             301.9           3149.8744     3942.5400     -792.6656
       264.1337                 35.1936             308.6           3194.0512     4005.3600     -811.3088
       264.1856                 35.2005             320.4           3554.1406     4117.5000     -563.3594
       264.2375                 35.2075             303.5           3540.1524     3957.6600     -417.5076
       264.2500                 35.2091             316.3           3694.9951     4077.9000     -382.9049
       264.3019                 35.2161             310.6           3418.9599     4024.8000     -605.8401
       264.3538                 35.2230             320.1           3502.6169     4114.2600     -611.6431
       264.4059                 35.2299             309.5           3372.0628     4014.0000     -641.9372
       264.4578                 35.2369             300.1           3221.9830     3925.2600     -703.2770
       264.5097                 35.2438             298.9           3397.7784     3913.9200     -516.1416
       264.5616                 35.2507             306.3           3691.9454     3983.9400     -291.9946
       264.6135                 35.2576             300.3           3354.6251     3927.6000     -572.9749
       264.6654                 35.2646             300.1           3444.9749     3925.0800     -480.1051
       264.7175                 35.2715             300.3           3482.3603     3927.6000     -445.2397
       264.7694                 35.2784             304.3           3189.5989     3965.4000     -775.8011
       264.8213                 35.2854             287.5           3308.2721     3806.1000     -497.8279
       264.8732                 35.2923             300.1           3379.3217     3925.0800     -545.7583
       264.9251                 35.2992             296.0           3241.1094     3887.1000     -645.9906
       264.9770                 35.3061             301.0           3081.2334     3934.0800     -852.8466
       265.0291                 35.3131             327.0           3454.6290     4179.0600     -724.4310
       265.0810                 35.3200             305.8           3081.4735     3979.4400     -897.9665
       265.1331                 35.3269             292.4           3187.9974     3852.3600     -664.3626
       265.1850                 35.3338             292.9           3216.3617     3857.0400     -640.6783
       265.2370                 35.3408             320.1           3537.6853     4114.6200     -576.9347
       265.2500                 35.3425             297.7           3136.0102     3903.1200     -767.1098
       265.3021                 35.3494             292.6           3035.1420     3854.3400     -819.1980
       265.3542                 35.3564             324.2           3481.2102     4152.9600     -671.7498
       265.4060                 35.3633             290.4           3028.3291     3834.1800     -805.8509
       265.4579                 35.3702             299.2           3409.8754     3917.3400     -507.4646
       265.5098                 35.3771             299.5           3354.1281     3919.5000     -565.3719
       265.5616                 35.3841             308.1           3272.9914     4001.4000     -728.4086
       265.6136                 35.3910             308.9           3182.1461     4008.4200     -826.2739
       265.6656                 35.3979             319.0           3583.9799     4103.6400     -519.6601
       265.7175                 35.4049             312.4           3347.9323     4041.7200     -693.7877
       265.7694                 35.4118             309.3           3118.3526     4012.5600     -894.2074
       265.8214                 35.4187             316.1           3360.1556     4076.2800     -716.1244
       265.8734                 35.4256             301.1           3339.3740     3935.1600     -595.7860
       265.9254                 35.4326             302.1           3471.5499     3944.5200     -472.9701
       265.9774                 35.4395             315.6           3627.9048     4071.6000     -443.6952
       266.0292                 35.4464             310.4           3369.7884     4022.4600     -652.6716
       266.0811                 35.4533             320.9           3672.2338     4122.0000     -449.7662
       266.1330                 35.4603             311.0           3331.5193     4028.2200     -696.7007
       266.1849                 35.4672             311.4           3530.1398     4032.3600     -502.2202
       266.2368                 35.4741             309.5           3350.2504     4014.1800     -663.9296
       266.2500                 35.4759             295.9           3143.0174     3886.2000     -743.1826
       266.3020                 35.4828             290.8           3010.2933     3837.4200     -827.1267
       266.3540                 35.4897             291.5           3009.3404     3844.4400     -835.0996
       266.4059                 35.4967             298.1           3493.4363     3906.1800     -412.7437
       266.4577                 35.5036             300.1           3177.5893     3925.2600     -747.6707
       266.5097                 35.5105             305.5           3158.4544     3976.5600     -818.1056
       266.5618                 35.5175             294.9           3172.0115     3876.4800     -704.4685
       266.6139                 35.5244             313.7           3397.7767     4053.4200     -655.6433
       266.6658                 35.5313             317.9           3568.0344     4093.0200     -524.9856
       266.7178                 35.5382             297.0           3439.1443     3896.4600     -457.3157
       266.7697                 35.5452             312.7           3489.5445     4044.0600     -554.5155
       266.8214                 35.5521             308.1           3183.9663     4000.8600     -816.8937
       266.8735                 35.5590             315.7           3252.6136     4072.8600     -820.2464
       266.9255                 35.5660             309.1           3245.3996     4010.2200     -764.8204
       266.9775                 35.5729             303.1           3398.2972     3953.7000     -555.4028
       267.0296                 35.5798             322.7           3454.8888     4138.9200     -684.0312
       267.0816                 35.5867             301.8           3364.0805     3941.8200     -577.7395
       267.1336                 35.5937             302.5           3416.1263     3947.7600     -531.6337
       267.1855                 35.6006             300.2           3459.4098     3926.7000     -467.2902
       267.2375                 35.6075             314.7           3375.0247     4062.9600     -687.9353
       267.2500                 35.6092             311.7           3242.2456     4035.2400     -792.9944
       267.3021                 35.6161             302.6           3051.9845     3948.6600     -896.6755
       267.3541                 35.6230             311.1           3344.1704     4029.1200     -684.9496
       267.4061                 35.6300             317.0           3297.4689     4085.2800     -787.8111
       267.4580                 35.6369             317.3           3363.8643     4087.9800     -724.1157
       267.5099                 35.6438             310.8           3277.1747     4026.0600     -748.8853
       267.5620                 35.6508             299.8           3020.2689     3922.2000     -901.9311
       267.6140                 35.6577             313.1           3491.5177     4048.0200     -556.5023
       267.6658                 35.6646             304.6           3378.6471     3967.9200     -589.2729
       267.7178                 35.6715             298.2           2966.1648     3907.4400     -941.2752
       267.7698                 35.6785             307.7           3089.7199     3997.4400     -907.7201
       267.8218                 35.6854             316.3           3408.2099     4078.6200     -670.4101
       267.8738                 35.6923             325.6           3352.8499     4166.1000     -813.2501
       267.9256                 35.6993             296.0           3308.9867     3886.3800     -577.3933
       267.9776                 35.7062             307.2           3348.5646     3992.5800     -644.0154
       268.0294                 35.7131             308.5           3360.3500     4005.1800     -644.8300
       268.0815                 35.7200             305.9           3517.3225     3979.9800     -462.6575
       268.1335                 35.7270             307.6           3108.9730     3996.0000     -887.0270
       268.1854                 35.7339             320.4           3520.4032     4117.5000     -597.0968
       268.2374                 35.7408             315.3           3413.7165     4069.2600     -655.5435
       268.2500                 35.7425             298.1           3306.7739     3906.5400     -599.7661
       268.3020                 35.7494             305.6           3229.6931     3977.1000     -747.4069
       268.3540                 35.7563             302.4           3319.6658     3946.6800     -627.0142
       268.4060                 35.7633             315.6           3352.4023     4071.6000     -719.1977
       268.4578                 35.7702             309.8           3185.0135     4016.7000     -831.6865
       268.5098                 35.7771             308.1           3300.2016     4001.2200     -701.0184
       268.5618                 35.7841             299.5           3308.9957     3920.0400     -611.0443
       268.6137                 35.7910             313.2           3607.9428     4049.4600     -441.5172
       268.6655                 35.7979             314.7           3423.3563     4063.5000     -640.1437
       268.7175                 35.8048             314.6           3473.1826     4062.0600     -588.8774
       268.7693                 35.8118             309.6           3600.1126     4015.2600     -415.1474
       268.8213                 35.8187             307.7           3341.1108     3996.9000     -655.7892
       268.8732                 35.8256             323.8           3504.1571     4148.8200     -644.6629
       268.9252                 35.8325             311.1           3365.9214     4029.3000     -663.3786
       268.9771                 35.8395             294.2           3000.8079     3869.6400     -868.8321
       269.0291                 35.8464             299.6           3353.4853     3920.4000     -566.9147
       269.0811                 35.8533             289.1           3294.0904     3821.2200     -527.1296
       269.1330                 35.8603             301.1           3469.1583     3934.4400     -465.2817
       269.1849                 35.8672             304.8           3180.7269     3969.7200     -788.9931
       269.2367                 35.8741             314.7           3482.4880     4063.5000     -581.0120
       269.2500                 35.8759             310.5           3440.4165     4023.1800     -582.7635
       269.3018                 35.8828             325.6           3504.6804     4165.7400     -661.0596
       269.3536                 35.8898             302.9           3338.1555     3951.7200     -613.5645
       269.4054                 35.8967             318.1           3313.4661     4095.3600     -781.8939
       269.4573                 35.9036             299.3           3334.7009     3917.7000     -582.9991
       269.5092                 35.9105             298.5           3115.4885     3910.3200     -794.8315
       269.5612                 35.9175             313.5           3451.7242     4051.4400     -599.7158
       269.6131                 35.9244             301.2           3191.8823     3936.0600     -744.1777
       269.6650                 35.9313             309.9           3347.3778     4018.1400     -670.7622
       269.7170                 35.9382             314.9           3662.0855     4065.1200     -403.0345
       269.7689                 35.9452             303.0           3380.2138     3952.8000     -572.5862
       269.8207                 35.9521             307.6           3476.9997     3996.1800     -519.1803
       269.8726                 35.9590             311.9           3482.8523     4037.0400     -554.1877
       269.9245                 35.9660             285.9           3184.8589     3791.3400     -606.4811
       269.9763                 35.9729             311.2           3428.0718     4029.8400     -601.7682
       270.0283                 35.9798             319.8           3484.6883     4111.2000     -626.5117
       270.0802                 35.9867             301.5           3264.9705     3938.2200     -673.2495
       270.1320                 35.9937             312.6           3378.7432     4043.7000     -664.9568
       270.1839                 36.0006             303.2           3481.0381     3954.7800     -473.7419
       270.2359                 36.0075             295.7           3285.9993     3883.6800     -597.6807
       270.2500                 36.0094             303.1           3429.7773     3953.8800     -524.1027
       270.3019                 36.0163             297.2           3025.0002     3897.9000     -872.8998
       270.3538                 36.0233             307.5           3392.2877     3995.1000     -602.8123
       270.4057                 36.0302             307.8           3432.8131     3997.9800     -565.1669
       270.4576                 36.0371             307.1           3478.4745     3991.8600     -513.3855
       270.5096                 36.0440             313.2           3442.7937     4049.2800     -606.4863
       270.5615                 36.0510             303.8           3297.0520     3960.0000     -662.9480
       270.6135                 36.0579             300.5           3180.6273     3929.2200     -748.5927
       270.6655                 36.0648             307.8           3198.7315     3998.1600     -799.4285
       270.7174                 36.0718             298.7           3426.6081     3912.4800     -485.8719
       270.7693                 36.0787             325.4           3730.6701     4164.3000     -433.6299
       270.8213                 36.0856             322.1           3489.8689     4133.1600     -643.2911
       270.8732                 36.0925             306.0           3079.4147     3981.2400     -901.8253
       270.9252                 36.0995             325.2           3687.1161     4162.3200     -475.2039
       270.9770                 36.1064             297.7           3207.9554     3902.5800     -694.6246
       271.0289                 36.1133             297.4           3322.7973     3900.2400     -577.4427
       271.0808                 36.1203             305.2           3357.2397     3973.1400     -615.9003
       271.1328                 36.1272             304.8           3069.8798     3969.3600     -899.4802
       271.1848                 36.1341             304.5           3365.9737     3966.8400     -600.8663
       271.2368                 36.1410             315.1           3415.4997     4067.1000     -651.6003
       271.2500                 36.1428             310.7           3475.1712     4025.8800     -550.7088
       271.3020                 36.1497             319.0           3368.4960     4103.6400     -735.1440
       271.3539                 36.1567             296.2           3203.0478     3888.5400     -685.4922
       271.4059                 36.1636             329.2           3577.3859     4199.9400     -622.5541
       271.4578                 36.1705             310.3           3462.8995     4021.9200     -559.0205
       271.5098                 36.1774             312.3           3480.9599     4040.6400     -559.6801
       271.5617                 36.1844             308.9           3418.4008     4008.2400     -589.8392
       271.6137                 36.1913             303.1           3287.5115     3953.3400     -665.8285
       271.6656                 36.1982             301.2           3136.9609     3935.7000     -798.7391
       271.7178                 36.2051             318.2           3158.0906     4096.6200     -938.5294
       271.7699                 36.2121             307.9           3316.2885     3998.8800     -682.5915
       271.8219                 36.2190             286.6           3191.6136     3797.8200     -606.2064
       271.8739                 36.2259             303.9           3451.3135     3961.2600     -509.9465
       271.9258                 36.2329             290.3           3183.0915     3832.9200     -649.8285
       271.9778                 36.2398             323.5           3606.0794     4146.4800     -540.4006
       272.0298                 36.2467             322.5           3397.9967     4137.1200     -739.1233
       272.0818                 36.2536             307.1           3286.4363     3991.5000     -705.0637
       272.1338                 36.2606             310.7           3461.1765     4025.8800     -564.7035
       272.1857                 36.2675             302.2           3525.8962     3945.6000     -419.7038
       272.2376                 36.2744             304.1           3014.8932     3962.8800     -947.9868
       272.2500                 36.2761             304.2           3288.7443     3964.3200     -675.5757
       272.3020                 36.2830             290.0           3036.0795     3830.2200     -794.1405
       272.3539                 36.2899             317.8           3518.1864     4092.1200     -573.9336
       272.4059                 36.2968             288.7           3224.7033     3818.1600     -593.4567
       272.4579                 36.3038             309.5           3469.6892     4014.0000     -544.3108
       272.5098                 36.3107             293.5           3288.4848     3863.3400     -574.8552
       272.5618                 36.3176             306.4           3416.1449     3984.4800     -568.3351
       272.6136                 36.3246             308.0           3474.7682     3999.7800     -525.0118
       272.6655                 36.3315             310.3           3316.8156     4022.1000     -705.2844
       272.7176                 36.3384             319.0           3526.6322     4103.8200     -577.1878
       272.7695                 36.3453             302.1           3427.3655     3944.1600     -516.7945
       272.8215                 36.3523             296.8           3259.7021     3894.4800     -634.7779
       272.8736                 36.3592             309.5           3267.6528     4013.8200     -746.1672
       272.9255                 36.3661             315.1           3418.3024     4066.9200     -648.6176
       272.9775                 36.3731             309.3           3390.0729     4012.3800     -622.3071
       273.0295                 36.3800             294.2           3005.6721     3869.4600     -863.7879
       273.0815                 36.3869             310.1           3308.5156     4020.1200     -711.6044
       273.1335                 36.3938             292.6           3218.3539     3854.7000     -636.3461
       273.1855                 36.4008             299.1           3238.7574     3916.2600     -677.5026
       273.2375                 36.4077             306.8           3355.1060     3988.6200     -633.5140
       273.2500                 36.4094             316.5           3566.1693     4080.0600     -513.8907
       273.3019                 36.4163             319.5           3672.3371     4108.1400     -435.8029
       273.3538                 36.4232             304.4           3275.1556     3966.1200     -690.9644
       273.4058                 36.4301             308.8           3359.5440     4007.7000     -648.1560
       273.4578                 36.4371             294.9           3263.9761     3876.4800     -612.5039
       273.5098                 36.4440             295.2           3193.1119     3879.1800     -686.0681
       273.5618                 36.4509             305.4           3364.6434     3975.4800     -610.8366
       273.6138                 36.4579             297.7           3181.0244     3902.9400     -721.9156
       273.6659                 36.4648             308.8           3271.0640     4007.7000     -736.6360
       273.7177                 36.4717             309.1           3466.1063     4010.0400     -543.9337
       273.7696                 36.4786             302.7           3377.2804     3949.9200     -572.6396
       273.8217                 36.4856             286.1           2996.4541     3792.9600     -796.5059
       273.8736                 36.4925             311.4           3357.7926     4032.5400     -674.7474
       273.9256                 36.4994             301.8           3223.5038     3941.2800     -717.7762
       273.9774                 36.5063             297.1           3232.4828     3897.3600     -664.8772
       274.0294                 36.5133             303.5           3311.3278     3957.4800     -646.1522
       274.0814                 36.5202             294.3           3435.8363     3870.9000     -435.0637
       274.1332                 36.5271             321.7           3479.9088     4129.2000     -649.2912
       274.1850                 36.5341             320.4           3707.3164     4116.9600     -409.6436
       274.2368                 36.5410             322.5           3584.0290     4136.7600     -552.7310
       274.2500                 36.5428             304.6           3455.5177     3968.1000     -512.5823
       274.3020                 36.5497             311.8           3324.4860     4035.9600     -711.4740
       274.3540                 36.5566             293.9           3179.9610     3866.9400     -686.9790
       274.4060                 36.5635             301.6           3238.3956     3939.3000     -700.9044
       274.4579                 36.5705             293.5           3079.4907     3863.5200     -784.0293
       274.5100                 36.5774             303.7           3067.7939     3959.1000     -891.3061
       274.5621                 36.5843             304.2           3175.2365     3964.5000     -789.2635
       274.6140                 36.5912             300.8           3144.9623     3931.7400     -786.7777
       274.6660                 36.5982             315.8           3601.5368     4073.9400     -472.4032
       274.7180                 36.6051             313.6           3629.5180     4052.7000     -423.1820
       274.7698                 36.6120             302.5           3531.0835     3948.4800     -417.3965
       274.8218                 36.6190             315.9           3308.9927     4075.0200     -766.0273
       274.8737                 36.6259             322.7           3575.0565     4138.9200     -563.8635
       274.9257                 36.6328             314.6           3319.8909     4061.8800     -741.9891
       274.9778                 36.6397             304.7           3237.9540     3968.8200     -730.8660
       275.0298                 36.6467             295.4           3326.5702     3880.8000     -554.2298
       275.0817                 36.6536             299.3           3067.6781     3917.8800     -850.2019
       275.1339                 36.6605             314.8           3418.3067     4064.0400     -645.7333
       275.1858                 36.6675             302.7           3298.5706     3950.1000     -651.5294
       275.2379                 36.6744             305.5           3408.4981     3976.7400     -568.2419
       275.2500                 36.6760             311.6           3317.2528     4033.9800     -716.7272
       275.3020                 36.6829             315.5           3362.1923     4070.3400     -708.1477
       275.3540                 36.6898             297.9           3130.7323     3904.7400     -774.0077
       275.4060                 36.6968             322.9           3357.9030     4140.7200     -782.8170
       275.4579                 36.7037             307.6           3523.7494     3996.0000     -472.2506
       275.5098                 36.7106             319.6           3540.2392     4109.5800     -569.3408
       275.5617                 36.7175             309.3           3459.4838     4012.2000     -552.7162
       275.6137                 36.7245             321.2           3534.7393     4124.5200     -589.7807
       275.6657                 36.7314             309.9           3336.3756     4017.7800     -681.4044
       275.7177                 36.7383             299.8           3345.6308     3922.5600     -576.9292
       275.7696                 36.7453             303.8           3428.5161     3960.7200     -532.2039
       275.8216                 36.7522             308.5           3426.6147     4005.1800     -578.5653
       275.8735                 36.7591             311.1           3216.4539     4029.4800     -813.0261
       275.9255                 36.7660             310.2           3470.7011     4020.3000     -549.5989
       275.9775                 36.7730             304.1           3516.2791     3963.0600     -446.7809
       276.0294                 36.7799             312.2           3630.9418     4040.1000     -409.1582
       276.0812                 36.7868             303.0           3381.0298     3952.6200     -571.5902
       276.1332                 36.7937             320.7           3191.3307     4120.0200     -928.6893
       276.1853                 36.8007             292.7           3090.8029     3855.9600     -765.1571
       276.2373                 36.8076             314.4           3187.4410     4060.8000     -873.3590
       276.2500                 36.8093             297.6           2929.2066     3902.2200     -973.0134
       276.3022                 36.8162             311.6           3208.9115     4034.1600     -825.2485
       276.3541                 36.8231             332.7           3676.8471     4232.8800     -556.0329
       276.4060                 36.8301             313.6           3552.0742     4053.2400     -501.1658
       276.4580                 36.8370             317.9           3511.6747     4093.0200     -581.3453
       276.5099                 36.8439             286.2           3129.3879     3794.2200     -664.8321
       276.5619                 36.8509             312.2           3359.9612     4040.1000     -680.1388
       276.6138                 36.8578             301.6           2939.9773     3939.8400     -999.8627
       276.6659                 36.8647             320.0           3307.6682     4112.8200     -805.1518
       276.7179                 36.8716             319.6           3407.7170     4109.2200     -701.5030
       276.7700                 36.8786             319.4           3581.3670     4107.2400     -525.8730
       276.8219                 36.8855             315.9           3282.4568     4075.0200     -792.5632
       276.8738                 36.8924             297.2           3205.6380     3898.2600     -692.6220
       276.9257                 36.8994             298.7           3141.8452     3912.6600     -770.8148
       276.9776                 36.9063             297.0           3208.7411     3896.4600     -687.7189
       277.0296                 36.9132             300.3           3323.0382     3927.2400     -604.2018
       277.0816                 36.9201             314.1           3656.8549     4057.7400     -400.8851
       277.1334                 36.9271             291.2           3337.5036     3841.3800     -503.8764
       277.1852                 36.9340             313.0           3412.7955     4047.6600     -634.8645
       277.2371                 36.9409             289.1           3111.0593     3821.9400     -710.8807
       277.2500                 36.9426             308.7           3327.9999     4006.4400     -678.4401
       277.3020                 36.9496             301.8           3309.9252     3941.4600     -631.5348
       277.3540                 36.9565             312.5           3544.2101     4042.2600     -498.0499
       277.4060                 36.9634             299.2           3417.9452     3917.3400     -499.3948
       277.4579                 36.9703             308.8           3178.6407     4007.3400     -828.6993
       277.5098                 36.9773             291.9           3155.5018     3847.8600     -692.3582
       277.5617                 36.9842             309.6           3503.3499     4015.0800     -511.7301
       277.6134                 36.9911             305.2           3531.8041     3973.1400     -441.3359
       277.6653                 36.9981             304.1           3337.7614     3963.4200     -625.6586
       277.7173                 37.0050             299.1           3125.7656     3916.0800     -790.3144
       277.7694                 37.0119             318.9           3382.2593     4103.1000     -720.8407
       277.8213                 37.0188             308.1           3360.4803     4000.5000     -640.0197
       277.8732                 37.0258             292.9           3307.7791     3857.2200     -549.4409
       277.9252                 37.0327             303.1           3337.3286     3954.0600     -616.7314
       277.9771                 37.0396             315.0           3297.1739     4066.0200     -768.8461
       278.0292                 37.0465             297.3           3125.0783     3898.8000     -773.7217
       278.0811                 37.0535             315.3           3439.2767     4069.2600     -629.9833
       278.1332                 37.0604             301.9           3262.2873     3942.1800     -679.8927
       278.1852                 37.0673             313.9           3498.6301     4055.2200     -556.5899
       278.2371                 37.0743             311.3           3497.8710     4030.7400     -532.8690
       278.2500                 37.0760             302.4           3405.7529     3947.0400     -541.2871
       278.3019                 37.0829             306.1           3143.9971     3981.6000     -837.6029
       278.3538                 37.0898             300.7           3370.3992     3931.0200     -560.6208
       278.4058                 37.0968             294.2           3336.8601     3869.4600     -532.5999
       278.4577                 37.1037             305.8           3447.2347     3979.4400     -532.2053
       278.5098                 37.1106             307.1           3279.8835     3991.8600     -711.9765
       278.5618                 37.1176             288.1           2943.1099     3812.4000     -869.2901
       278.6139                 37.1245             297.1           3273.7658     3897.3600     -623.5942
       278.6658                 37.1314             325.6           3680.5095     4165.7400     -485.2305
       278.7178                 37.1383             298.4           3258.5346     3909.2400     -650.7054
       278.7697                 37.1453             309.6           3376.9192     4015.4400     -638.5208
       278.8218                 37.1522             324.1           3601.5207     4152.2400     -550.7193
       278.8737                 37.1591             311.4           3521.5853     4032.1800     -510.5947
       278.9257                 37.1660             288.7           3185.6485     3817.6200     -631.9715
       278.9776                 37.1730             312.2           3353.5447     4039.5600     -686.0153
       279.0295                 37.1799             301.5           3419.9870     3938.9400     -518.9530
       279.0816                 37.1868             311.0           3293.1803     4028.0400     -734.8597
       279.1336                 37.1938             333.2           3529.4585     4238.1000     -708.6415
       279.1855                 37.2007             301.9           3380.0764     3942.3600     -562.2836
       279.2374                 37.2076             331.5           3454.7471     4221.7200     -766.9729
       279.2500                 37.2093             301.6           3195.6173     3939.4800     -743.8627
       279.3019                 37.2162             317.1           3367.4811     4086.0000     -718.5189
       279.3540                 37.2231             323.8           3420.7240     4148.8200     -728.0960
       279.4060                 37.2301             308.3           3553.5881     4003.2000     -449.6119
       279.4580                 37.2370             314.9           3499.7630     4065.4800     -565.7170
       279.5099                 37.2439             301.9           3394.1665     3942.7200     -548.5535
       279.5619                 37.2509             313.9           3282.5782     4055.9400     -773.3618
       279.6139                 37.2578             304.0           3057.2148     3961.8000     -904.5852
       279.6661                 37.2647             299.3           3037.6667     3917.8800     -880.2133
       279.7183                 37.2716             307.0           2956.0534     3990.9600    -1034.9066
       279.7704                 37.2786             303.3           3100.5631     3955.8600     -855.2969
       279.8223                 37.2855             298.8           3244.3391     3913.2000     -668.8609
       279.8743                 37.2924             311.0           3414.4450     4028.5800     -614.1350
       279.9262                 37.2994             321.9           3374.1075     4131.5400     -757.4325
       279.9781                 37.3063             295.2           3367.1452     3879.1800     -512.0348
       280.0300                 37.3132             297.4           3212.0394     3899.8800     -687.8406
       280.0819                 37.3201             298.9           3352.2357     3914.1000     -561.8643
       280.1338                 37.3271             315.0           3366.9668     4065.8400     -698.8732
       280.1858                 37.3340             304.5           3302.5354     3966.6600     -664.1246
       280.2378                 37.3409             282.8           3149.2369     3762.0000     -612.7631
       280.2500                 37.3425             294.1           3205.2269     3868.9200     -663.6931
       280.3019                 37.3495             308.5           3269.0984     4005.1800     -736.0816
       280.3538                 37.3564             304.7           3215.2731     3968.4600     -753.1869
       280.4058                 37.3633             305.7           3485.7234     3978.3600     -492.6366
       280.4578                 37.3703             313.6           3664.2958     4052.8800     -388.5842
       280.5099                 37.3772             324.2           3643.4062     4152.9600     -509.5538
       280.5617                 37.3841             311.8           3463.9963     4035.9600     -571.9637
       280.6136                 37.3910             307.6           3447.4631     3996.0000     -548.5369
       280.6656                 37.3980             300.9           3279.6649     3932.8200     -653.1551
       280.7175                 37.4049             299.0           3064.6390     3915.0000     -850.3610
       280.7694                 37.4118             304.8           3319.6605     3970.2600     -650.5995
       280.8212                 37.4187             316.9           3548.0535     4084.3800     -536.3265
       280.8731                 37.4257             298.5           3130.7132     3910.5000     -779.7868
       280.9251                 37.4326             299.6           3278.6037     3921.1200     -642.5163
       280.9772                 37.4395             318.8           3488.5607     4102.0200     -613.4593
       281.0291                 37.4465             326.4           3482.9267     4174.0200     -691.0933
       281.0809                 37.4534             300.6           3424.9196     3929.7600     -504.8404
       281.1328                 37.4603             300.0           3366.6071     3924.1800     -557.5729
       281.1848                 37.4672             306.4           3426.9023     3984.4800     -557.5777
       281.2367                 37.4742             302.1           3518.7315     3944.5200     -425.7885
       281.2500                 37.4759             300.5           3513.9859     3929.5800     -415.5941
       281.3019                 37.4829             311.3           3549.9738     4031.1000     -481.1262
       281.3538                 37.4898             302.0           3179.9017     3943.8000     -763.8983
       281.4059                 37.4967             321.0           3361.5803     4122.7200     -761.1397
       281.4579                 37.5037             319.4           3375.7407     4107.6000     -731.8593
       281.5099                 37.5106             307.3           3315.0482     3993.1200     -678.0718
       281.5620                 37.5175             309.8           3341.5457     4017.4200     -675.8743
       281.6139                 37.5244             308.4           3341.8558     4004.1000     -662.2442
       281.6659                 37.5314             323.3           3093.4805     4144.8600    -1051.3795
       281.7180                 37.5383             305.4           3088.0753     3975.4800     -887.4047
       281.7701                 37.5452             323.8           3246.0075     4149.1800     -903.1725
       281.8223                 37.5521             313.7           3127.8777     4054.1400     -926.2623
       281.8743                 37.5591             323.1           3597.2512     4142.8800     -545.6288
       281.9262                 37.5660             313.0           3355.3415     4047.1200     -691.7785
       281.9783                 37.5729             304.3           3188.6160     3964.8600     -776.2440
       282.0302                 37.5799             305.8           3361.6030     3979.0800     -617.4770
       282.0822                 37.5868             302.9           3239.5203     3951.7200     -712.1997
       282.1342                 37.5937             310.5           3102.8603     4023.9000     -921.0397
       282.1861                 37.6006             321.3           3203.9369     4125.9600     -922.0231
       282.2380                 37.6076             317.6           3484.9432     4091.0400     -606.0968
       282.2500                 37.6092             300.5           3379.9800     3928.8600     -548.8800
       282.3018                 37.6161             306.7           3423.5932     3988.0800     -564.4868
       282.3538                 37.6230             313.4           3300.9562     4050.5400     -749.5838
       282.4058                 37.6300             317.7           3545.1897     4091.4000     -546.2103
       282.4579                 37.6369             313.9           3206.9367     4055.7600     -848.8233
       282.5099                 37.6438             288.8           3143.4590     3818.7000     -675.2410
       282.5619                 37.6507             308.3           3395.1086     4002.6600     -607.5514
       282.6138                 37.6577             308.4           3493.2945     4003.5600     -510.2655
       282.6658                 37.6646             311.1           3367.4704     4029.1200     -661.6496
       282.7177                 37.6715             301.1           3426.2518     3935.3400     -509.0882
       282.7695                 37.6784             317.8           3544.2069     4092.8400     -548.6331
       282.8215                 37.6854             284.5           3282.5482     3777.8400     -495.2918
       282.8735                 37.6923             306.0           3329.3795     3981.2400     -651.8605
       282.9256                 37.6992             315.7           3436.9226     4073.0400     -636.1174
       282.9775                 37.7062             304.1           3436.2210     3962.8800     -526.6590
       283.0293                 37.7131             300.1           3372.4353     3925.8000     -553.3647
       283.0814                 37.7200             314.6           3425.0884     4062.2400     -637.1516
       283.1334                 37.7269             305.3           3224.9742     3974.7600     -749.7858
       283.1855                 37.7339             302.2           3299.8024     3945.4200     -645.6176
       283.2372                 37.7408             309.4           3378.1124     4013.6400     -635.5276
       283.2500                 37.7425             314.4           3257.9064     4060.2600     -802.3536
       283.3019                 37.7494             297.1           3416.7978     3897.1800     -480.3822
       283.3538                 37.7564             327.7           3645.2530     4186.0800     -540.8270
       283.4057                 37.7633             303.7           3360.3955     3959.6400     -599.2445
       283.4576                 37.7702             295.0           3222.2695     3877.0200     -654.7505
       283.5095                 37.7771             322.7           3528.6486     4138.3800     -609.7314
       283.5614                 37.7841             298.2           3284.4905     3907.2600     -622.7695
       283.6135                 37.7910             313.9           3523.3342     4055.2200     -531.8858
       283.6654                 37.7979             319.7           3399.5938     4110.8400     -711.2462
       283.7172                 37.8049             289.8           3232.1067     3827.8800     -595.7733
       283.7691                 37.8118             294.3           3425.2385     3871.0800     -445.8415
       283.8211                 37.8187             289.7           3197.0095     3826.8000     -629.7905
       283.8729                 37.8256             304.0           3522.4818     3962.1600     -439.6782
       283.9247                 37.8326             306.5           3291.5618     3985.7400     -694.1782
       283.9766                 37.8395             326.8           3389.4934     4177.4400     -787.9466
       284.0286                 37.8464             301.6           3244.5894     3939.8400     -695.2506
       284.0805                 37.8533             292.2           3305.5589     3850.7400     -545.1811
       284.1324                 37.8603             312.1           3501.7169     4038.8400     -537.1231
       284.1843                 37.8672             326.8           3466.9986     4177.2600     -710.2614
       284.2364                 37.8741             295.8           3077.5804     3884.7600     -807.1796
       284.2500                 37.8759             295.3           3152.1256     3880.0800     -727.9544
       284.3020                 37.8829             312.4           3398.2197     4041.9000     -643.6803
       284.3539                 37.8898             303.8           3325.1680     3960.7200     -635.5520
       284.4058                 37.8967             305.6           3484.5365     3977.2800     -492.7435
       284.4578                 37.9037             307.5           3478.6135     3995.4600     -516.8465
       284.5098                 37.9106             306.5           3427.4538     3985.7400     -558.2862
       284.5617                 37.9175             328.4           3641.2798     4192.7400     -551.4602
       284.6138                 37.9244             308.9           3253.2861     4008.7800     -755.4939
       284.6657                 37.9314             304.4           3538.5900     3965.9400     -427.3500
       284.7175                 37.9383             305.8           3360.2782     3978.9000     -618.6218
       284.7694                 37.9452             321.1           3433.8624     4123.2600     -689.3976
       284.8214                 37.9521             322.5           3477.8625     4136.7600     -658.8975
       284.8734                 37.9591             305.3           3475.7819     3974.7600     -498.9781
       284.9253                 37.9660             313.0           3154.1511     4047.6600     -893.5089
       284.9774                 37.9729             299.2           3323.3911     3916.9800     -593.5889
       285.0292                 37.9799             306.6           3242.1512     3987.1800     -745.0288
       285.0811                 37.9868             281.5           3103.6403     3750.1200     -646.4797
       285.1329                 37.9937             313.5           3363.7580     4051.9800     -688.2220
       285.1847                 38.0006             301.4           3366.6394     3937.5000     -570.8606
       285.2367                 38.0076             304.4           3200.3633     3966.1200     -765.7567
       285.2500                 38.0093             305.2           3510.5384     3974.0400     -463.5016
       285.3019                 38.0163             309.4           3398.7117     4013.6400     -614.9283
       285.3540                 38.0232             301.2           3299.5149     3936.0600     -636.5451
       285.4058                 38.0301             314.9           3454.7972     4065.3000     -610.5028
       285.4577                 38.0371             314.5           3539.3185     4061.1600     -521.8415
       285.5096                 38.0440             304.2           3480.2096     3963.9600     -483.7504
       285.5614                 38.0509             290.2           3311.5903     3832.0200     -520.4297
       285.6133                 38.0578             305.0           3249.2462     3971.3400     -722.0938
       285.6652                 38.0648             307.6           3424.9895     3996.3600     -571.3705
       285.7174                 38.0717             319.0           3432.4173     4103.6400     -671.2227
       285.7695                 38.0786             317.6           3284.2611     4090.3200     -806.0589
       285.8214                 38.0855             294.5           3136.4381     3872.5200     -736.0819
       285.8733                 38.0925             298.3           3160.0060     3908.8800     -748.8740
       285.9254                 38.0994             316.3           3346.1265     4078.2600     -732.1335
       285.9774                 38.1063             307.6           3419.7007     3996.3600     -576.6593
       286.0294                 38.1133             302.3           3324.0019     3945.9600     -621.9581
       286.0812                 38.1202             296.8           3430.1939     3893.9400     -463.7461
       286.1331                 38.1271             308.0           3257.6918     4000.1400     -742.4482
       286.1850                 38.1340             317.9           3603.8361     4093.2000     -489.3639
       286.2370                 38.1410             318.0           3355.7222     4094.1000     -738.3778
       286.2500                 38.1427             311.6           3290.4243     4034.3400     -743.9157
       286.3020                 38.1496             293.5           3193.9704     3863.5200     -669.5496
       286.3539                 38.1566             302.2           3290.9702     3945.0600     -654.0898
       286.4058                 38.1635             318.0           3511.6993     4094.1000     -582.4007
       286.4577                 38.1704             310.7           3344.9085     4025.5200     -680.6115
       286.5097                 38.1773             299.4           3218.4120     3918.9600     -700.5480
       286.5618                 38.1843             300.9           3285.5254     3933.1800     -647.6546
       286.6137                 38.1912             289.7           3228.2578     3827.3400     -599.0822
       286.6657                 38.1981             306.5           3277.4840     3986.1000     -708.6160
       286.7176                 38.2050             299.2           3055.3993     3917.3400     -861.9407
       286.7697                 38.2120             305.1           3116.7230     3972.7800     -856.0570
       286.8218                 38.2189             321.9           3279.8814     4131.5400     -851.6586
       286.8738                 38.2258             312.3           3425.5543     4040.6400     -615.0857
       286.9257                 38.2328             314.7           3501.2887     4063.1400     -561.8513
       286.9777                 38.2397             305.8           3339.5737     3979.6200     -640.0463
       287.0297                 38.2466             309.6           3184.6910     4015.4400     -830.7490
       287.0817                 38.2535             305.8           3285.1548     3979.6200     -694.4652
       287.1336                 38.2605             293.8           3160.0441     3866.4000     -706.3559
       287.1856                 38.2674             316.8           3481.8045     4083.4800     -601.6755
       287.2375                 38.2743             320.7           3384.2783     4120.2000     -735.9217
       287.2500                 38.2760             313.1           3242.5546     4048.3800     -805.8254
       287.3021                 38.2829             315.8           3459.1321     4073.5800     -614.4479
       287.3540                 38.2898             299.7           3298.7896     3921.3000     -622.5104
       287.4058                 38.2968             319.8           3342.3839     4111.0200     -768.6361
       287.4578                 38.3037             315.2           3448.0861     4068.0000     -619.9139
       287.5099                 38.3106             333.6           3757.4297     4241.3400     -483.9103
       287.5619                 38.3175             313.2           3497.0018     4049.4600     -552.4582
       287.6138                 38.3245             315.2           3236.6068     4068.1800     -831.5732
       287.6657                 38.3314             303.5           3441.1449     3957.3000     -516.1551
       287.7176                 38.3383             308.9           3609.8943     4008.0600     -398.1657
       287.7695                 38.3453             305.9           3470.9966     3980.5200     -509.5234
       287.8214                 38.3522             313.7           3581.0428     4053.7800     -472.7372
       287.8733                 38.3591             316.8           3401.5960     4083.3000     -681.7040
       287.9252                 38.3660             294.2           3276.9779     3869.6400     -592.6621
       287.9772                 38.3730             317.7           3319.7289     4091.2200     -771.4911
       288.0292                 38.3799             298.8           3359.5040     3913.0200     -553.5160
       288.0811                 38.3868             299.7           3303.4668     3922.0200     -618.5532
       288.1331                 38.3937             316.3           3178.5879     4078.6200     -900.0321
       288.1853                 38.4007             297.6           3228.3682     3902.2200     -673.8518
       288.2372                 38.4076             314.0           3476.3020     4056.6600     -580.3580
       288.2500                 38.4093             304.5           3151.1460     3967.2000     -816.0540
       288.3019                 38.4162             296.1           3149.4017     3887.2800     -737.8783
       288.3539                 38.4232             303.4           3298.0840     3956.4000     -658.3160
       288.4058                 38.4301             310.7           3220.7151     4025.7000     -804.9849
       288.4577                 38.4370             309.8           3376.9143     4017.2400     -640.3257
       288.5096                 38.4439             316.3           3200.6672     4077.9000     -877.2328
       288.5617                 38.4509             318.4           3344.0290     4098.6000     -754.5710
       288.6137                 38.4578             318.0           3344.7365     4094.4600     -749.7235
       288.6658                 38.4647             301.1           3321.1332     3935.3400     -614.2068
       288.7176                 38.4717             301.8           3312.5337     3941.6400     -629.1063
       288.7695                 38.4786             303.3           3456.5982     3955.6800     -499.0818
       288.8214                 38.4855             311.6           3543.9799     4033.9800     -490.0001
       288.8734                 38.4924             307.0           3365.1078     3990.6000     -625.4922
       288.9252                 38.4994             295.8           3227.9577     3884.9400     -656.9823
       288.9773                 38.5063             325.8           3765.3384     4168.4400     -403.1016
       289.0292                 38.5132             291.3           3384.0372     3841.9200     -457.8828
       289.0811                 38.5202             325.8           3526.3131     4168.2600     -641.9469
       289.1330                 38.5271             309.3           3410.7542     4012.7400     -601.9858
       289.1850                 38.5340             307.9           3354.1458     3999.4200     -645.2742
       289.2371                 38.5409             324.5           3428.4930     4156.0200     -727.5270
       289.2500                 38.5427             306.5           3382.4730     3986.2800     -603.8070
       289.3019                 38.5496             308.1           3364.5103     4000.5000     -635.9897
       289.3539                 38.5565             304.5           3164.8667     3967.2000     -802.3333
       289.4058                 38.5634             314.3           3299.8712     4059.1800     -759.3088
       289.4576                 38.5704             275.1           2909.6231     3689.1000     -779.4769
       289.5097                 38.5773             318.7           3545.6871     4101.1200     -555.4329
       289.5617                 38.5842             302.3           3086.5436     3946.5000     -859.9564
       289.6138                 38.5911             289.8           3164.7270     3828.4200     -663.6930
       289.6660                 38.5981             306.3           3138.7112     3983.7600     -845.0488
       289.7178                 38.6050             291.4           3016.0873     3843.0000     -826.9127
       289.7699                 38.6119             310.8           3375.1847     4026.0600     -650.8753
       289.8218                 38.6189             313.3           3421.4644     4049.6400     -628.1756
       289.8738                 38.6258             301.3           3119.8199     3936.4200     -816.6001
       289.9258                 38.6327             296.4           3088.2168     3890.7000     -802.4832
       289.9778                 38.6396             318.0           3520.2725     4094.4600     -574.1875
       290.0299                 38.6466             303.4           3413.6265     3956.9400     -543.3135
       290.0819                 38.6535             324.6           3387.9736     4157.1000     -769.1264
       290.1338                 38.6604             321.3           3500.2573     4125.2400     -624.9827
       290.1858                 38.6674             300.5           3126.5897     3929.2200     -802.6303
       290.2379                 38.6743             305.6           3187.6952     3977.2800     -789.5848
       290.2500                 38.6759             304.9           3174.3440     3971.1600     -796.8160
       290.3021                 38.6828             309.2           3279.4803     4011.1200     -731.6397
       290.3540                 38.6897             315.1           3541.0970     4067.2800     -526.1830
       290.4059                 38.6967             297.3           3254.1338     3898.9800     -644.8462
       290.4579                 38.7036             303.4           3500.5628     3956.5800     -456.0172
       290.5098                 38.7105             329.9           3465.5936     4206.9600     -741.3664
       290.5617                 38.7175             310.8           3533.3789     4026.6000     -493.2211
       290.6137                 38.7244             307.4           3376.1582     3994.7400     -618.5818
       290.6656                 38.7313             325.2           3352.8407     4162.5000     -809.6593
       290.7177                 38.7382             302.8           2972.7287     3951.3600     -978.6313
       290.7697                 38.7452             312.6           3308.6666     4043.8800     -735.2134
       290.8217                 38.7521             306.4           3385.8521     3984.4800     -598.6279
       290.8737                 38.7590             293.8           3093.7852     3865.5000     -771.7148
       290.9257                 38.7660             317.4           3498.9299     4088.5200     -589.5901
       290.9775                 38.7729             311.7           3539.9133     4035.2400     -495.3267
       291.0294                 38.7798             307.7           3456.1077     3997.2600     -541.1523
       291.0813                 38.7867             299.4           3401.2152     3919.1400     -517.9248
       291.1332                 38.7937             305.6           3593.3379     3976.9200     -383.5821
       291.1851                 38.8006             294.6           3323.1562     3873.6000     -550.4438
       291.2372                 38.8075             301.2           3239.8034     3935.5200     -695.7166
       291.2500                 38.8092             317.2           3531.1901     4086.5400     -555.3499
       291.3019                 38.8162             297.9           3224.4120     3905.1000     -680.6880
       291.3541                 38.8231             313.9           3166.6541     4055.4000     -888.7459
       291.4060                 38.8300             306.7           3482.3229     3987.7200     -505.3971
       291.4579                 38.8369             306.3           3446.5988     3983.9400     -537.3412
       291.5098                 38.8439             319.8           3612.8573     4111.2000     -498.3427
       291.5616                 38.8508             308.5           3595.7181     4004.4600     -408.7419
       291.6136                 38.8577             319.2           3330.4152     4105.8000     -775.3848
       291.6655                 38.8646             316.1           3318.7660     4076.6400     -757.8740
       291.7174                 38.8716             302.2           3444.7537     3945.0600     -500.3063
       291.7694                 38.8785             309.9           3168.7277     4018.3200     -849.5923
       291.8213                 38.8854             307.6           3490.0327     3996.5400     -506.5073
       291.8731                 38.8924             296.4           3224.5432     3890.5200     -665.9768
       291.9252                 38.8993             308.6           3370.8454     4005.3600     -634.5146
       291.9772                 38.9062             312.6           3359.0932     4043.7000     -684.6068
       292.0291                 38.9131             301.9           3275.1233     3942.3600     -667.2367
       292.0811                 38.9201             323.6           3315.6531     4146.8400     -831.1869
       292.1332                 38.9270             311.1           3377.1150     4029.6600     -652.5450
       292.1851                 38.9339             319.7           3523.1220     4110.8400     -587.7180
       292.2371                 38.9409             314.0           3468.9363     4057.0200     -588.0837
       292.2500                 38.9426             307.4           3424.1109     3994.7400     -570.6291
       292.3020                 38.9495             325.2           3301.1904     4162.6800     -861.4896
       292.3540                 38.9564             309.2           3380.6733     4011.3000     -630.6267
       292.4059                 38.9633             314.7           3214.4204     4062.9600     -848.5396
       292.4578                 38.9703             314.3           3341.1344     4059.0000     -717.8656
       292.5097                 38.9772             289.2           3255.2221     3822.1200     -566.8979
       292.5615                 38.9841             294.3           2993.0730     3870.9000     -877.8270
       292.6135                 38.9911             307.4           3084.0365     3994.2000     -910.1635
       292.6655                 38.9980             300.2           3393.8285     3926.1600     -532.3315
       292.7174                 39.0049             311.0           3361.1441     4028.5800     -667.4359
       292.7692                 39.0118             320.5           3542.3986     4118.2200     -575.8214
       292.8212                 39.0188             312.1           3361.1332     4039.0200     -677.8868
       292.8732                 39.0257             306.1           3376.5654     3982.1400     -605.5746
       292.9250                 39.0326             317.8           3474.2563     4092.1200     -617.8637
       292.9769                 39.0396             297.7           2940.8361     3902.7600     -961.9239
       293.0288                 39.0465             311.4           3321.9911     4032.0000     -710.0089
       293.0807                 39.0534             290.8           3304.2440     3837.9600     -533.7160
       293.1327                 39.0603             321.5           3475.8542     4127.4000     -651.5458
       293.1845                 39.0673             310.9           3205.8763     4027.1400     -821.2637
       293.2365                 39.0742             313.3           3370.6317     4049.6400     -679.0083
       293.2500                 39.0760             286.6           3211.0533     3798.1800     -587.1267
       293.3021                 39.0829             314.0           3456.1761     4056.8400     -600.6639
       293.3540                 39.0898             306.7           3431.7392     3988.0800     -556.3408
       293.4060                 39.0968             303.9           3337.8633     3961.2600     -623.3967
       293.4578                 39.1037             313.1           3417.8769     4048.5600     -630.6831
       293.5097                 39.1106             317.3           3271.5485     4087.8000     -816.2515
       293.5618                 39.1176             290.7           3231.9652     3836.3400     -604.3748
       293.6138                 39.1245             296.2           3203.1271     3888.3600     -685.2329
       293.6657                 39.1314             297.3           3131.4872     3899.1600     -767.6728
       293.7178                 39.1383             306.2           3273.9003     3982.8600     -708.9597
       293.7697                 39.1453             312.2           3346.5934     4039.9200     -693.3266
       293.8216                 39.1522             296.2           3258.7692     3888.5400     -629.7708
       293.8735                 39.1591             292.5           3081.6208     3853.2600     -771.6392
       293.9255                 39.1660             302.9           3375.0851     3951.5400     -576.4549
       293.9774                 39.1730             298.2           3158.1168     3907.2600     -749.1432
       294.0293                 39.1799             299.6           3280.6493     3920.4000     -639.7507
       294.0812                 39.1868             297.5           3168.0179     3901.3200     -733.3021
       294.1333                 39.1938             309.3           3501.6938     4012.5600     -510.8662
       294.1850                 39.2007             308.6           3493.4846     4005.5400     -512.0554
       294.2370                 39.2076             316.9           3485.5226     4083.8400     -598.3174
       294.2500                 39.2094             309.4           3429.5086     4013.6400     -584.1314
       294.3019                 39.2163             310.6           3144.7688     4024.2600     -879.4912
       294.3539                 39.2232             301.7           3360.9517     3940.5600     -579.6083
       294.4056                 39.2301             298.6           3255.7340     3911.5800     -655.8460
       294.4577                 39.2371             285.9           2785.5880     3790.9800    -1005.3920
       294.5096                 39.2440             319.0           3365.4766     4103.6400     -738.1634
       294.5616                 39.2509             296.3           3143.3015     3889.4400     -746.1385
       294.6136                 39.2579             299.4           3139.5988     3918.4200     -778.8212
       294.6656                 39.2648             311.9           3295.1468     4037.0400     -741.8932
       294.7177                 39.2717             292.1           3093.7496     3850.0200     -756.2704
       294.7696                 39.2786             301.0           3089.2504     3934.2600     -845.0096
       294.8216                 39.2856             320.0           3532.0932     4113.1800     -581.0868
       294.8735                 39.2925             302.7           3393.0119     3949.7400     -556.7281
       294.9256                 39.2994             287.3           3046.3697     3805.0200     -758.6503
       294.9777                 39.3063             304.3           3201.9750     3964.6800     -762.7050
       295.0297                 39.3133             317.8           3212.6635     4092.4800     -879.8165
       295.0816                 39.3202             304.2           3130.6679     3964.3200     -833.6521
       295.1335                 39.3271             314.5           3540.3757     4060.9800     -520.6043
       295.1854                 39.3341             298.0           3115.4801     3905.8200     -790.3399
       295.2373                 39.3410             305.4           3325.6623     3975.3000     -649.6377
       295.2500                 39.3427             315.4           3363.7268     4069.6200     -705.8932
       295.3019                 39.3496             321.9           3658.6934     4131.1800     -472.4866
       295.3538                 39.3565             311.1           3371.8203     4029.4800     -657.6597
       295.4060                 39.3635             311.3           3083.1289     4030.9200     -947.7911
       295.4580                 39.3704             301.3           3321.8670     3936.6000     -614.7330
       295.5100                 39.3773             301.0           3234.0651     3934.2600     -700.1949
       295.5618                 39.3843             298.9           3138.3952     3913.9200     -775.5248
       295.6139                 39.3912             300.3           3244.8647     3927.7800     -682.9153
       295.6657                 39.3981             305.2           3467.5708     3973.3200     -505.7492
       295.7177                 39.4050             294.2           3141.2980     3870.1800     -728.8820
       295.7698                 39.4120             307.6           3164.9060     3995.8200     -830.9140
       295.8217                 39.4189             322.6           3384.9098     4138.2000     -753.2902
       295.8737                 39.4258             313.3           3392.7266     4049.8200     -657.0934
       295.9256                 39.4327             300.0           3434.0728     3924.9000     -490.8272
       295.9776                 39.4397             302.3           3142.8194     3945.7800     -802.9606
       296.0297                 39.4466             297.9           3174.2265     3904.9200     -730.6935
       296.0817                 39.4535             318.3           3469.5538     4096.8000     -627.2462
       296.1336                 39.4605             308.0           3298.3629     3999.6000     -701.2371
       296.1856                 39.4674             308.8           3318.3666     4007.5200     -689.1534
       296.2376                 39.4743             293.3           3000.7584     3861.0000     -860.2416
       296.2500                 39.4760             298.0           3089.3433     3905.8200     -816.4767
       296.3021                 39.4829             304.0           3186.1027     3962.3400     -776.2373
       296.3540                 39.4898             282.9           3074.0495     3763.2600     -689.2105
       296.4059                 39.4967             276.8           2893.7904     3705.8400     -812.0496
       296.4578                 39.5037             308.1           3252.1361     4000.8600     -748.7239
       296.5097                 39.5106             306.6           3304.1936     3987.1800     -682.9864
       296.5616                 39.5175             296.9           3396.2806     3895.2000     -498.9194
       296.6135                 39.5245             307.7           3271.4080     3996.7200     -725.3120
       296.6653                 39.5314             306.1           3360.9419     3982.5000     -621.5581
       296.7172                 39.5383             294.3           3224.4114     3870.7200     -646.3086
       296.7692                 39.5452             314.3           3227.9569     4059.5400     -831.5831
       296.8212                 39.5522             303.3           3016.5834     3955.3200     -938.7366
       296.8732                 39.5591             302.0           3330.3374     3943.6200     -613.2826
       296.9251                 39.5660             316.7           3573.8759     4082.0400     -508.1641
       296.9773                 39.5730             316.6           3305.5240     4081.3200     -775.7960
       297.0293                 39.5799             311.7           3377.3800     4034.8800     -657.5000
       297.0812                 39.5868             325.7           3623.8301     4166.8200     -542.9899
       297.1332                 39.5937             302.5           3114.3404     3948.3000     -833.9596
       297.1853                 39.6007             308.5           3231.8426     4005.1800     -773.3374
       297.2372                 39.6076             316.6           3272.4780     4081.5000     -809.0220
       297.2500                 39.6093             307.9           3214.1101     3999.4200     -785.3099
       297.3020                 39.6162             303.3           3338.4877     3955.6800     -617.1923
       297.3538                 39.6232             314.4           3532.1264     4060.8000     -528.6736
       297.4057                 39.6301             317.2           3637.9143     4086.7200     -448.8057
       297.4577                 39.6370             307.1           3432.2584     3991.1400     -558.8816
       297.5097                 39.6439             314.0           3384.3594     4056.6600     -672.3006
       297.5617                 39.6509             316.6           3504.5065     4080.9600     -576.4535
       297.6139                 39.6578             314.3           3152.0265     4059.1800     -907.1535
       297.6658                 39.6647             309.5           3159.5772     4014.0000     -854.4228
       297.7178                 39.6716             297.4           3213.3661     3900.0600     -686.6939
       297.7697                 39.6786             305.7           3336.9183     3978.3600     -641.4417
       297.8216                 39.6855             300.4           3082.8431     3928.5000     -845.6569
       297.8736                 39.6924             293.8           3209.3454     3866.4000     -657.0546
       297.9256                 39.6994             310.5           3317.2912     4023.5400     -706.2488
       297.9776                 39.7063             298.8           3432.9551     3913.3800     -480.4249
       298.0295                 39.7132             295.1           3341.9717     3878.6400     -536.6683
       298.0815                 39.7201             311.2           3302.0187     4030.5600     -728.5413
       298.1335                 39.7271             290.3           3211.4875     3833.2800     -621.7925
       298.1855                 39.7340             303.4           3564.7571     3956.7600     -392.0029
       298.2375                 39.7409             314.1           3295.5197     4057.5600     -762.0403
       298.2500                 39.7426             315.6           3219.0384     4071.9600     -852.9216
       298.3019                 39.7495             288.4           2978.2873     3814.9200     -836.6327
       298.3538                 39.7564             311.0           3317.9401     4028.4000     -710.4599
       298.4059                 39.7634             312.2           3228.1301     4039.3800     -811.2499
       298.4579                 39.7703             287.6           3138.4030     3807.9000     -669.4970
       298.5098                 39.7772             310.7           3220.6771     4025.3400     -804.6629
       298.5619                 39.7841             288.7           3033.5301     3817.8000     -784.2699
       298.6139                 39.7911             305.5           3194.1694     3976.7400     -782.5706
       298.6659                 39.7980             301.7           3244.2125     3940.5600     -696.3475
       298.7180                 39.8049             311.7           3445.2608     4035.0600     -589.7992
       298.7701                 39.8119             328.8           3680.8225     4196.1600     -515.3375
       298.8222                 39.8188             312.3           3322.8935     4040.6400     -717.7465
       298.8741                 39.8257             309.3           3240.1580     4012.0200     -771.8620
       298.9262                 39.8326             322.2           3439.2945     4134.2400     -694.9455
       298.9782                 39.8396             320.3           3367.1363     4115.8800     -748.7437
       299.0301                 39.8465             319.3           3736.3328     4107.0600     -370.7272
       299.0819                 39.8534             305.0           3489.3470     3971.8800     -482.5330
       299.1338                 39.8604             313.7           3459.0685     4053.6000     -594.5315
       299.1858                 39.8673             318.7           3277.9012     4100.7600     -822.8588
       299.2377                 39.8742             308.2           3404.6287     4001.7600     -597.1313
       299.2500                 39.8758             320.8           3521.8479     4120.9200     -599.0721
       299.3019                 39.8828             315.9           3363.1329     4074.8400     -711.7071
       299.3539                 39.8897             305.5           3281.7668     3976.2000     -694.4332
       299.4058                 39.8966             301.1           3407.9242     3935.1600     -527.2358
       299.4577                 39.9036             308.7           3355.5412     4006.8000     -651.2588
       299.5096                 39.9105             278.6           3218.4976     3722.9400     -504.4424
       299.5615                 39.9174             309.1           3359.3429     4010.5800     -651.2371
       299.6135                 39.9243             328.7           3669.2132     4195.6200     -526.4068
       299.6653                 39.9313             298.8           3238.0704     3913.0200     -674.9496
       299.7173                 39.9382             321.5           3252.0793     4127.0400     -874.9607
       299.7693                 39.9451             302.1           3064.3504     3944.5200     -880.1696
       299.8212                 39.9521             311.1           3542.7946     4029.1200     -486.3254
       299.8730                 39.9590             305.7           3310.0615     3978.0000     -667.9385
       299.9249                 39.9659             320.4           3281.8676     4117.1400     -835.2724
       299.9769                 39.9728             316.2           3521.6177     4077.3600     -555.7423
       300.0288                 39.9798             307.4           3309.0029     3994.7400     -685.7371
       300.0807                 39.9867             307.2           3418.1495     3992.7600     -574.6105
       300.1327                 39.9936             304.1           3189.3057     3962.8800     -773.5743
       300.1848                 40.0005             307.0           3236.7899     3990.7800     -753.9901
       300.2368                 40.0075             305.6           3300.1063     3976.9200     -676.8137
       300.2500                 40.0092             308.0           3349.5309     3999.9600     -650.4291
       300.3019                 40.0162             311.0           3510.1730     4028.7600     -518.5870
       300.3538                 40.0231             309.5           3367.7076     4014.5400     -646.8324
       300.4057                 40.0300             320.0           3576.5549     4113.3600     -536.8051
       300.4575                 40.0370             302.6           3408.9691     3949.2000     -540.2309
       300.5095                 40.0439             309.5           3391.8876     4014.0000     -622.1124
       300.5615                 40.0508             303.6           3275.4346     3958.2000     -682.7654
       300.6134                 40.0577             299.7           3231.3628     3921.8400     -690.4772
       300.6654                 40.0647             306.6           3385.9735     3987.0000     -601.0265
       300.7176                 40.0716             317.0           3427.0142     4084.7400     -657.7258
       300.7697                 40.0785             289.5           3407.7096     3825.7200     -418.0104
       300.8215                 40.0854             315.5           3670.6426     4070.8800     -400.2374
       300.8733                 40.0924             307.2           3324.0524     3992.0400     -667.9876
       300.9252                 40.0993             297.0           3417.7134     3896.4600     -478.7466
       300.9771                 40.1062             299.2           3216.5221     3917.3400     -700.8179
       301.0291                 40.1132             299.8           3399.0920     3922.2000     -523.1080
       301.0809                 40.1201             309.4           3424.0936     4013.6400     -589.5464
       301.1329                 40.1270             334.2           3590.7404     4247.4600     -656.7196
       301.1848                 40.1339             307.3           3322.5293     3993.8400     -671.3107
       301.2368                 40.1409             291.3           3147.2666     3842.1000     -694.8334
       301.2500                 40.1426             290.8           3126.6268     3837.4200     -710.7932
