     collisions(billions)   time(microsecond)   temperature(K)   Etotal(kJ/mol)   KE(kJ/mol)   PE(kJ/mol)
===============================================================================================================
         0.0000                  0.0000            1028.4          10800.0000    10800.0000        0.0000
         0.0744                  0.0061             994.7          10460.5110    10481.5800      -21.0690
         0.1000                  0.0082            1069.0          11168.3099    11182.6800      -14.3701
         0.1715                  0.0143             945.6           9980.0863    10017.7200      -37.6337
         0.2000                  0.0168             947.7          10009.4579    10037.7000      -28.2421
         0.2683                  0.0231             789.8           8518.2464     8547.3000      -29.0536
         0.3000                  0.0260             790.1           8494.3937     8550.0000      -55.6063
         0.3648                  0.0323             663.1           7308.6905     7352.1000      -43.4095
         0.4000                  0.0357             723.0           7856.5999     7916.7600      -60.1601
         0.4612                  0.0422             576.8           6504.7621     6536.7000      -31.9379
         0.5000                  0.0463             556.0           6324.4270     6340.6800      -16.2530
         0.5598                  0.0528             533.8           6046.9685     6131.7000      -84.7315
         0.6196                  0.0594             502.4           5802.9228     5835.2400      -32.3172
         0.6500                  0.0627             504.9           5794.7190     5858.6400      -63.9210
         0.7083                  0.0693             483.3           5596.6301     5654.7000      -58.0699
         0.7664                  0.0759             484.8           5613.5920     5669.1000      -55.5080
         0.8000                  0.0797             475.7           5475.0807     5583.2400     -108.1593
         0.8566                  0.0864             466.6           5424.0608     5497.2000      -73.1392
         0.9131                  0.0930             436.8           5139.9662     5215.5000      -75.5338
         0.9696                  0.0997             398.5           4780.7246     4854.2400      -73.5154
         1.0000                  0.1033             438.4           5098.8359     5230.9800     -132.1441
         1.0548                  0.1100             384.6           4542.8016     4722.6600     -179.8584
         1.1097                  0.1168             372.6           4444.9140     4609.8000     -164.8860
         1.1644                  0.1235             391.0           4461.2548     4783.1400     -321.8852
         1.2194                  0.1303             360.6           4310.1044     4496.5800     -186.4756
         1.2500                  0.1340             375.0           4470.6409     4632.4800     -161.8391
         1.3018                  0.1410             306.0           3392.1488     3981.2400     -589.0912
         1.3537                  0.1479             302.2           3227.6576     3945.4200     -717.7624
         1.4057                  0.1548             295.6           3352.9541     3883.1400     -530.1859
         1.4576                  0.1617             298.9           3338.7566     3913.9200     -575.1634
         1.5096                  0.1687             298.4           3220.6355     3909.2400     -688.6045
         1.5617                  0.1756             299.1           3177.4077     3916.4400     -739.0323
         1.6137                  0.1825             296.9           3318.3986     3894.8400     -576.4414
         1.6656                  0.1895             281.0           3154.5356     3745.4400     -590.9044
         1.7176                  0.1964             305.0           3500.1000     3971.7000     -471.6000
         1.7695                  0.2033             301.3           3500.8932     3936.4200     -435.5268
         1.8214                  0.2102             303.2           3273.7435     3954.6000     -680.8565
         1.8734                  0.2172             307.0           3282.0179     3990.6000     -708.5821
         1.9253                  0.2241             307.2           3230.9872     3992.7600     -761.7728
         1.9773                  0.2310             307.3           3198.6450     3993.8400     -795.1950
         2.0293                  0.2379             308.6           3289.3041     4006.0800     -716.7759
         2.0811                  0.2449             315.9           3478.7967     4074.8400     -596.0433
         2.1331                  0.2518             300.2           3407.3687     3926.5200     -519.1513
         2.1851                  0.2587             301.1           3294.1647     3935.1600     -640.9953
         2.2371                  0.2657             322.4           3451.7247     4135.6800     -683.9553
         2.2500                  0.2674             298.1           3256.7441     3906.1800     -649.4359
         2.3019                  0.2743             308.5           3403.4284     4004.6400     -601.2116
         2.3539                  0.2812             289.4           3076.6400     3824.4600     -747.8200
         2.4059                  0.2882             306.1           3239.8736     3981.7800     -741.9064
         2.4578                  0.2951             303.6           3253.7860     3958.5600     -704.7740
         2.5096                  0.3020             298.2           3397.6534     3907.8000     -510.1466
         2.5614                  0.3089             294.0           3296.6580     3867.6600     -571.0020
         2.6133                  0.3159             294.1           3073.6368     3868.9200     -795.2832
         2.6652                  0.3228             299.0           3462.9211     3914.6400     -451.7189
         2.7171                  0.3297             311.6           3233.4244     4034.3400     -800.9156
         2.7690                  0.3367             304.7           3556.2306     3968.6400     -412.4094
         2.8208                  0.3436             298.6           3369.6277     3911.5800     -541.9523
         2.8728                  0.3505             322.1           3422.3795     4132.9800     -710.6005
         2.9247                  0.3574             313.3           3454.4207     4050.1800     -595.7593
         2.9766                  0.3644             323.8           3615.5979     4148.8200     -533.2221
         3.0285                  0.3713             312.9           3579.8462     4045.8600     -466.0138
         3.0805                  0.3782             302.1           3161.7473     3944.1600     -782.4127
         3.1324                  0.3851             292.4           3225.2977     3852.5400     -627.2423
         3.1843                  0.3921             302.0           3362.0678     3943.0800     -581.0122
         3.2361                  0.3990             304.4           3401.2133     3965.7600     -564.5467
         3.2500                  0.4008             301.2           3239.7748     3935.8800     -696.1052
         3.3020                  0.4078             302.2           3325.7124     3945.0600     -619.3476
         3.3540                  0.4147             290.2           3178.8873     3832.3800     -653.4927
         3.4059                  0.4216             305.3           3285.1878     3974.4000     -689.2122
         3.4578                  0.4286             315.8           3412.6933     4073.2200     -660.5267
         3.5098                  0.4355             311.0           3377.5835     4028.5800     -650.9965
         3.5616                  0.4424             305.6           3179.7792     3977.6400     -797.8608
         3.6135                  0.4493             313.5           3212.8634     4052.3400     -839.4766
         3.6655                  0.4563             313.4           3193.8161     4051.2600     -857.4439
         3.7175                  0.4632             295.3           3206.2902     3880.4400     -674.1498
         3.7694                  0.4701             312.6           3518.0569     4043.7000     -525.6431
         3.8214                  0.4771             289.9           3215.8089     3828.9600     -613.1511
         3.8733                  0.4840             306.6           3270.0737     3987.0000     -716.9263
         3.9252                  0.4909             293.2           3246.9274     3859.9200     -612.9926
         3.9770                  0.4978             323.5           3609.8130     4146.3000     -536.4870
         4.0290                  0.5048             309.7           3294.5837     4015.6200     -721.0363
         4.0809                  0.5117             312.7           3477.9641     4044.6000     -566.6359
         4.1329                  0.5186             311.8           3392.3722     4036.3200     -643.9478
         4.1849                  0.5255             312.1           3231.6747     4039.0200     -807.3453
         4.2369                  0.5325             305.9           3306.2465     3980.3400     -674.0935
         4.2500                  0.5342             294.4           3060.1216     3871.9800     -811.8584
         4.3019                  0.5412             303.6           3368.2580     3958.9200     -590.6620
         4.3539                  0.5481             309.9           3242.2706     4018.3200     -776.0494
         4.4060                  0.5550             304.3           3301.9157     3964.6800     -662.7643
         4.4580                  0.5619             311.9           3280.0604     4036.8600     -756.7996
         4.5100                  0.5689             302.3           3154.9395     3946.1400     -791.2005
         4.5619                  0.5758             289.2           2961.9887     3822.1200     -860.1313
         4.6137                  0.5827             292.9           3353.3256     3857.0400     -503.7144
         4.6656                  0.5896             306.2           3318.4174     3982.8600     -664.4426
         4.7177                  0.5966             287.0           2988.3986     3801.4200     -813.0214
         4.7697                  0.6035             319.2           3288.7490     4106.1600     -817.4110
         4.8216                  0.6104             304.2           3247.8196     3964.5000     -716.6804
         4.8735                  0.6174             324.2           3564.8569     4153.3200     -588.4631
         4.9254                  0.6243             308.8           3497.7184     4007.7000     -509.9816
         4.9773                  0.6312             304.9           3277.6845     3971.1600     -693.4755
         5.0293                  0.6381             298.6           3263.9171     3910.8600     -646.9429
         5.0812                  0.6451             299.9           3231.8262     3923.8200     -691.9938
         5.1331                  0.6520             315.4           3449.6485     4070.1600     -620.5115
         5.1851                  0.6589             304.0           3192.1967     3962.1600     -769.9633
         5.2369                  0.6659             304.7           3257.3274     3968.6400     -711.3126
         5.2500                  0.6676             310.8           3343.5253     4026.6000     -683.0747
         5.3019                  0.6745             309.9           3251.3329     4017.9600     -766.6271
         5.3539                  0.6815             310.2           3259.5120     4021.2000     -761.6880
         5.4058                  0.6884             312.9           3354.4688     4046.4000     -691.9312
         5.4578                  0.6953             308.8           3355.3412     4007.3400     -651.9988
         5.5098                  0.7022             307.3           3300.1893     3993.8400     -693.6507
         5.5618                  0.7092             307.2           3156.8033     3992.4000     -835.5967
         5.6137                  0.7161             301.3           3283.2049     3936.6000     -653.3951
         5.6657                  0.7230             299.5           3232.6986     3919.3200     -686.6214
         5.7176                  0.7300             320.8           3599.4994     4120.7400     -521.2406
         5.7695                  0.7369             313.2           3099.5439     4049.2800     -949.7361
         5.8214                  0.7438             310.0           3283.0648     4018.6800     -735.6152
         5.8732                  0.7507             312.6           3582.0414     4043.8800     -461.8386
         5.9251                  0.7577             297.0           3167.7184     3896.1000     -728.3816
         5.9770                  0.7646             295.1           3426.6454     3878.6400     -451.9946
         6.0290                  0.7715             304.4           3287.3515     3966.4800     -679.1285
         6.0808                  0.7784             297.0           3296.8923     3895.7400     -598.8477
         6.1327                  0.7854             317.9           3335.0069     4093.0200     -758.0131
         6.1847                  0.7923             319.6           3535.0470     4109.7600     -574.7130
         6.2366                  0.7992             308.6           3433.9581     4005.7200     -571.7619
         6.2500                  0.8010             302.4           3233.9924     3946.8600     -712.8676
         6.3020                  0.8079             309.8           3350.4889     4017.4200     -666.9311
         6.3541                  0.8149             327.5           3549.6575     4183.7400     -634.0825
         6.4061                  0.8218             306.0           3111.7198     3980.8800     -869.1602
         6.4582                  0.8287             319.7           3168.3955     4110.3000     -941.9045
         6.5103                  0.8356             302.6           3105.5470     3949.3800     -843.8330
         6.5622                  0.8426             301.2           3380.8531     3935.7000     -554.8469
         6.6141                  0.8495             302.3           3214.6775     3946.3200     -731.6425
         6.6661                  0.8564             313.4           3297.2206     4051.0800     -753.8594
         6.7180                  0.8634             323.2           3537.3057     4143.7800     -606.4743
         6.7699                  0.8703             298.3           3486.2217     3908.7000     -422.4783
         6.8218                  0.8772             302.5           3275.2155     3948.3000     -673.0845
         6.8737                  0.8841             304.1           3345.8707     3963.6000     -617.7293
         6.9256                  0.8911             315.6           3507.3164     4071.7800     -564.4636
         6.9777                  0.8980             310.0           3359.1638     4018.6800     -659.5162
         7.0296                  0.9049             319.2           3440.0902     4105.6200     -665.5298
         7.0816                  0.9119             322.3           3480.5933     4135.3200     -654.7267
         7.1336                  0.9188             312.7           3324.5300     4044.4200     -719.8900
         7.1855                  0.9257             318.3           3559.2568     4096.8000     -537.5432
         7.2374                  0.9326             317.0           3555.7891     4085.1000     -529.3109
         7.2500                  0.9343             295.0           3240.9871     3877.3800     -636.3929
         7.3020                  0.9412             300.0           3291.8254     3924.1800     -632.3546
         7.3540                  0.9482             294.6           3058.9582     3873.9600     -815.0018
         7.4061                  0.9551             313.3           3261.3145     4050.3600     -789.0455
         7.4581                  0.9620             296.1           3348.8611     3887.6400     -538.7789
         7.5100                  0.9690             307.0           3293.2602     3990.9600     -697.6998
         7.5619                  0.9759             315.7           3461.7031     4072.8600     -611.1569
         7.6140                  0.9828             306.1           3269.5710     3981.9600     -712.3890
         7.6660                  0.9897             298.3           2867.3061     3907.9800    -1040.6739
         7.7180                  0.9967             314.0           3355.4186     4056.8400     -701.4214
         7.7700                  1.0036             311.2           3310.0570     4030.5600     -720.5030
         7.8219                  1.0105             312.4           3494.9701     4041.1800     -546.2099
         7.8738                  1.0174             306.9           3420.7946     3990.0600     -569.2654
         7.9259                  1.0244             313.5           3254.6570     4051.9800     -797.3230
         7.9778                  1.0313             304.3           3357.9680     3965.2200     -607.2520
         8.0297                  1.0382             302.3           3254.1785     3945.9600     -691.7815
         8.0817                  1.0452             302.5           3219.1525     3948.3000     -729.1475
         8.1336                  1.0521             320.8           3500.5348     4121.2800     -620.7452
         8.1855                  1.0590             293.8           3194.9813     3866.4000     -671.4187
         8.2373                  1.0659             299.6           3312.9998     3920.9400     -607.9402
         8.2500                  1.0676             306.8           3423.6501     3988.6200     -564.9699
         8.3019                  1.0746             317.0           3401.5028     4085.2800     -683.7772
         8.3538                  1.0815             298.5           3285.9739     3909.9600     -623.9861
         8.4058                  1.0884             310.2           3296.4212     4020.6600     -724.2388
         8.4576                  1.0953             308.6           3376.0446     4005.5400     -629.4954
         8.5095                  1.1023             327.7           3301.1523     4185.9000     -884.7477
         8.5615                  1.1092             294.6           3157.1253     3873.0600     -715.9347
         8.6135                  1.1161             310.9           3255.2145     4026.9600     -771.7455
         8.6655                  1.1231             292.9           3314.1072     3857.0400     -542.9328
         8.7174                  1.1300             323.0           3697.3124     4141.8000     -444.4876
         8.7692                  1.1369             327.4           3751.8318     4182.6600     -430.8282
         8.8211                  1.1438             318.8           3573.7477     4101.4800     -527.7323
         8.8730                  1.1508             294.2           3327.8776     3869.4600     -541.5824
         8.9250                  1.1577             314.8           3412.8776     4063.8600     -650.9824
         8.9768                  1.1646             291.5           3221.7910     3844.0800     -622.2890
         9.0287                  1.1716             297.8           3293.5219     3904.0200     -610.4981
         9.0806                  1.1785             302.0           3168.2813     3942.9000     -774.6187
         9.1327                  1.1854             322.3           3287.6656     4135.1400     -847.4744
         9.1848                  1.1923             319.2           3524.7200     4105.8000     -581.0800
         9.2367                  1.1993             312.0           3396.1207     4037.5800     -641.4593
         9.2500                  1.2010             300.2           3396.9105     3926.3400     -529.4295
         9.3020                  1.2080             308.2           3253.0475     4002.3000     -749.2525
         9.3538                  1.2149             320.4           3616.6867     4117.5000     -500.8133
         9.4056                  1.2218             303.0           3465.1067     3952.8000     -487.6933
         9.4575                  1.2287             307.0           3360.1046     3990.9600     -630.8554
         9.5095                  1.2357             315.9           3476.5078     4075.0200     -598.5122
         9.5614                  1.2426             293.8           3000.6139     3865.8600     -865.2461
         9.6136                  1.2495             291.2           2952.2033     3841.0200     -888.8167
         9.6656                  1.2565             304.6           3195.5272     3967.7400     -772.2128
         9.7176                  1.2634             302.0           3088.1901     3942.9000     -854.7099
         9.7697                  1.2703             295.5           3021.6481     3882.2400     -860.5919
         9.8217                  1.2772             309.1           3242.1807     4010.5800     -768.3993
         9.8737                  1.2842             306.7           3353.6918     3987.5400     -633.8482
         9.9257                  1.2911             301.0           3358.7675     3934.0800     -575.3125
         9.9776                  1.2980             294.8           3211.5190     3875.4000     -663.8810
        10.0296                  1.3049             304.3           3251.4577     3965.0400     -713.5823
        10.0815                  1.3119             282.2           3212.7616     3756.7800     -544.0184
        10.1336                  1.3188             309.9           3461.7266     4017.6000     -555.8734
        10.1855                  1.3257             309.9           3369.5158     4017.9600     -648.4442
        10.2374                  1.3327             318.6           3664.3383     4100.2200     -435.8817
        10.2500                  1.3343             306.3           3531.5620     3983.5800     -452.0180
        10.3020                  1.3413             312.1           3504.0744     4039.0200     -534.9456
        10.3539                  1.3482             302.7           3324.9112     3950.2800     -625.3688
        10.4059                  1.3551             289.0           3237.6776     3820.3200     -582.6424
        10.4578                  1.3621             313.0           3388.4544     4047.1200     -658.6656
        10.5097                  1.3690             312.9           3424.0683     4046.4000     -622.3317
        10.5616                  1.3759             307.5           3123.6465     3995.4600     -871.8135
        10.6137                  1.3828             298.2           3123.0891     3907.8000     -784.7109
        10.6657                  1.3898             300.3           3122.0555     3927.6000     -805.5445
        10.7177                  1.3967             300.0           3120.7816     3924.5400     -803.7584
        10.7696                  1.4036             331.2           3467.3821     4219.0200     -751.6379
        10.8214                  1.4105             298.7           3257.7865     3912.4800     -654.6935
        10.8734                  1.4175             314.5           3469.2698     4061.5200     -592.2502
        10.9254                  1.4244             312.7           3480.3667     4044.4200     -564.0533
        10.9774                  1.4313             302.0           3471.8802     3943.0800     -471.1998
        11.0293                  1.4383             320.2           3570.0957     4114.8000     -544.7043
        11.0812                  1.4452             308.4           3294.5430     4003.9200     -709.3770
        11.1331                  1.4521             310.3           3406.9170     4021.7400     -614.8230
        11.1851                  1.4590             306.6           3332.1846     3986.4600     -654.2754
        11.2371                  1.4660             313.5           3499.5982     4051.8000     -552.2018
        11.2500                  1.4677             315.0           3521.7061     4065.6600     -543.9539
        11.3019                  1.4746             297.0           3195.3890     3896.4600     -701.0710
        11.3539                  1.4815             306.4           3407.4110     3984.6600     -577.2490
        11.4060                  1.4885             319.6           3398.5204     4109.9400     -711.4196
        11.4579                  1.4954             320.3           3436.2255     4115.7000     -679.4745
        11.5098                  1.5023             310.7           3389.1814     4025.1600     -635.9786
        11.5619                  1.5093             296.5           2991.0200     3891.7800     -900.7600
        11.6139                  1.5162             323.7           3546.4043     4148.1000     -601.6957
        11.6660                  1.5231             319.4           3343.2976     4107.6000     -764.3024
        11.7180                  1.5300             298.1           3109.4365     3906.7200     -797.2835
        11.7702                  1.5370             291.9           3037.8870     3848.2200     -810.3330
        11.8222                  1.5439             303.8           3163.7760     3960.1800     -796.4040
        11.8741                  1.5508             309.4           3442.0236     4013.1000     -571.0764
        11.9261                  1.5577             307.7           3428.3802     3997.0800     -568.6998
        11.9780                  1.5647             298.7           3188.5738     3911.9400     -723.3662
        12.0300                  1.5716             311.3           3471.1186     4031.2800     -560.1614
        12.0819                  1.5785             286.6           3255.0037     3798.0000     -542.9963
        12.1339                  1.5855             308.3           3307.8236     4003.0200     -695.1964
        12.1860                  1.5924             332.7           3671.3346     4232.8800     -561.5454
        12.2378                  1.5993             298.3           3261.8246     3908.5200     -646.6954
        12.2500                  1.6010             300.3           3205.7292     3926.8800     -721.1508
        12.3020                  1.6079             306.5           3167.8354     3985.7400     -817.9046
        12.3540                  1.6148             307.9           3315.5340     3999.0600     -683.5260
        12.4060                  1.6217             292.7           3150.1791     3855.6000     -705.4209
        12.4580                  1.6287             313.7           3520.4384     4054.1400     -533.7016
        12.5097                  1.6356             302.2           3456.6909     3945.2400     -488.5491
        12.5616                  1.6425             321.3           3337.3599     4125.2400     -787.8801
        12.6137                  1.6494             323.9           3419.2302     4150.0800     -730.8498
        12.6657                  1.6564             313.4           3408.2597     4051.0800     -642.8203
        12.7178                  1.6633             321.8           3185.4823     4130.1000     -944.6177
        12.7698                  1.6702             320.9           3328.6251     4121.8200     -793.1949
        12.8217                  1.6772             317.3           3559.8069     4087.4400     -527.6331
        12.8736                  1.6841             312.7           3551.7809     4044.4200     -492.6391
        12.9257                  1.6910             304.8           3479.6596     3969.5400     -489.8804
        12.9776                  1.6979             298.6           3302.1412     3911.4000     -609.2588
        13.0296                  1.7049             306.4           3326.8306     3984.6600     -657.8294
        13.0815                  1.7118             309.5           3458.4184     4014.1800     -555.7616
        13.1335                  1.7187             307.9           3462.3331     3998.7000     -536.3669
        13.1855                  1.7257             305.2           3372.3865     3974.0400     -601.6535
        13.2374                  1.7326             330.2           3659.9011     4209.8400     -549.9389
        13.2500                  1.7343             310.3           3471.7250     4021.7400     -550.0150
        13.3021                  1.7412             313.5           3378.9103     4051.9800     -673.0697
        13.3539                  1.7481             320.6           3365.7840     4118.5800     -752.7960
        13.4059                  1.7550             327.4           3489.0902     4183.2000     -694.1098
        13.4579                  1.7620             279.7           3098.0295     3732.8400     -634.8105
        13.5098                  1.7689             324.7           3588.1361     4157.8200     -569.6839
        13.5616                  1.7758             301.9           3384.5436     3942.5400     -557.9964
        13.6134                  1.7828             287.4           3043.0901     3805.7400     -762.6499
        13.6655                  1.7897             305.2           3405.1714     3973.6800     -568.5086
        13.7175                  1.7966             300.3           3268.9378     3927.7800     -658.8422
        13.7695                  1.8035             304.1           3365.9496     3963.0600     -597.1104
        13.8216                  1.8105             298.7           3032.1978     3912.3000     -880.1022
        13.8736                  1.8174             303.9           3240.7202     3961.6200     -720.8998
        13.9256                  1.8243             304.8           3199.4935     3969.9000     -770.4065
        13.9778                  1.8313             309.7           3289.6191     4015.8000     -726.1809
        14.0299                  1.8382             303.1           3300.2915     3954.0600     -653.7685
        14.0820                  1.8451             309.0           3105.5036     4009.1400     -903.6364
        14.1341                  1.8520             311.0           3123.8037     4028.5800     -904.7763
        14.1860                  1.8590             281.5           3167.4802     3749.5800     -582.0998
        14.2379                  1.8659             311.5           3493.3954     4032.9000     -539.5046
        14.2500                  1.8675             302.0           3339.0541     3942.9000     -603.8459
        14.3020                  1.8744             310.1           3433.2331     4019.4000     -586.1669
        14.3540                  1.8814             305.0           3480.0184     3971.5200     -491.5016
        14.4059                  1.8883             297.7           3192.5370     3902.7600     -710.2230
        14.4579                  1.8952             300.1           3332.7329     3925.6200     -592.8871
        14.5098                  1.9021             314.9           3388.2678     4065.1200     -676.8522
        14.5619                  1.9091             309.9           3497.3888     4018.3200     -520.9312
        14.6139                  1.9160             293.0           3221.8666     3858.4800     -636.6134
        14.6657                  1.9229             307.1           3392.2852     3991.3200     -599.0348
        14.7177                  1.9298             299.3           3396.8877     3917.7000     -520.8123
        14.7695                  1.9368             311.5           3467.9123     4033.0800     -565.1677
        14.8215                  1.9437             279.2           3248.1293     3728.3400     -480.2107
        14.8734                  1.9506             307.9           3382.1473     3998.8800     -616.7327
        14.9253                  1.9576             317.4           3166.1994     4088.7000     -922.5006
        14.9773                  1.9645             296.6           3122.6380     3891.9600     -769.3220
        15.0293                  1.9714             298.3           3270.8895     3908.3400     -637.4505
        15.0812                  1.9783             308.9           3466.2380     4008.0600     -541.8220
        15.1333                  1.9853             312.3           3439.9522     4040.4600     -600.5078
        15.1851                  1.9922             312.8           3292.3110     4044.9600     -752.6490
        15.2371                  1.9991             311.8           3594.3034     4035.4200     -441.1166
        15.2500                  2.0009             300.3           3356.3211     3927.0600     -570.7389
        15.3018                  2.0078             300.7           3354.4378     3930.6600     -576.2222
        15.3537                  2.0147             294.7           3418.0504     3874.5000     -456.4496
        15.4056                  2.0216             307.7           3415.8028     3997.2600     -581.4572
        15.4576                  2.0286             304.2           3236.2578     3964.3200     -728.0622
        15.5096                  2.0355             303.8           3449.7921     3960.5400     -510.7479
        15.5616                  2.0424             304.9           3332.6062     3970.8000     -638.1938
        15.6135                  2.0493             288.1           3196.2066     3812.4000     -616.1934
        15.6654                  2.0563             304.5           3227.2031     3967.2000     -739.9969
        15.7172                  2.0632             310.5           3477.1639     4023.1800     -546.0161
        15.7690                  2.0701             300.3           3275.1816     3926.8800     -651.6984
        15.8210                  2.0771             312.5           3375.6442     4042.2600     -666.6158
        15.8729                  2.0840             317.5           3232.6595     4089.9600     -857.3005
        15.9248                  2.0909             312.8           3200.6431     4044.9600     -844.3169
        15.9766                  2.0978             295.8           3308.0921     3885.1200     -577.0279
        16.0284                  2.1048             302.7           3619.7761     3950.2800     -330.5039
        16.0801                  2.1117             295.4           3140.7556     3880.6200     -739.8644
        16.1322                  2.1186             308.1           3312.9372     4001.2200     -688.2828
        16.1842                  2.1256             310.9           3363.5747     4027.5000     -663.9253
        16.2362                  2.1325             303.9           3198.6836     3961.0800     -762.3964
        16.2500                  2.1343             317.3           3469.7131     4087.6200     -617.9069
        16.3019                  2.1413             320.4           3451.6006     4116.9600     -665.3594
        16.3538                  2.1482             329.9           3635.1510     4207.1400     -571.9890
        16.4058                  2.1551             309.9           3490.5263     4018.1400     -527.6137
        16.4577                  2.1620             317.5           3471.3274     4089.6000     -618.2726
        16.5097                  2.1690             285.5           2903.8291     3787.9200     -884.0909
        16.5617                  2.1759             299.5           3108.5093     3919.8600     -811.3507
        16.6137                  2.1828             299.3           3301.7887     3918.2400     -616.4513
        16.6657                  2.1897             308.7           3186.2545     4006.8000     -820.5455
        16.7177                  2.1967             316.1           3361.0518     4076.6400     -715.5882
        16.7697                  2.2036             280.7           3009.6246     3742.5600     -732.9354
        16.8217                  2.2105             290.1           3089.3329     3831.1200     -741.7871
        16.8736                  2.2175             311.8           3478.0439     4035.4200     -557.3761
        16.9255                  2.2244             299.9           3415.5654     3923.1000     -507.5346
        16.9774                  2.2313             293.6           3220.2207     3864.2400     -644.0193
        17.0293                  2.2382             314.4           3359.4028     4060.0800     -700.6772
        17.0811                  2.2452             308.8           3426.1012     4007.5200     -581.4188
        17.1332                  2.2521             307.7           3366.2833     3997.6200     -631.3367
        17.1852                  2.2590             308.5           3259.6768     4005.0000     -745.3232
        17.2371                  2.2660             318.1           3578.1882     4095.3600     -517.1718
        17.2500                  2.2677             315.6           3582.5505     4071.7800     -489.2295
        17.3020                  2.2746             297.3           3299.1995     3898.9800     -599.7805
        17.3539                  2.2815             305.3           3355.4232     3974.7600     -619.3368
        17.4059                  2.2884             316.7           3515.3661     4082.5800     -567.2139
        17.4578                  2.2954             308.5           3416.2309     4004.6400     -588.4091
        17.5098                  2.3023             306.7           3215.8442     3988.0800     -772.2358
        17.5620                  2.3092             301.1           3149.1354     3935.3400     -786.2046
        17.6139                  2.3162             289.2           3048.9102     3822.6600     -773.7498
        17.6659                  2.3231             318.2           3505.4835     4096.2600     -590.7765
        17.7179                  2.3300             304.7           3503.3394     3969.0000     -465.6606
        17.7699                  2.3369             305.2           3306.6783     3973.3200     -666.6417
        17.8219                  2.3439             319.5           3351.4240     4108.5000     -757.0760
        17.8739                  2.3508             326.7           3182.0375     4176.5400     -994.5025
        17.9258                  2.3577             320.5           3407.4146     4117.8600     -710.4454
        17.9779                  2.3647             293.9           3313.8758     3867.3000     -553.4242
        18.0298                  2.3716             324.2           3428.4046     4152.9600     -724.5554
        18.0818                  2.3785             307.7           3499.2031     3996.7200     -497.5169
        18.1338                  2.3854             290.1           3172.9239     3830.9400     -658.0161
        18.1857                  2.3924             309.3           3503.9682     4012.5600     -508.5918
        18.2376                  2.3993             283.6           3089.6054     3770.1000     -680.4946
        18.2500                  2.4009             309.3           3445.6168     4012.0200     -566.4032
        18.3020                  2.4079             298.4           3401.3931     3909.0600     -507.6669
        18.3539                  2.4148             307.8           3605.9488     3998.1600     -392.2112
        18.4056                  2.4217             321.2           3551.7021     4124.3400     -572.6379
        18.4576                  2.4287             301.4           3403.2095     3937.3200     -534.1105
        18.5096                  2.4356             283.8           3268.6891     3771.1800     -502.4909
        18.5615                  2.4425             282.8           3119.2188     3762.0000     -642.7812
        18.6134                  2.4494             303.0           3476.5277     3952.8000     -476.2723
        18.6653                  2.4564             294.1           3235.7876     3869.1000     -633.3124
        18.7174                  2.4633             310.8           3317.4377     4026.0600     -708.6223
        18.7695                  2.4702             315.2           3330.8355     4068.0000     -737.1645
        18.8214                  2.4771             311.7           3226.4539     4035.2400     -808.7861
        18.8735                  2.4841             298.9           2847.3073     3914.2800    -1066.9727
        18.9253                  2.4910             304.6           3288.9594     3967.7400     -678.7806
        18.9772                  2.4979             309.3           3425.3087     4011.8400     -586.5313
        19.0291                  2.5049             298.9           3292.0374     3913.9200     -621.8826
        19.0811                  2.5118             295.2           3102.9723     3879.3600     -776.3877
        19.1330                  2.5187             314.6           3457.5458     4062.0600     -604.5142
        19.1849                  2.5256             304.2           3305.8412     3964.5000     -658.6588
        19.2367                  2.5326             301.2           3379.7140     3935.7000     -555.9860
        19.2500                  2.5343             304.0           3488.8993     3961.9800     -473.0807
        19.3019                  2.5413             307.0           3422.8850     3990.4200     -567.5350
        19.3539                  2.5482             297.6           3357.2252     3901.5000     -544.2748
        19.4057                  2.5551             304.6           3419.6020     3968.2800     -548.6780
        19.4575                  2.5621             314.6           3500.6504     4062.0600     -561.4096
        19.5095                  2.5690             313.0           3478.2657     4046.7600     -568.4943
        19.5616                  2.5759             304.4           3243.3706     3965.7600     -722.3894
        19.6135                  2.5828             301.5           3182.5263     3938.4000     -755.8737
        19.6656                  2.5898             311.4           3328.5706     4031.8200     -703.2494
        19.7176                  2.5967             308.7           3438.1469     4006.2600     -568.1131
        19.7696                  2.6036             292.5           3155.2911     3853.4400     -698.1489
        19.8217                  2.6106             297.5           3274.4324     3901.3200     -626.8876
        19.8736                  2.6175             315.7           3542.0144     4072.5000     -530.4856
        19.9254                  2.6244             311.0           3494.5951     4028.0400     -533.4449
        19.9774                  2.6313             310.5           3372.8707     4023.1800     -650.3093
        20.0294                  2.6383             314.4           3280.6559     4060.8000     -780.1441
        20.0813                  2.6452             319.7           3254.9079     4110.3000     -855.3921
        20.1333                  2.6521             290.2           3309.3433     3831.6600     -522.3167
        20.1852                  2.6590             296.9           3228.9758     3895.3800     -666.4042
        20.2372                  2.6660             304.7           3638.8102     3969.1800     -330.3698
        20.2500                  2.6677             296.6           3364.9566     3892.3200     -527.3634
        20.3018                  2.6746             311.0           3610.6566     4028.7600     -418.1034
        20.3536                  2.6815             301.0           3456.9106     3933.9000     -476.9894
        20.4054                  2.6885             293.5           3491.0929     3863.5200     -372.4271
        20.4572                  2.6954             323.6           3649.3973     4147.0200     -497.6227
        20.5091                  2.7023             304.9           3534.2262     3970.9800     -436.7538
        20.5609                  2.7093             296.2           3225.5431     3888.9000     -663.3569
        20.6130                  2.7162             317.2           3410.4427     4086.9000     -676.4573
        20.6650                  2.7231             296.6           3136.8307     3892.6800     -755.8493
        20.7170                  2.7300             294.8           3147.2250     3875.0400     -727.8150
        20.7689                  2.7370             313.7           3450.4023     4054.1400     -603.7377
        20.8209                  2.7439             299.2           3160.8907     3916.8000     -755.9093
        20.8729                  2.7508             308.1           3248.0575     4001.0400     -752.9825
        20.9249                  2.7577             312.1           3194.5290     4039.0200     -844.4910
        20.9768                  2.7647             312.5           3356.0643     4042.6200     -686.5557
        21.0288                  2.7716             297.6           3239.9167     3901.6800     -661.7633
        21.0807                  2.7785             318.9           3399.5559     4103.1000     -703.5441
        21.1325                  2.7855             322.6           3700.0909     4137.4800     -437.3891
        21.1844                  2.7924             298.7           3492.0707     3911.9400     -419.8693
        21.2363                  2.7993             312.3           3477.0520     4040.2800     -563.2280
        21.2500                  2.8011             307.9           3553.2146     3999.2400     -446.0254
        21.3020                  2.8081             311.6           3200.4658     4033.6200     -833.1542
        21.3540                  2.8150             291.4           3274.5280     3843.3600     -568.8320
        21.4060                  2.8219             287.4           3256.5357     3805.3800     -548.8443
        21.4578                  2.8289             309.2           3270.1190     4011.3000     -741.1810
        21.5099                  2.8358             300.8           3164.0242     3931.7400     -767.7158
        21.5618                  2.8427             305.7           3197.5275     3978.3600     -780.8325
        21.6138                  2.8496             311.1           3532.7296     4029.4800     -496.7504
        21.6657                  2.8566             307.3           3383.1968     3993.4800     -610.2832
        21.7178                  2.8635             327.2           3475.7438     4181.4000     -705.6562
        21.7699                  2.8704             316.1           3498.6972     4076.8200     -578.1228
        21.8219                  2.8774             299.9           3226.5986     3923.2800     -696.6814
        21.8739                  2.8843             307.5           3158.5022     3995.1000     -836.5978
        21.9260                  2.8912             306.6           3403.5198     3986.6400     -583.1202
        21.9779                  2.8981             307.3           3397.2053     3993.6600     -596.4547
        22.0300                  2.9051             314.9           3342.8511     4064.9400     -722.0889
        22.0819                  2.9120             300.6           3164.2629     3929.7600     -765.4971
        22.1339                  2.9189             313.4           3378.5475     4050.5400     -671.9925
        22.1858                  2.9258             305.6           3356.6949     3977.4600     -620.7651
        22.2378                  2.9328             306.1           3368.8312     3982.5000     -613.6688
        22.2500                  2.9344             320.9           3478.9212     4122.1800     -643.2588
        22.3019                  2.9413             335.5           3835.2208     4259.5200     -424.2992
        22.3540                  2.9482             316.1           3513.4724     4076.8200     -563.3476
        22.4058                  2.9552             306.3           3381.1522     3983.5800     -602.4278
        22.4576                  2.9621             295.3           3353.7665     3880.0800     -526.3135
        22.5096                  2.9690             304.2           3327.3856     3964.3200     -636.9344
        22.5616                  2.9760             301.6           3048.2466     3939.1200     -890.8734
        22.6136                  2.9829             315.4           3216.3424     4070.1600     -853.8176
        22.6656                  2.9898             311.7           3453.4627     4034.7000     -581.2373
        22.7176                  2.9967             299.9           3210.0398     3923.1000     -713.0602
        22.7695                  3.0037             305.5           3476.2081     3976.2000     -499.9919
        22.8213                  3.0106             306.7           3309.7754     3987.5400     -677.7646
        22.8734                  3.0175             302.1           3239.0237     3943.9800     -704.9563
        22.9254                  3.0245             299.4           3106.9979     3919.1400     -812.1421
        22.9774                  3.0314             307.9           3422.2581     3999.0600     -576.8019
        23.0293                  3.0383             308.2           3542.1071     4001.9400     -459.8329
        23.0813                  3.0452             308.6           3203.6243     4005.3600     -801.7357
        23.1333                  3.0522             307.9           3220.3705     3998.8800     -778.5095
        23.1853                  3.0591             317.9           3222.7543     4093.5600     -870.8057
        23.2371                  3.0660             309.4           3262.7553     4013.2800     -750.5247
        23.2500                  3.0677             329.0           3600.1273     4198.6800     -598.5527
        23.3020                  3.0747             323.4           3273.9880     4145.2200     -871.2320
        23.3541                  3.0816             305.0           3211.4088     3972.0600     -760.6512
        23.4061                  3.0885             309.0           3435.1420     4009.6800     -574.5380
        23.4580                  3.0954             308.8           3368.8775     4007.5200     -638.6425
        23.5099                  3.1024             302.6           3257.9623     3948.6600     -690.6977
        23.5618                  3.1093             289.2           2981.3653     3823.0200     -841.6547
        23.6137                  3.1162             319.3           3373.8512     4106.5200     -732.6688
        23.6657                  3.1232             304.1           3245.1953     3963.2400     -718.0447
        23.7178                  3.1301             303.4           3225.6362     3956.7600     -731.1238
        23.7696                  3.1370             293.5           3250.6727     3863.3400     -612.6673
        23.8216                  3.1439             320.8           3466.4877     4121.2800     -654.7923
        23.8735                  3.1509             331.4           3583.4980     4220.6400     -637.1420
        23.9254                  3.1578             302.1           3325.5595     3944.1600     -618.6005
        23.9773                  3.1647             298.8           3269.2499     3913.2000     -643.9501
        24.0292                  3.1716             302.5           3334.5914     3948.4800     -613.8886
        24.0811                  3.1786             313.1           3436.2798     4048.2000     -611.9202
        24.1331                  3.1855             314.3           3241.7361     4059.5400     -817.8039
        24.1851                  3.1924             309.3           3530.1701     4012.0200     -481.8499
        24.2371                  3.1994             316.7           3486.3869     4082.5800     -596.1931
        24.2500                  3.2011             295.7           3393.7214     3883.5000     -489.7786
        24.3020                  3.2080             305.5           3375.0463     3976.0200     -600.9737
        24.3539                  3.2149             296.7           3232.9526     3893.2200     -660.2674
        24.4058                  3.2219             305.6           3474.6090     3977.6400     -503.0310
        24.4579                  3.2288             314.7           3411.5906     4063.5000     -651.9094
        24.5097                  3.2357             302.6           3271.4243     3949.2000     -677.7757
        24.5616                  3.2426             318.9           3509.0777     4102.7400     -593.6623
        24.6136                  3.2496             301.5           3285.5534     3938.4000     -652.8466
        24.6655                  3.2565             290.3           3219.5403     3832.5600     -613.0197
        24.7175                  3.2634             304.3           3340.1032     3965.2200     -625.1168
        24.7694                  3.2703             311.2           3143.2815     4030.5600     -887.2785
        24.8213                  3.2773             315.1           3484.0266     4066.9200     -582.8934
        24.8731                  3.2842             294.2           3195.1852     3870.1800     -674.9948
        24.9250                  3.2911             307.3           3196.6341     3993.4800     -796.8459
        24.9770                  3.2981             303.2           3252.6939     3954.4200     -701.7261
        25.0290                  3.3050             305.3           3428.8564     3974.9400     -546.0836
        25.0810                  3.3119             312.1           3497.7262     4038.3000     -540.5738
        25.1330                  3.3188             308.0           3480.9519     3999.9600     -519.0081
        25.1849                  3.3258             308.9           3406.5926     4008.0600     -601.4674
        25.2369                  3.3327             304.3           3417.4540     3964.6800     -547.2260
        25.2500                  3.3344             301.4           3319.8799     3937.3200     -617.4401
        25.3020                  3.3414             297.9           3381.3599     3905.1000     -523.7401
        25.3538                  3.3483             291.5           3378.3992     3844.2600     -465.8608
        25.4056                  3.3552             309.9           3305.8163     4018.1400     -712.3237
        25.4576                  3.3622             303.7           3463.7583     3959.4600     -495.7017
        25.5096                  3.3691             315.6           3400.5364     4071.4200     -670.8836
        25.5615                  3.3760             293.8           3065.9662     3865.5000     -799.5338
        25.6135                  3.3829             317.3           3421.4499     4087.6200     -666.1701
        25.6656                  3.3899             313.5           3164.5511     4051.9800     -887.4289
        25.7175                  3.3968             307.8           3147.0642     3998.1600     -851.0958
        25.7695                  3.4037             322.5           3442.3897     4137.3000     -694.9103
        25.8215                  3.4107             299.4           3399.4274     3918.9600     -519.5326
        25.8735                  3.4176             298.1           3291.6525     3906.5400     -614.8875
        25.9254                  3.4245             316.5           3438.7679     4079.8800     -641.1121
        25.9774                  3.4314             303.9           3232.2702     3961.6200     -729.3498
        26.0293                  3.4384             331.4           3629.2278     4221.0000     -591.7722
        26.0812                  3.4453             311.9           3289.8770     4037.0400     -747.1630
        26.1332                  3.4522             322.3           3609.3528     4134.7800     -525.4272
        26.1849                  3.4591             307.2           3477.1794     3992.4000     -515.2206
        26.2367                  3.4661             314.0           3231.8332     4056.3000     -824.4668
        26.2500                  3.4678             305.0           3160.1312     3971.5200     -811.3888
        26.3020                  3.4748             286.1           3175.1397     3793.1400     -618.0003
        26.3539                  3.4817             311.3           3446.3196     4030.9200     -584.6004
        26.4058                  3.4886             316.0           3386.5764     4075.3800     -688.8036
        26.4577                  3.4955             282.5           3167.8704     3759.6600     -591.7896
        26.5098                  3.5025             301.5           3178.4762     3938.5800     -760.1038
        26.5618                  3.5094             319.4           3565.2432     4107.7800     -542.5368
        26.6136                  3.5163             309.6           3395.3004     4015.2600     -619.9596
        26.6656                  3.5233             313.1           3441.3821     4048.3800     -606.9979
        26.7174                  3.5302             321.5           3445.0548     4127.5800     -682.5252
        26.7694                  3.5371             308.9           3250.3094     4008.7800     -758.4706
        26.8214                  3.5440             318.5           3460.2895     4098.9600     -638.6705
        26.8734                  3.5510             316.7           3493.2432     4081.6800     -588.4368
        26.9253                  3.5579             310.9           3295.6891     4027.5000     -731.8109
        26.9773                  3.5648             302.7           3202.1839     3950.2800     -748.0961
        27.0291                  3.5718             311.4           3494.1710     4032.5400     -538.3690
        27.0810                  3.5787             297.8           3119.8267     3903.4800     -783.6533
        27.1330                  3.5856             308.7           3556.9183     4006.9800     -450.0617
        27.1849                  3.5925             314.9           3255.4034     4065.4800     -810.0766
        27.2371                  3.5995             318.7           3373.1419     4101.1200     -727.9781
        27.2500                  3.6012             304.8           3196.9562     3969.7200     -772.7638
        27.3020                  3.6081             302.1           3192.1208     3944.1600     -752.0392
        27.3540                  3.6150             291.6           3278.3937     3845.5200     -567.1263
        27.4060                  3.6220             295.2           3443.3509     3878.8200     -435.4691
        27.4579                  3.6289             299.4           3284.9269     3919.1400     -634.2131
        27.5099                  3.6358             314.3           3495.0733     4059.1800     -564.1067
        27.5619                  3.6428             312.9           3628.8012     4046.5800     -417.7788
        27.6137                  3.6497             315.8           3502.5440     4073.5800     -571.0360
        27.6658                  3.6566             281.0           3089.6552     3744.9000     -655.2448
        27.7178                  3.6635             311.6           3280.8029     4033.9800     -753.1771
        27.7697                  3.6705             296.6           3194.2517     3892.8600     -698.6083
        27.8218                  3.6774             325.9           3597.1608     4168.8000     -571.6392
        27.8738                  3.6843             304.1           3253.1290     3963.4200     -710.2910
        27.9258                  3.6912             299.3           3355.8911     3918.0600     -562.1689
        27.9778                  3.6982             286.4           3046.0596     3796.0200     -749.9604
        28.0298                  3.7051             302.4           3094.8765     3947.4000     -852.5235
        28.0818                  3.7120             314.6           3365.1631     4062.0600     -696.8969
        28.1338                  3.7190             314.1           3401.9740     4057.3800     -655.4060
        28.1856                  3.7259             304.1           3263.3180     3963.6000     -700.2820
        28.2375                  3.7328             305.2           3414.4858     3973.8600     -559.3742
        28.2500                  3.7345             309.0           3479.8956     4009.8600     -529.9644
        28.3020                  3.7414             332.2           3577.9750     4228.7400     -650.7650
        28.3538                  3.7483             316.4           3504.2937     4079.1600     -574.8663
        28.4058                  3.7553             309.2           3307.5259     4011.6600     -704.1341
        28.4578                  3.7622             312.4           2910.2839     4041.9000    -1131.6161
        28.5099                  3.7691             294.0           3169.0358     3867.4800     -698.4442
        28.5619                  3.7760             322.7           3572.7857     4138.5600     -565.7743
        28.6138                  3.7830             300.4           3535.5224     3927.9600     -392.4376
        28.6658                  3.7899             327.0           3672.1747     4179.7800     -507.6053
        28.7178                  3.7968             312.9           3410.8389     4046.0400     -635.2011
        28.7698                  3.8037             315.4           3425.1780     4069.4400     -644.2620
        28.8217                  3.8107             318.9           3432.9830     4102.9200     -669.9370
        28.8738                  3.8176             326.0           3429.5873     4170.0600     -740.4727
        28.9257                  3.8245             309.6           3428.2714     4015.2600     -586.9886
        28.9776                  3.8315             309.3           3275.9601     4012.5600     -736.5999
        29.0297                  3.8384             289.7           3062.4454     3827.7000     -765.2546
        29.0815                  3.8453             295.9           3342.5918     3886.0200     -543.4282
        29.1334                  3.8522             316.2           3456.4781     4077.7200     -621.2419
        29.1853                  3.8592             309.1           3482.7936     4010.2200     -527.4264
        29.2372                  3.8661             318.8           3407.0088     4101.8400     -694.8312
        29.2500                  3.8678             303.0           3223.1955     3953.1600     -729.9645
        29.3018                  3.8747             297.9           3001.8847     3904.9200     -903.0353
        29.3538                  3.8817             309.4           3528.6329     4013.6400     -485.0071
        29.4057                  3.8886             302.8           3378.0643     3950.8200     -572.7557
        29.4577                  3.8955             304.5           3502.3292     3967.0200     -464.6908
        29.5097                  3.9025             319.8           3585.5430     4111.3800     -525.8370
        29.5615                  3.9094             326.4           3405.3028     4173.8400     -768.5372
        29.6136                  3.9163             316.4           3546.3496     4079.7000     -533.3504
        29.6655                  3.9232             323.3           3698.6958     4144.3200     -445.6242
        29.7174                  3.9302             324.2           3392.9109     4152.9600     -760.0491
        29.7693                  3.9371             305.9           3283.2045     3980.1600     -696.9555
        29.8213                  3.9440             299.1           3192.3709     3915.9000     -723.5291
        29.8732                  3.9510             300.9           3351.8550     3933.3600     -581.5050
        29.9250                  3.9579             308.5           3528.1841     4004.6400     -476.4559
        29.9769                  3.9648             304.2           3334.6362     3963.7800     -629.1438
        30.0289                  3.9717             311.9           3393.1450     4036.8600     -643.7150
        30.0809                  3.9787             315.7           3292.6817     4072.8600     -780.1783
        30.1328                  3.9856             295.3           3174.2083     3879.9000     -705.6917
        30.1845                  3.9925             307.2           3419.4301     3992.0400     -572.6099
        30.2365                  3.9994             320.4           3319.9362     4117.3200     -797.3838
        30.2500                  4.0012             301.1           3119.7660     3934.8000     -815.0340
        30.3019                  4.0082             309.8           3199.9654     4016.5200     -816.5546
        30.3540                  4.0151             317.8           3157.7899     4092.3000     -934.5101
        30.4059                  4.0220             316.2           3211.5201     4077.0000     -865.4799
        30.4581                  4.0289             324.2           3406.0051     4152.9600     -746.9549
        30.5100                  4.0359             307.7           3123.2679     3997.4400     -874.1721
        30.5620                  4.0428             313.5           3305.4026     4051.9800     -746.5774
        30.6140                  4.0497             306.9           3449.3489     3989.1600     -539.8111
        30.6660                  4.0567             297.5           3020.5806     3900.7800     -880.1994
        30.7179                  4.0636             308.7           3359.6706     4006.6200     -646.9494
        30.7699                  4.0705             331.0           3511.5695     4217.4000     -705.8305
        30.8218                  4.0774             309.0           3061.1736     4009.5000     -948.3264
        30.8738                  4.0844             308.5           3272.0620     4004.4600     -732.3980
        30.9258                  4.0913             307.9           3207.3020     3999.4200     -792.1180
        30.9778                  4.0982             314.6           3334.3330     4061.8800     -727.5470
        31.0299                  4.1052             304.9           3190.7563     3970.6200     -779.8637
        31.0819                  4.1121             302.0           3387.3402     3943.8000     -556.4598
        31.1339                  4.1190             307.3           3320.6064     3993.3000     -672.6936
        31.1858                  4.1259             309.7           3307.0088     4016.1600     -709.1512
        31.2378                  4.1329             304.3           3319.9270     3964.6800     -644.7530
        31.2500                  4.1345             303.2           3276.0018     3954.6000     -678.5982
        31.3018                  4.1414             308.8           3355.4948     4007.3400     -651.8452
        31.3538                  4.1483             333.9           3587.2889     4244.5800     -657.2911
        31.4059                  4.1553             289.0           3064.1963     3820.8600     -756.6637
        31.4578                  4.1622             298.0           3374.7831     3905.2800     -530.4969
        31.5097                  4.1691             308.9           3480.9514     4008.2400     -527.2886
        31.5616                  4.1761             309.4           3244.0885     4013.6400     -769.5515
        31.6136                  4.1830             304.1           3318.2004     3963.6000     -645.3996
        31.6654                  4.1899             316.0           3477.2065     4075.9200     -598.7135
        31.7173                  4.1968             302.7           3518.6764     3950.1000     -431.4236
        31.7693                  4.2038             317.5           3623.3159     4089.2400     -465.9241
        31.8212                  4.2107             314.7           3456.3004     4062.9600     -606.6596
        31.8732                  4.2176             307.7           3383.4520     3997.4400     -613.9880
        31.9250                  4.2245             317.1           3663.1711     4085.8200     -422.6489
        31.9768                  4.2315             307.8           3433.6206     3998.3400     -564.7194
        32.0288                  4.2384             301.4           3486.2882     3938.0400     -451.7518
        32.0808                  4.2453             310.6           3314.9504     4024.2600     -709.3096
        32.1329                  4.2523             312.7           3220.0425     4044.6000     -824.5575
        32.1849                  4.2592             303.8           3262.9914     3960.3600     -697.3686
        32.2370                  4.2661             304.2           3284.0646     3964.5000     -680.4354
        32.2500                  4.2678             297.4           3071.1634     3900.0600     -828.8966
        32.3021                  4.2748             285.4           3271.9890     3786.8400     -514.8510
        32.3539                  4.2817             303.7           3438.0297     3959.1000     -521.0703
        32.4058                  4.2886             316.5           3421.3642     4080.6000     -659.2358
        32.4578                  4.2955             288.6           3062.1416     3817.2600     -755.1184
        32.5097                  4.3025             304.4           3422.7591     3966.4800     -543.7209
        32.5615                  4.3094             318.4           3494.2775     4098.6000     -604.3225
        32.6135                  4.3163             318.6           3413.5366     4100.2200     -686.6834
        32.6654                  4.3233             304.2           3503.3481     3964.3200     -460.9719
        32.7173                  4.3302             303.5           3297.7795     3957.8400     -660.0605
        32.7693                  4.3371             301.1           3274.2807     3934.9800     -660.6993
        32.8211                  4.3440             309.7           3440.9968     4016.3400     -575.3432
        32.8731                  4.3510             322.7           3225.4081     4138.7400     -913.3319
        32.9252                  4.3579             303.2           2895.1836     3954.4200    -1059.2364
        32.9772                  4.3648             316.2           3384.8277     4077.3600     -692.5323
        33.0291                  4.3717             309.5           3461.3830     4014.5400     -553.1570
        33.0810                  4.3787             316.1           3517.9252     4076.4600     -558.5348
        33.1329                  4.3856             299.4           3043.6459     3918.4200     -874.7741
        33.1847                  4.3925             308.1           3128.3761     4000.8600     -872.4839
        33.2366                  4.3995             310.6           3116.6630     4024.0800     -907.4170
        33.2500                  4.4013             297.4           3030.6207     3900.0600     -869.4393
        33.3020                  4.4082             302.7           3222.1893     3949.9200     -727.7307
        33.3539                  4.4151             284.4           2868.8256     3777.6600     -908.8344
        33.4057                  4.4220             299.1           3036.6747     3915.7200     -879.0453
        33.4576                  4.4290             323.8           3363.3394     4149.0000     -785.6606
        33.5094                  4.4359             305.8           3154.6720     3979.2600     -824.5880
        33.5613                  4.4428             305.2           3341.4568     3974.0400     -632.5832
        33.6131                  4.4497             320.2           3488.0574     4115.1600     -627.1026
        33.6649                  4.4567             315.7           3396.2781     4073.0400     -676.7619
        33.7170                  4.4636             325.8           3555.8639     4167.9000     -612.0361
        33.7691                  4.4705             329.5           3479.5556     4203.1800     -723.6244
        33.8209                  4.4775             304.0           3213.3945     3961.9800     -748.5855
        33.8726                  4.4844             306.3           3241.0305     3984.3000     -743.2695
        33.9244                  4.4913             298.6           3130.1914     3911.4000     -781.2086
        33.9762                  4.4982             309.1           3391.8559     4010.2200     -618.3641
        34.0280                  4.5052             304.5           3076.3779     3967.0200     -890.6421
        34.0799                  4.5121             323.3           3403.4745     4144.6800     -741.2055
        34.1317                  4.5190             316.2           3106.4995     4077.5400     -971.0405
        34.1836                  4.5259             312.1           3182.6416     4038.4800     -855.8384
        34.2355                  4.5329             287.6           3100.0687     3807.5400     -707.4713
        34.2500                  4.5348             317.4           3294.9764     4088.5200     -793.5436
        34.3020                  4.5417             327.5           2999.9988     4184.1000    -1184.1012
        34.3541                  4.5487             305.2           2828.6460     3973.5000    -1144.8540
        34.4061                  4.5556             320.4           2913.1253     4116.9600    -1203.8347
        34.4579                  4.5625             294.6           2831.5561     3873.9600    -1042.4039
        34.5099                  4.5694             302.6           2954.2113     3948.6600     -994.4487
        34.5619                  4.5764             302.8           2919.0758     3950.8200    -1031.7442
        34.6138                  4.5833             321.8           3216.1559     4130.2800     -914.1241
        34.6657                  4.5902             300.3           3057.6235     3927.0600     -869.4365
        34.7177                  4.5972             293.7           2781.6020     3865.3200    -1083.7180
        34.7696                  4.6041             318.8           3156.6591     4102.2000     -945.5409
        34.8217                  4.6110             299.7           2761.2418     3921.6600    -1160.4182
        34.8737                  4.6179             303.0           2987.4347     3953.1600     -965.7253
        34.9255                  4.6249             325.9           3379.3216     4168.9800     -789.6584
        34.9776                  4.6318             302.7           3073.8926     3949.9200     -876.0274
        35.0295                  4.6387             306.8           3004.6325     3988.2600     -983.6275
        35.0814                  4.6456             296.6           2869.7632     3892.6800    -1022.9168
        35.1333                  4.6526             315.5           3236.2553     4070.8800     -834.6247
        35.1852                  4.6595             290.8           2866.5468     3837.6000     -971.0532
        35.2372                  4.6664             311.1           3229.2066     4029.1200     -799.9134
        35.2500                  4.6681             317.1           3285.5643     4086.3600     -800.7957
        35.3019                  4.6751             300.7           2990.6080     3930.6600     -940.0520
        35.3539                  4.6820             305.5           3126.5039     3976.2000     -849.6961
        35.4057                  4.6889             301.1           3018.5487     3934.8000     -916.2513
        35.4575                  4.6958             307.4           3198.2434     3994.0200     -795.7766
        35.5093                  4.7028             296.8           3176.1318     3894.6600     -718.5282
        35.5612                  4.7097             296.9           2955.8225     3895.3800     -939.5575
        35.6131                  4.7166             306.6           3205.1411     3986.6400     -781.4989
        35.6648                  4.7236             309.6           2807.7941     4015.0800    -1207.2859
        35.7169                  4.7305             314.5           2979.7511     4061.1600    -1081.4089
        35.7687                  4.7374             300.2           3051.7390     3926.5200     -874.7810
        35.8205                  4.7443             324.1           3104.4964     4151.7000    -1047.2036
        35.8723                  4.7513             298.1           3208.8960     3906.9000     -698.0040
        35.9241                  4.7582             301.0           3045.1531     3934.2600     -889.1069
        35.9760                  4.7651             303.6           2969.3427     3958.7400     -989.3973
        36.0277                  4.7720             304.8           3004.4247     3970.0800     -965.6553
        36.0798                  4.7790             304.4           3126.3119     3965.9400     -839.6281
        36.1317                  4.7859             311.6           3325.4078     4034.3400     -708.9322
        36.1836                  4.7928             316.8           3264.1376     4083.3000     -819.1624
        36.2355                  4.7998             290.4           3131.2264     3834.0000     -702.7736
        36.2500                  4.8017             311.6           3079.6188     4033.6200     -954.0012
        36.3018                  4.8086             315.6           3087.4873     4071.9600     -984.4727
        36.3537                  4.8156             303.1           3218.7567     3953.8800     -735.1233
        36.4056                  4.8225             319.6           3347.7596     4109.9400     -762.1804
        36.4573                  4.8294             315.8           3305.4934     4073.2200     -767.7266
        36.5092                  4.8363             298.3           3099.0735     3907.9800     -808.9065
        36.5610                  4.8433             278.8           2976.6373     3724.2000     -747.5627
        36.6130                  4.8502             311.5           3134.5170     4033.2600     -898.7430
        36.6650                  4.8571             320.5           3350.3901     4117.8600     -767.4699
        36.7171                  4.8640             311.6           3136.1476     4034.1600     -898.0124
        36.7690                  4.8710             326.3           3415.5577     4172.9400     -757.3823
        36.8209                  4.8779             306.7           3158.3159     3987.5400     -829.2241
        36.8727                  4.8848             297.0           3134.8506     3895.7400     -760.8894
        36.9246                  4.8918             305.1           3267.0069     3972.4200     -705.4131
        36.9766                  4.8987             324.3           3342.5253     4153.5000     -810.9747
        37.0285                  4.9056             318.9           3439.3009     4103.1000     -663.7991
        37.0805                  4.9125             308.9           3153.6205     4008.9600     -855.3395
        37.1325                  4.9195             295.9           2750.7534     3886.0200    -1135.2666
        37.1844                  4.9264             316.4           3045.0575     4078.9800    -1033.9225
        37.2363                  4.9333             310.2           2929.6538     4021.0200    -1091.3662
        37.2500                  4.9352             301.1           3155.9968     3935.1600     -779.1632
        37.3019                  4.9421             296.7           2887.3053     3893.2200    -1005.9147
        37.3539                  4.9490             287.2           2852.5404     3803.9400     -951.3996
        37.4058                  4.9559             299.5           3249.8839     3919.5000     -669.6161
        37.4578                  4.9629             292.9           3048.4208     3857.7600     -809.3392
        37.5096                  4.9698             318.0           3243.2796     4094.1000     -850.8204
        37.5615                  4.9767             308.3           3238.8977     4003.0200     -764.1223
        37.6134                  4.9837             294.7           2988.9949     3874.6800     -885.6851
        37.6654                  4.9906             301.8           3201.2530     3941.2800     -740.0270
        37.7174                  4.9975             310.6           3201.0718     4024.2600     -823.1882
        37.7693                  5.0044             308.8           3021.6442     4007.7000     -986.0558
        37.8212                  5.0114             301.0           2771.9230     3933.7200    -1161.7970
        37.8732                  5.0183             301.8           2875.9425     3941.4600    -1065.5175
        37.9251                  5.0252             295.0           2809.9503     3876.8400    -1066.8897
        37.9770                  5.0321             301.1           3015.8670     3935.1600     -919.2930
        38.0287                  5.0391             318.0           3378.1983     4093.9200     -715.7217
        38.0805                  5.0460             305.3           3149.7087     3974.9400     -825.2313
        38.1324                  5.0529             289.9           2969.9089     3828.9600     -859.0511
        38.1842                  5.0599             306.6           3293.1064     3986.6400     -693.5336
        38.2361                  5.0668             306.2           3263.7133     3982.6800     -718.9667
        38.2500                  5.0687             305.2           3494.9776     3973.8600     -478.8824
        38.3018                  5.0756             312.1           3339.1852     4038.4800     -699.2948
        38.3536                  5.0825             299.6           3152.8016     3921.1200     -768.3184
        38.4055                  5.0894             325.2           3344.2125     4162.1400     -817.9275
        38.4575                  5.0964             297.6           3036.9880     3902.0400     -865.0520
        38.5094                  5.1033             308.6           3053.9276     4005.3600     -951.4324
        38.5613                  5.1102             310.4           3168.5795     4022.8200     -854.2405
        38.6131                  5.1171             315.8           3247.8645     4073.9400     -826.0755
        38.6649                  5.1241             326.5           3685.7416     4174.3800     -488.6384
        38.7168                  5.1310             300.1           3111.8471     3925.0800     -813.2329
        38.7687                  5.1379             295.2           3129.7957     3879.0000     -749.2043
        38.8205                  5.1449             314.3           3327.2433     4059.3600     -732.1167
        38.8723                  5.1518             293.0           3108.0325     3858.6600     -750.6275
        38.9241                  5.1587             319.7           3285.6878     4110.6600     -824.9722
        38.9760                  5.1656             311.8           3381.6644     4035.7800     -654.1156
        39.0280                  5.1726             301.0           2934.1533     3934.0800     -999.9267
        39.0799                  5.1795             307.5           3259.8629     3994.9200     -735.0571
        39.1319                  5.1864             323.3           3331.4742     4143.9600     -812.4858
        39.1838                  5.1934             305.8           3480.7935     3979.0800     -498.2865
        39.2357                  5.2003             319.7           3554.3477     4110.3000     -555.9523
        39.2500                  5.2022             312.5           3597.4510     4042.4400     -444.9890
        39.3020                  5.2091             315.8           3426.1497     4073.4000     -647.2503
        39.3538                  5.2160             303.4           3386.4091     3956.7600     -570.3509
        39.4059                  5.2230             311.9           3409.3840     4036.8600     -627.4760
        39.4578                  5.2299             292.9           3224.3560     3857.5800     -633.2240
        39.5097                  5.2368             315.5           3523.7709     4071.2400     -547.4691
        39.5616                  5.2437             291.4           3406.4526     3843.3600     -436.9074
        39.6135                  5.2507             290.3           3181.9914     3833.2800     -651.2886
        39.6656                  5.2576             306.7           3054.5568     3988.0800     -933.5232
        39.7177                  5.2645             308.8           3182.7611     4007.7000     -824.9389
        39.7697                  5.2715             308.9           3295.4098     4008.9600     -713.5502
        39.8217                  5.2784             327.8           3617.2349     4186.8000     -569.5651
        39.8737                  5.2853             311.5           3347.8099     4033.0800     -685.2701
        39.9256                  5.2922             301.2           3341.3605     3936.2400     -594.8795
        39.9775                  5.2992             285.6           2932.4343     3788.2800     -855.8457
        40.0294                  5.3061             306.6           3357.3325     3987.0000     -629.6675
        40.0815                  5.3130             296.7           3255.9364     3893.2200     -637.2836
        40.1334                  5.3199             302.9           3273.1518     3951.7200     -678.5682
        40.1853                  5.3269             297.6           3114.7862     3901.6800     -786.8938
        40.2372                  5.3338             278.6           3092.8601     3722.7600     -629.8999
        40.2500                  5.3355             315.8           3486.4051     4073.9400     -587.5349
        40.3018                  5.3424             304.3           3342.1054     3965.0400     -622.9346
        40.3538                  5.3494             301.9           3334.8516     3942.3600     -607.5084
        40.4058                  5.3563             306.4           3375.6310     3985.2000     -609.5690
        40.4577                  5.3632             314.7           3696.4793     4062.7800     -366.3007
        40.5095                  5.3701             308.5           3357.8116     4004.2800     -646.4684
        40.5613                  5.3771             302.5           3158.4925     3948.4800     -789.9875
        40.6133                  5.3840             287.3           3178.8421     3804.8400     -625.9979
        40.6652                  5.3909             303.2           3353.6748     3954.7800     -601.1052
        40.7170                  5.3979             309.1           3345.2947     4010.7600     -665.4653
        40.7690                  5.4048             300.7           3446.2312     3931.5600     -485.3288
        40.8209                  5.4117             312.9           3363.8623     4045.8600     -681.9977
        40.8731                  5.4186             332.6           3512.8392     4232.3400     -719.5008
        40.9251                  5.4256             295.6           3165.1272     3882.9600     -717.8328
        40.9770                  5.4325             320.7           3513.4523     4120.0200     -606.5677
        41.0289                  5.4394             319.6           3211.3799     4109.0400     -897.6601
        41.0810                  5.4463             301.3           3178.2310     3937.1400     -758.9090
        41.1329                  5.4533             305.8           3197.1263     3979.2600     -782.1337
        41.1849                  5.4602             287.9           2833.7212     3810.4200     -976.6988
        41.2369                  5.4671             299.2           3085.7640     3916.9800     -831.2160
        41.2500                  5.4689             291.0           3123.9962     3839.2200     -715.2238
        41.3020                  5.4758             290.2           2911.6937     3832.0200     -920.3263
        41.3539                  5.4827             304.4           2889.0671     3966.3000    -1077.2329
        41.4058                  5.4897             304.8           3179.2077     3969.5400     -790.3323
        41.4577                  5.4966             293.7           2848.3917     3865.1400    -1016.7483
        41.5096                  5.5035             299.4           3128.6442     3918.7800     -790.1358
        41.5616                  5.5105             306.2           3193.1573     3982.6800     -789.5227
        41.6135                  5.5174             303.2           3065.9982     3955.1400     -889.1418
        41.6655                  5.5243             288.8           3009.9382     3818.3400     -808.4018
        41.7174                  5.5312             310.7           3196.0666     4025.3400     -829.2734
        41.7692                  5.5382             299.7           3168.0407     3921.8400     -753.7993
        41.8211                  5.5451             318.4           3387.9144     4098.0600     -710.1456
        41.8731                  5.5520             326.7           3571.5666     4176.3600     -604.7934
        41.9249                  5.5589             287.5           3012.6663     3806.6400     -793.9737
        41.9769                  5.5659             313.8           3525.9017     4054.5000     -528.5983
        42.0289                  5.5728             304.5           3295.3849     3966.8400     -671.4551
        42.0810                  5.5797             317.5           3383.1563     4089.9600     -706.8037
        42.1331                  5.5867             306.0           3173.7178     3981.4200     -807.7022
        42.1852                  5.5936             333.5           3746.8572     4240.4400     -493.5828
        42.2371                  5.6005             316.1           3587.6523     4076.8200     -489.1677
        42.2500                  5.6022             314.3           3543.4430     4059.7200     -516.2770
        42.3019                  5.6091             323.2           3429.7458     4143.6000     -713.8542
        42.3539                  5.6161             295.0           3055.0254     3876.8400     -821.8146
        42.4058                  5.6230             298.1           3233.3593     3906.7200     -673.3607
        42.4577                  5.6299             315.6           3433.4220     4071.7800     -638.3580
        42.5095                  5.6369             300.0           3519.5789     3924.9000     -405.3211
        42.5613                  5.6438             294.2           3196.2831     3870.0000     -673.7169
        42.6132                  5.6507             307.1           3445.4546     3991.3200     -545.8654
        42.6651                  5.6576             310.5           3475.0439     4023.3600     -548.3161
        42.7172                  5.6646             311.8           3432.1314     4035.4200     -603.2886
        42.7692                  5.6715             309.3           3188.6582     4012.2000     -823.5418
        42.8212                  5.6784             314.4           3536.0086     4060.0800     -524.0714
        42.8733                  5.6853             329.4           3372.3498     4202.2800     -829.9302
        42.9252                  5.6923             306.8           3326.3089     3988.4400     -662.1311
        42.9771                  5.6992             314.4           3414.8540     4060.0800     -645.2260
        43.0289                  5.7061             305.0           3235.4767     3971.5200     -736.0433
        43.0809                  5.7131             310.5           3462.1452     4023.9000     -561.7548
        43.1328                  5.7200             307.7           3355.9534     3997.4400     -641.4866
        43.1847                  5.7269             299.8           3141.5247     3922.5600     -781.0353
        43.2367                  5.7338             302.0           3373.7000     3943.8000     -570.1000
        43.2500                  5.7356             324.9           3462.3059     4159.9800     -697.6741
        43.3021                  5.7425             317.9           3265.4331     4093.0200     -827.5869
        43.3541                  5.7495             328.9           3558.0561     4197.0600     -639.0039
        43.4060                  5.7564             295.0           3234.4442     3877.0200     -642.5758
        43.4580                  5.7633             295.3           2972.9876     3880.2600     -907.2724
        43.5099                  5.7703             294.0           3287.7213     3867.6600     -579.9387
        43.5618                  5.7772             327.4           3385.5440     4183.5600     -798.0160
        43.6138                  5.7841             307.4           3314.4515     3994.7400     -680.2885
        43.6658                  5.7910             312.9           3179.1089     4046.2200     -867.1111
        43.7178                  5.7980             304.5           3268.9459     3967.3800     -698.4341
        43.7695                  5.8049             306.5           3264.9220     3985.7400     -720.8180
        43.8215                  5.8118             306.4           3188.8666     3984.6600     -795.7934
        43.8734                  5.8187             293.7           3200.9244     3864.9600     -664.0356
        43.9254                  5.8257             319.0           3380.1341     4104.1800     -724.0459
        43.9774                  5.8326             309.3           3349.9846     4012.2000     -662.2154
        44.0293                  5.8395             327.6           3480.1129     4185.0000     -704.8871
        44.0812                  5.8465             305.8           3383.3087     3979.0800     -595.7713
        44.1332                  5.8534             311.1           3466.9455     4029.6600     -562.7145
        44.1851                  5.8603             323.2           3748.2677     4143.4200     -395.1523
        44.2370                  5.8672             297.0           3248.8587     3896.4600     -647.6013
        44.2500                  5.8690             297.3           3266.6829     3898.6200     -631.9371
        44.3021                  5.8759             318.9           3471.4751     4102.7400     -631.2649
        44.3539                  5.8828             295.0           3187.2026     3877.5600     -690.3574
        44.4058                  5.8897             300.2           3293.1714     3926.5200     -633.3486
        44.4579                  5.8967             302.1           3046.5274     3943.9800     -897.4526
        44.5100                  5.9036             329.5           3442.6868     4202.6400     -759.9532
        44.5619                  5.9105             298.1           3221.0054     3906.7200     -685.7146
        44.6139                  5.9175             308.4           3608.8088     4003.7400     -394.9312
        44.6660                  5.9244             295.6           3028.6507     3882.7800     -854.1293
        44.7180                  5.9313             303.4           3497.7717     3956.4000     -458.6283
        44.7700                  5.9382             296.1           3254.7290     3888.0000     -633.2710
        44.8219                  5.9452             304.9           3110.1377     3970.9800     -860.8423
        44.8739                  5.9521             270.6           2899.0539     3647.1600     -748.1061
        44.9260                  5.9590             323.9           3187.3657     4150.0800     -962.7143
        44.9779                  5.9660             304.3           3361.5769     3964.8600     -603.2831
        45.0299                  5.9729             316.4           3443.4548     4079.3400     -635.8852
        45.0819                  5.9798             315.9           3543.5300     4074.6600     -531.1300
        45.1339                  5.9867             316.7           3534.9086     4082.2200     -547.3114
        45.1858                  5.9937             278.6           3219.5163     3722.2200     -502.7037
        45.2378                  6.0006             319.9           3582.1286     4112.2800     -530.1514
        45.2500                  6.0022             310.1           3397.3261     4019.5800     -622.2539
        45.3019                  6.0092             300.6           3342.2916     3929.7600     -587.4684
        45.3537                  6.0161             285.2           3139.5040     3785.2200     -645.7160
        45.4056                  6.0230             315.4           3560.0522     4069.4400     -509.3878
        45.4577                  6.0299             309.2           3374.6830     4011.1200     -636.4370
        45.5097                  6.0369             297.2           3130.2049     3898.2600     -768.0551
        45.5616                  6.0438             304.9           3310.4855     3970.8000     -660.3145
        45.6136                  6.0507             299.7           3152.9292     3921.3000     -768.3708
        45.6654                  6.0576             314.4           3609.8962     4060.0800     -450.1838
        45.7175                  6.0646             310.0           3405.9072     4018.5000     -612.5928
        45.7695                  6.0715             297.3           3163.4737     3898.6200     -735.1463
        45.8214                  6.0784             303.6           3282.0307     3958.2000     -676.1693
        45.8734                  6.0854             321.9           3556.4913     4131.3600     -574.8687
        45.9254                  6.0923             313.1           3212.6912     4048.2000     -835.5088
        45.9775                  6.0992             313.0           3302.8656     4046.7600     -743.8944
        46.0295                  6.1061             309.8           3360.9471     4017.0600     -656.1129
        46.0816                  6.1131             315.7           3534.5030     4072.6800     -538.1770
        46.1336                  6.1200             296.1           3262.3731     3888.0000     -625.6269
        46.1855                  6.1269             302.4           3193.8415     3947.2200     -753.3785
        46.2376                  6.1339             295.9           3096.4824     3885.6600     -789.1776
        46.2500                  6.1355             288.3           3168.9214     3814.0200     -645.0986
        46.3020                  6.1424             301.6           3118.7089     3939.3000     -820.5911
        46.3540                  6.1493             310.7           3456.8278     4025.7000     -568.8722
        46.4059                  6.1563             313.5           3266.7180     4052.1600     -785.4420
        46.4579                  6.1632             318.2           3296.9950     4096.4400     -799.4450
        46.5099                  6.1701             317.9           3340.6687     4093.0200     -752.3513
        46.5617                  6.1771             317.0           3408.4755     4084.5600     -676.0845
        46.6138                  6.1840             314.2           3402.2355     4058.8200     -656.5845
        46.6657                  6.1909             303.4           3429.6298     3956.9400     -527.3102
        46.7176                  6.1978             297.5           3449.3832     3900.7800     -451.3968
        46.7694                  6.2048             301.5           3376.5269     3938.9400     -562.4131
        46.8214                  6.2117             305.7           3414.6267     3978.1800     -563.5533
        46.8733                  6.2186             289.9           3247.4445     3828.7800     -581.3355
        46.9254                  6.2256             312.1           3336.2795     4038.8400     -702.5605
        46.9773                  6.2325             323.3           3521.1898     4144.3200     -623.1302
        47.0292                  6.2394             307.9           3483.4505     3999.2400     -515.7895
        47.0811                  6.2463             302.5           3526.1955     3947.9400     -421.7445
        47.1330                  6.2533             306.5           3255.2986     3986.2800     -730.9814
        47.1849                  6.2602             304.1           3106.1237     3963.6000     -857.4763
        47.2369                  6.2671             294.4           3165.9681     3871.9800     -706.0119
        47.2500                  6.2689             303.5           3263.0392     3957.4800     -694.4408
        47.3020                  6.2758             294.2           3031.8673     3870.0000     -838.1327
        47.3541                  6.2827             310.2           3218.5991     4021.2000     -802.6009
        47.4061                  6.2896             304.7           3258.9846     3968.4600     -709.4754
        47.4582                  6.2966             299.4           3396.0253     3918.4200     -522.3947
        47.5102                  6.3035             288.0           2998.8560     3810.9600     -812.1040
        47.5621                  6.3104             303.0           3653.3330     3952.9800     -299.6470
        47.6141                  6.3173             309.8           3406.1990     4017.2400     -611.0410
        47.6659                  6.3243             308.7           3334.5322     4006.9800     -672.4478
        47.7177                  6.3312             302.8           3439.6767     3950.6400     -510.9633
        47.7696                  6.3381             299.6           3252.3586     3920.7600     -668.4014
        47.8213                  6.3451             310.3           3392.3740     4021.5600     -629.1860
        47.8732                  6.3520             293.4           3169.2768     3862.6200     -693.3432
        47.9251                  6.3589             305.9           3007.7300     3979.8000     -972.0700
        47.9770                  6.3658             313.6           3219.1287     4053.0600     -833.9313
        48.0290                  6.3728             300.9           2952.1867     3932.6400     -980.4533
        48.0809                  6.3797             318.5           3304.4548     4098.7800     -794.3252
        48.1328                  6.3866             314.7           3332.2967     4062.9600     -730.6633
        48.1848                  6.3936             302.2           3399.9164     3945.2400     -545.3236
        48.2366                  6.4005             314.7           3410.2307     4063.5000     -653.2693
        48.2500                  6.4023             288.5           3024.9707     3816.0000     -791.0293
        48.3019                  6.4092             307.0           3259.0956     3990.4200     -731.3244
        48.3538                  6.4161             316.6           3344.0583     4081.1400     -737.0817
        48.4058                  6.4230             317.7           3456.8299     4091.4000     -634.5701
        48.4577                  6.4300             295.4           3302.9113     3880.8000     -577.8887
        48.5096                  6.4369             300.8           3214.4944     3932.1000     -717.6056
        48.5616                  6.4438             308.6           3400.7667     4005.3600     -604.5933
        48.6137                  6.4508             298.4           3052.4748     3909.6000     -857.1252
        48.6656                  6.4577             306.0           3532.6575     3980.8800     -448.2225
        48.7176                  6.4646             301.2           3198.9707     3936.0600     -737.0893
        48.7694                  6.4715             309.3           3229.6451     4012.3800     -782.7349
        48.8214                  6.4785             305.0           3046.8425     3971.5200     -924.6775
        48.8733                  6.4854             321.7           3282.7129     4129.7400     -847.0271
        48.9252                  6.4923             314.9           3187.1974     4064.9400     -877.7426
        48.9771                  6.4993             308.0           3274.0096     4000.3200     -726.3104
        49.0291                  6.5062             302.0           3170.9694     3943.0800     -772.1106
        49.0811                  6.5131             319.2           3304.4981     4105.2600     -800.7619
        49.1331                  6.5200             299.9           3266.7684     3923.4600     -656.6916
        49.1850                  6.5270             325.9           3224.7785     4169.3400     -944.5615
        49.2369                  6.5339             312.7           3488.2680     4044.0600     -555.7920
        49.2500                  6.5356             292.7           3104.3475     3855.7800     -751.4325
        49.3021                  6.5426             299.4           2948.3609     3918.6000     -970.2391
        49.3541                  6.5495             304.6           3037.7473     3967.9200     -930.1727
        49.4060                  6.5564             301.2           3318.4517     3935.8800     -617.4283
        49.4579                  6.5633             319.5           3435.1408     4108.8600     -673.7192
        49.5099                  6.5703             292.9           3245.4459     3857.9400     -612.4941
        49.5619                  6.5772             314.2           3114.3734     4058.8200     -944.4466
        49.6138                  6.5841             325.3           3560.1328     4162.8600     -602.7272
        49.6657                  6.5911             306.7           3325.2657     3987.7200     -662.4543
        49.7176                  6.5980             294.5           3274.6292     3872.8800     -598.2508
        49.7696                  6.6049             312.4           3358.3469     4041.3600     -683.0131
        49.8216                  6.6118             305.4           3217.8891     3975.3000     -757.4109
        49.8736                  6.6188             320.3           3725.8136     4116.0600     -390.2464
        49.9255                  6.6257             307.1           3450.3434     3991.6800     -541.3366
        49.9774                  6.6326             299.2           2908.3917     3917.3400    -1008.9483
        50.0295                  6.6395             309.3           3506.0610     4011.8400     -505.7790
        50.0815                  6.6465             332.2           3610.9508     4228.0200     -617.0692
        50.1334                  6.6534             304.2           3134.9231     3963.7800     -828.8569
        50.1853                  6.6603             314.5           3551.0900     4061.3400     -510.2500
        50.2373                  6.6673             307.2           3268.3541     3992.4000     -724.0459
        50.2500                  6.6690             288.3           3086.2774     3813.8400     -727.5626
        50.3021                  6.6759             306.7           3216.8579     3988.0800     -771.2221
        50.3541                  6.6828             305.7           3353.2658     3977.8200     -624.5542
        50.4060                  6.6897             309.1           3156.9439     4010.0400     -853.0961
        50.4580                  6.6967             304.3           3077.7194     3965.0400     -887.3206
        50.5100                  6.7036             313.5           3502.0157     4051.9800     -549.9643
        50.5622                  6.7105             317.2           3485.6013     4086.7200     -601.1187
        50.6141                  6.7174             302.5           3384.7212     3947.9400     -563.2188
        50.6663                  6.7244             318.9           3461.5363     4102.9200     -641.3837
        50.7181                  6.7313             314.9           3686.7127     4065.3000     -378.5873
        50.7700                  6.7382             315.0           3500.8943     4066.3800     -565.4857
        50.8220                  6.7452             308.5           3440.3552     4005.0000     -564.6448
        50.8739                  6.7521             297.0           3372.5485     3896.6400     -524.0915
        50.9258                  6.7590             302.8           3424.2677     3950.8200     -526.5523
        50.9777                  6.7659             306.1           3273.3593     3981.6000     -708.2407
        51.0298                  6.7729             313.3           3489.7917     4049.6400     -559.8483
        51.0817                  6.7798             301.9           3361.2683     3942.0000     -580.7317
        51.1336                  6.7867             282.5           3388.6078     3758.9400     -370.3322
        51.1855                  6.7937             304.5           3226.5439     3966.6600     -740.1161
        51.2376                  6.8006             295.9           3131.2536     3886.2000     -754.9464
        51.2500                  6.8022             297.2           3412.4177     3898.0800     -485.6623
        51.3019                  6.8092             309.3           3534.2990     4012.2000     -477.9010
        51.3538                  6.8161             300.8           3359.4482     3932.2800     -572.8318
        51.4057                  6.8230             303.7           3442.4277     3959.6400     -517.2123
        51.4578                  6.8299             302.4           3183.3614     3946.8600     -763.4986
        51.5098                  6.8369             326.3           3424.4506     4173.1200     -748.6694
        51.5618                  6.8438             311.2           3537.6723     4030.2000     -492.5277
        51.6137                  6.8507             301.4           3382.1246     3937.8600     -555.7354
        51.6657                  6.8577             311.7           3403.0915     4035.2400     -632.1485
        51.7177                  6.8646             307.3           3462.6108     3993.8400     -531.2292
        51.7696                  6.8715             313.7           3321.8483     4053.7800     -731.9317
        51.8215                  6.8784             301.9           3010.3428     3942.7200     -932.3772
        51.8734                  6.8854             311.6           3111.2443     4034.3400     -923.0957
        51.9253                  6.8923             315.1           3219.8237     4066.7400     -846.9163
        51.9772                  6.8992             300.2           3018.1239     3926.7000     -908.5761
        52.0292                  6.9061             302.3           3112.1903     3946.5000     -834.3097
        52.0811                  6.9131             302.5           3015.8154     3947.7600     -931.9446
        52.1330                  6.9200             301.3           3092.5960     3936.6000     -844.0040
        52.1849                  6.9269             299.3           3316.6212     3917.5200     -600.8988
        52.2370                  6.9339             322.8           3517.5021     4139.8200     -622.3179
        52.2500                  6.9356             303.4           3341.3292     3956.2200     -614.8908
        52.3020                  6.9425             312.6           3297.3042     4042.9800     -745.6758
        52.3539                  6.9495             306.9           3028.4469     3989.7000     -961.2531
        52.4060                  6.9564             320.0           3218.2549     4112.8200     -894.5651
        52.4580                  6.9633             306.7           3314.7019     3987.7200     -673.0181
        52.5099                  6.9702             309.5           3191.5672     4014.3600     -822.7928
        52.5618                  6.9772             304.6           3281.1774     3967.7400     -686.5626
        52.6137                  6.9841             301.1           3208.8609     3934.9800     -726.1191
        52.6657                  6.9910             286.6           3271.8990     3797.6400     -525.7410
        52.7176                  6.9979             316.1           3307.9673     4076.1000     -768.1327
        52.7696                  7.0049             302.4           3142.3279     3947.5800     -805.2521
        52.8216                  7.0118             306.8           3399.0152     3988.4400     -589.4248
        52.8735                  7.0187             306.0           3599.5943     3980.7000     -381.1057
        52.9255                  7.0257             318.6           3256.2861     4100.2200     -843.9339
        52.9776                  7.0326             302.4           3111.1007     3946.8600     -835.7593
        53.0295                  7.0395             297.9           3211.3346     3904.5600     -693.2254
        53.0815                  7.0464             295.8           3046.9636     3885.1200     -838.1564
        53.1335                  7.0534             319.5           3494.3120     4108.3200     -614.0080
        53.1854                  7.0603             313.6           3536.1266     4053.2400     -517.1134
        53.2374                  7.0672             305.3           3386.0427     3974.7600     -588.7173
        53.2500                  7.0689             301.5           3267.5212     3938.7600     -671.2388
        53.3020                  7.0758             307.7           3306.5091     3996.9000     -690.3909
        53.3540                  7.0828             306.7           3329.5478     3988.0800     -658.5322
        53.4060                  7.0897             303.0           3372.1794     3952.6200     -580.4406
        53.4579                  7.0966             313.5           3475.1867     4052.1600     -576.9733
        53.5100                  7.1035             324.0           3515.9263     4150.6200     -634.6937
        53.5620                  7.1105             304.1           3349.2255     3963.0600     -613.8345
        53.6138                  7.1174             307.4           3178.4490     3994.2000     -815.7510
        53.6658                  7.1243             328.1           3568.4168     4189.3200     -620.9032
        53.7178                  7.1313             310.1           3397.0922     4019.9400     -622.8478
        53.7696                  7.1382             301.4           3376.5973     3937.5000     -560.9027
        53.8215                  7.1451             302.4           3332.8488     3947.2200     -614.3712
        53.8734                  7.1520             309.4           3500.5091     4013.1000     -512.5909
        53.9253                  7.1590             302.1           3427.4169     3943.9800     -516.5631
        53.9772                  7.1659             295.2           3304.7173     3878.8200     -574.1027
        54.0291                  7.1728             291.3           3392.3535     3842.6400     -450.2865
        54.0809                  7.1797             305.3           3428.1285     3974.4000     -546.2715
        54.1330                  7.1867             298.3           3308.4130     3908.5200     -600.1070
        54.1849                  7.1936             320.3           3607.6752     4116.4200     -508.7448
        54.2369                  7.2005             304.1           3154.3863     3963.4200     -809.0337
        54.2500                  7.2023             313.4           3402.2557     4050.9000     -648.6443
        54.3020                  7.2092             323.5           3643.2296     4146.1200     -502.8904
        54.3540                  7.2161             284.2           3264.0233     3775.5000     -511.4767
        54.4061                  7.2231             308.3           3536.4263     4002.8400     -466.4137
        54.4580                  7.2300             305.0           3533.0954     3971.5200     -438.4246
        54.5099                  7.2369             295.7           3167.3588     3884.2200     -716.8612
        54.5619                  7.2438             320.9           3059.0270     4121.4600    -1062.4330
        54.6139                  7.2508             299.9           3066.2332     3923.1000     -856.8668
        54.6660                  7.2577             319.3           3429.2124     4106.7000     -677.4876
        54.7180                  7.2646             311.7           3382.1128     4034.7000     -652.5872
        54.7699                  7.2716             306.5           3150.2775     3986.1000     -835.8225
        54.8219                  7.2785             317.7           3583.9631     4091.4000     -507.4369
        54.8737                  7.2854             297.2           3222.8512     3898.2600     -675.4088
        54.9256                  7.2923             322.2           3620.2177     4133.7000     -513.4823
        54.9776                  7.2993             311.3           3276.3481     4031.1000     -754.7519
        55.0296                  7.3062             298.3           3254.3532     3907.9800     -653.6268
        55.0815                  7.3131             305.6           3333.9786     3977.6400     -643.6614
        55.1334                  7.3201             299.9           3434.1563     3923.2800     -489.1237
        55.1853                  7.3270             316.2           3397.1158     4077.5400     -680.4242
        55.2372                  7.3339             296.5           3268.0069     3891.2400     -623.2331
        55.2500                  7.3356             301.3           3209.0932     3936.4200     -727.3268
        55.3020                  7.3425             299.4           3405.8688     3918.6000     -512.7312
        55.3539                  7.3495             292.5           3202.1624     3853.4400     -651.2776
        55.4059                  7.3564             320.4           3353.2616     4116.9600     -763.6984
        55.4579                  7.3633             313.2           3472.9502     4048.9200     -575.9698
        55.5099                  7.3703             310.2           3328.4734     4020.6600     -692.1866
        55.5618                  7.3772             313.5           3476.5971     4052.1600     -575.5629
        55.6138                  7.3841             322.1           3522.9385     4132.8000     -609.8615
        55.6656                  7.3910             303.5           3275.0419     3957.4800     -682.4381
        55.7176                  7.3980             308.1           3457.5206     4000.6800     -543.1594
        55.7696                  7.4049             303.4           3313.3614     3956.4000     -643.0386
        55.8216                  7.4118             297.2           3118.5914     3898.0800     -779.4886
        55.8735                  7.4188             300.0           3451.0578     3924.9000     -473.8422
        55.9254                  7.4257             307.7           3342.1623     3996.9000     -654.7377
        55.9774                  7.4326             295.2           3304.1309     3878.8200     -574.6891
        56.0293                  7.4395             338.7           3692.2611     4289.7600     -597.4989
        56.0812                  7.4465             304.0           3398.4487     3962.7000     -564.2513
        56.1332                  7.4534             295.7           3361.1073     3883.6800     -522.5727
        56.1851                  7.4603             296.4           3198.5241     3890.5200     -691.9959
        56.2369                  7.4672             303.8           3339.5763     3960.0000     -620.4237
        56.2500                  7.4690             315.0           3635.5574     4066.0200     -430.4626
        56.3018                  7.4759             305.1           3347.5552     3972.9600     -625.4048
        56.3536                  7.4828             325.3           3620.6856     4163.2200     -542.5344
        56.4055                  7.4898             315.3           3432.9135     4069.2600     -636.3465
        56.4573                  7.4967             308.7           3310.9274     4006.9800     -696.0526
        56.5093                  7.5036             306.6           3332.2804     3987.1800     -654.8996
        56.5614                  7.5106             328.3           3525.5231     4191.3000     -665.7769
        56.6134                  7.5175             311.8           3264.7930     4035.9600     -771.1670
        56.6654                  7.5244             315.3           3291.8100     4069.2600     -777.4500
        56.7174                  7.5313             305.2           3262.4277     3973.3200     -710.8923
        56.7694                  7.5383             313.4           3495.1729     4050.7200     -555.5471
        56.8213                  7.5452             309.4           3179.6493     4013.4600     -833.8107
        56.8732                  7.5521             296.1           3115.6744     3888.0000     -772.3256
        56.9250                  7.5591             314.7           3358.7306     4063.1400     -704.4094
        56.9771                  7.5660             315.4           3465.8456     4069.6200     -603.7744
        57.0291                  7.5729             310.2           3318.8545     4020.3000     -701.4455
        57.0812                  7.5798             288.3           2913.5103     3814.2000     -900.6897
        57.1333                  7.5868             313.5           3323.4466     4051.8000     -728.3534
        57.1852                  7.5937             294.3           3348.5674     3871.0800     -522.5126
        57.2372                  7.6006             324.2           3535.6533     4153.1400     -617.4867
        57.2500                  7.6023             314.6           3306.7124     4062.4200     -755.7076
        57.3019                  7.6093             302.6           3298.8328     3948.8400     -650.0072
        57.3538                  7.6162             308.4           3369.8281     4003.7400     -633.9119
        57.4057                  7.6231             307.6           3298.2677     3996.0000     -697.7323
        57.4577                  7.6300             315.4           3521.1697     4069.8000     -548.6303
        57.5096                  7.6370             282.4           3211.5670     3758.4000     -546.8330
        57.5614                  7.6439             279.4           3067.1944     3730.1400     -662.9456
        57.6132                  7.6508             314.4           3545.9329     4060.6200     -514.6871
        57.6652                  7.6577             306.8           3387.8451     3988.9800     -601.1349
        57.7172                  7.6647             325.4           3465.8255     4164.3000     -698.4745
        57.7691                  7.6716             297.0           3227.1899     3896.2800     -669.0901
        57.8210                  7.6785             308.7           3298.3363     4006.8000     -708.4637
        57.8730                  7.6855             294.5           3040.6993     3872.5200     -831.8207
        57.9251                  7.6924             302.0           3295.1614     3943.2600     -648.0986
        57.9770                  7.6993             304.8           3206.9805     3969.3600     -762.3795
        58.0290                  7.7062             302.2           3260.7020     3945.6000     -684.8980
        58.0810                  7.7132             301.4           3355.0351     3937.3200     -582.2849
        58.1330                  7.7201             295.5           3271.0128     3881.8800     -610.8672
        58.1849                  7.7270             311.2           3501.9304     4030.3800     -528.4496
        58.2368                  7.7340             287.6           3192.9741     3807.9000     -614.9259
        58.2500                  7.7357             308.1           3297.5870     4001.2200     -703.6330
        58.3019                  7.7426             290.6           3260.5115     3835.6200     -575.1085
        58.3538                  7.7496             290.1           3314.3410     3831.4800     -517.1390
        58.4057                  7.7565             295.4           3492.2643     3881.1600     -388.8957
        58.4576                  7.7634             319.0           3260.8391     4104.1800     -843.3409
        58.5096                  7.7704             289.0           3091.7611     3820.8600     -729.0989
        58.5617                  7.7773             327.1           3340.2081     4180.5000     -840.2919
        58.6138                  7.7842             318.8           3350.7157     4102.0200     -751.3043
        58.6657                  7.7911             312.4           3366.6382     4041.3600     -674.7218
        58.7177                  7.7981             299.1           3131.5346     3916.0800     -784.5454
        58.7697                  7.8050             303.8           3105.2524     3960.1800     -854.9276
        58.8218                  7.8119             304.3           3292.9912     3965.0400     -672.0488
        58.8738                  7.8189             314.7           3459.8134     4062.7800     -602.9666
        58.9257                  7.8258             303.2           3427.2784     3954.2400     -526.9616
        58.9775                  7.8327             308.9           3358.2117     4008.4200     -650.2083
        59.0293                  7.8396             295.7           3199.6278     3883.5000     -683.8722
        59.0813                  7.8466             311.1           3356.8532     4029.1200     -672.2668
        59.1333                  7.8535             308.6           3494.6526     4006.0800     -511.4274
        59.1853                  7.8604             293.0           3216.5833     3858.6600     -642.0767
        59.2373                  7.8673             308.6           3201.4110     4005.5400     -804.1290
        59.2500                  7.8690             301.9           3270.4333     3942.0000     -671.5667
        59.3019                  7.8760             295.3           3338.9852     3879.9000     -540.9148
        59.3539                  7.8829             314.6           3294.8460     4061.8800     -767.0340
        59.4059                  7.8898             318.2           3316.1791     4095.9000     -779.7209
        59.4578                  7.8967             309.8           3512.8711     4017.4200     -504.5489
        59.5097                  7.9037             316.1           3523.6808     4076.4600     -552.7792
        59.5617                  7.9106             289.4           3265.9381     3824.8200     -558.8819
        59.6135                  7.9175             313.1           3484.1953     4048.5600     -564.3647
        59.6656                  7.9244             295.9           3231.1187     3885.4800     -654.3613
        59.7175                  7.9314             300.3           3277.1344     3927.0600     -649.9256
        59.7694                  7.9383             302.6           3128.1691     3948.8400     -820.6709
        59.8214                  7.9452             299.1           3047.8727     3916.2600     -868.3873
        59.8733                  7.9522             307.6           3427.2152     3995.8200     -568.6048
        59.9253                  7.9591             292.0           3162.1604     3848.7600     -686.5996
        59.9772                  7.9660             309.7           3344.5724     4015.6200     -671.0476
        60.0291                  7.9729             293.9           3433.2560     3867.3000     -434.0440
        60.0810                  7.9799             330.0           3617.0183     4207.8600     -590.8417
        60.1329                  7.9868             316.4           3499.8843     4079.5200     -579.6357
        60.1848                  7.9937             328.4           3475.5200     4192.5600     -717.0400
        60.2369                  8.0007             317.6           3364.5603     4090.6800     -726.1197
        60.2500                  8.0024             316.2           3419.4286     4077.7200     -658.2914
        60.3019                  8.0093             309.2           3397.1899     4011.1200     -613.9301
        60.3537                  8.0163             296.2           3299.3165     3888.1800     -588.8635
        60.4055                  8.0232             314.2           3405.2301     4058.8200     -653.5899
        60.4572                  8.0301             296.6           3281.6617     3892.3200     -610.6583
        60.5092                  8.0370             298.7           3378.2384     3912.6600     -534.4216
        60.5611                  8.0440             328.1           3644.7277     4189.5000     -544.7723
        60.6130                  8.0509             310.6           3317.5133     4024.9800     -707.4667
        60.6650                  8.0578             306.3           3322.4741     3983.7600     -661.2859
        60.7170                  8.0648             320.3           3453.6146     4116.4200     -662.8054
        60.7691                  8.0717             300.0           3114.9304     3924.1800     -809.2496
        60.8210                  8.0786             315.1           3370.3865     4066.7400     -696.3535
        60.8730                  8.0855             325.0           3391.6762     4160.1600     -768.4838
        60.9249                  8.0925             313.5           3478.8693     4051.8000     -572.9307
        60.9769                  8.0994             311.1           3064.0611     4029.4800     -965.4189
        61.0290                  8.1063             301.9           3203.4766     3942.3600     -738.8834
        61.0810                  8.1132             305.1           3251.6174     3972.2400     -720.6226
        61.1329                  8.1202             308.3           3266.6078     4002.8400     -736.2322
        61.1850                  8.1271             313.9           3404.6940     4055.4000     -650.7060
        61.2368                  8.1340             306.6           3330.6058     3986.4600     -655.8542
        61.2500                  8.1358             321.6           3449.3774     4128.6600     -679.2826
        61.3020                  8.1427             300.0           3276.3988     3924.5400     -648.1412
        61.3541                  8.1497             296.3           3072.5823     3889.2600     -816.6777
        61.4063                  8.1566             294.1           3114.0610     3868.7400     -754.6790
        61.4582                  8.1635             295.7           3464.7813     3883.5000     -418.7187
        61.5103                  8.1704             310.7           3323.8863     4025.5200     -701.6337
        61.5622                  8.1774             311.2           3301.9240     4030.3800     -728.4560
        61.6142                  8.1843             298.4           3279.7086     3909.2400     -629.5314
        61.6661                  8.1912             314.2           3481.4119     4058.6400     -577.2281
        61.7181                  8.1981             309.3           3448.3981     4012.7400     -564.3419
        61.7701                  8.2051             305.8           3203.0984     3978.9000     -775.8016
        61.8223                  8.2120             305.8           3121.9895     3979.0800     -857.0905
        61.8743                  8.2189             313.5           3486.2128     4052.1600     -565.9472
        61.9262                  8.2259             278.2           3266.1768     3718.8000     -452.6232
        61.9780                  8.2328             302.2           3417.6908     3945.0600     -527.3692
        62.0299                  8.2397             333.3           3670.3925     4238.8200     -568.4275
        62.0820                  8.2466             306.4           3256.2499     3984.4800     -728.2301
        62.1341                  8.2536             325.4           3611.7069     4164.6600     -552.9531
        62.1859                  8.2605             298.3           3283.3235     3908.3400     -625.0165
        62.2377                  8.2674             314.8           3490.6889     4064.0400     -573.3511
        62.2500                  8.2691             299.3           3256.0036     3917.7000     -661.6964
        62.3019                  8.2760             290.7           3095.2619     3836.3400     -741.0781
        62.3538                  8.2829             317.7           3612.6990     4091.7600     -479.0610
        62.4057                  8.2898             312.5           3591.5096     4042.8000     -451.2904
        62.4576                  8.2968             303.0           3323.0967     3952.8000     -629.7033
        62.5094                  8.3037             303.5           3388.5876     3957.1200     -568.5324
        62.5614                  8.3106             315.4           3363.7111     4069.6200     -705.9089
        62.6134                  8.3176             306.0           3211.1571     3981.2400     -770.0829
        62.6654                  8.3245             319.3           3575.5141     4106.3400     -530.8259
        62.7174                  8.3314             329.7           3264.9381     4204.6200     -939.6819
        62.7695                  8.3383             303.0           3013.5848     3952.9800     -939.3952
        62.8216                  8.3453             296.1           3194.0502     3887.4600     -693.4098
        62.8735                  8.3522             321.9           3448.9274     4131.5400     -682.6126
        62.9255                  8.3591             308.2           3220.8275     4001.5800     -780.7525
        62.9774                  8.3660             306.2           3311.0330     3983.2200     -672.1870
        63.0292                  8.3730             317.9           3359.7882     4093.0200     -733.2318
        63.0810                  8.3799             317.6           3593.6951     4090.6800     -496.9849
        63.1330                  8.3868             298.1           3065.2599     3906.5400     -841.2801
        63.1851                  8.3938             314.6           2998.8386     4062.6000    -1063.7614
        63.2372                  8.4007             311.2           3010.2798     4030.0200    -1019.7402
        63.2500                  8.4024             308.8           2996.1588     4007.1600    -1011.0012
        63.3021                  8.4093             297.5           2955.1025     3900.9600     -945.8575
        63.3540                  8.4162             299.2           3024.7424     3917.1600     -892.4176
        63.4059                  8.4232             298.7           3042.1539     3912.4800     -870.3261
        63.4579                  8.4301             306.0           3223.9551     3981.0600     -757.1049
        63.5099                  8.4370             304.1           3567.1877     3963.0600     -395.8723
        63.5619                  8.4440             313.0           3344.8945     4047.6600     -702.7655
        63.6138                  8.4509             305.7           3417.2627     3978.3600     -561.0973
        63.6658                  8.4578             330.7           3606.1208     4214.5200     -608.3992
        63.7177                  8.4647             309.3           3258.9996     4012.2000     -753.2004
        63.7695                  8.4717             304.5           3436.1658     3967.3800     -531.2142
        63.8214                  8.4786             316.7           3574.2741     4082.2200     -507.9459
        63.8732                  8.4855             294.9           3110.6352     3876.4800     -765.8448
        63.9252                  8.4924             319.8           3416.0320     4111.3800     -695.3480
        63.9771                  8.4994             314.3           3620.0327     4059.5400     -439.5073
        64.0289                  8.5063             313.8           3500.9204     4054.8600     -553.9396
        64.0809                  8.5132             302.0           3391.0977     3943.0800     -551.9823
        64.1329                  8.5202             311.0           3530.1848     4028.4000     -498.2152
        64.1848                  8.5271             313.8           3447.2685     4055.0400     -607.7715
        64.2370                  8.5340             313.5           3548.3117     4051.8000     -503.4883
        64.2500                  8.5358             324.3           3734.2913     4153.6800     -419.3887
        64.3019                  8.5427             302.4           3223.3868     3947.4000     -724.0132
        64.3537                  8.5496             306.0           3282.1244     3980.8800     -698.7556
        64.4057                  8.5565             314.7           3377.9711     4063.5000     -685.5289
        64.4576                  8.5635             290.5           3067.9776     3834.3600     -766.3824
        64.5095                  8.5704             286.6           3179.6413     3798.3600     -618.7187
        64.5614                  8.5773             311.3           3301.2305     4031.2800     -730.0495
        64.6134                  8.5842             318.9           3337.8920     4103.2800     -765.3880
        64.6653                  8.5912             294.4           3245.8674     3871.2600     -625.3926
        64.7172                  8.5981             302.2           3309.4118     3945.2400     -635.8282
        64.7691                  8.6050             312.6           3345.0244     4042.9800     -697.9556
        64.8211                  8.6120             304.1           3180.4533     3963.2400     -782.7867
        64.8731                  8.6189             305.1           3311.0646     3972.4200     -661.3554
        64.9251                  8.6258             297.1           3089.3326     3896.8200     -807.4874
        64.9771                  8.6327             317.0           3451.9669     4084.7400     -632.7731
        65.0291                  8.6397             317.8           3519.2057     4092.4800     -573.2743
        65.0810                  8.6466             291.6           3384.6969     3845.3400     -460.6431
        65.1328                  8.6535             297.4           3115.9513     3900.2400     -784.2887
        65.1848                  8.6604             323.4           3738.3967     4145.4000     -407.0033
        65.2367                  8.6674             295.8           3195.3288     3884.9400     -689.6112
        65.2500                  8.6691             311.6           3489.7156     4033.8000     -544.0844
        65.3018                  8.6761             303.2           3407.2029     3954.9600     -547.7571
        65.3538                  8.6830             305.9           3483.6391     3980.1600     -496.5209
        65.4056                  8.6899             318.4           3430.1235     4098.4200     -668.2965
        65.4574                  8.6969             317.9           3448.9500     4093.7400     -644.7900
        65.5094                  8.7038             293.5           3115.1604     3863.1600     -747.9996
        65.5613                  8.7107             311.7           3380.7010     4035.0600     -654.3590
        65.6132                  8.7176             303.5           3215.8945     3957.6600     -741.7655
        65.6651                  8.7246             304.4           3446.8298     3966.1200     -519.2902
        65.7170                  8.7315             294.6           3144.8184     3873.9600     -729.1416
        65.7688                  8.7384             322.9           3338.8101     4140.7200     -801.9099
        65.8208                  8.7454             322.1           3429.4798     4133.5200     -704.0402
        65.8726                  8.7523             314.3           3419.5443     4059.1800     -639.6357
        65.9244                  8.7592             304.8           3402.4869     3970.2600     -567.7731
        65.9762                  8.7661             301.4           3340.1200     3937.6800     -597.5600
        66.0281                  8.7731             319.0           3269.8647     4104.0000     -834.1353
        66.0801                  8.7800             321.4           3040.9225     4126.8600    -1085.9375
        66.1321                  8.7869             319.4           2988.9326     4107.2400    -1118.3074
        66.1842                  8.7938             289.3           3064.4404     3823.3800     -758.9396
        66.2361                  8.8008             295.6           3189.0985     3882.6000     -693.5015
        66.2500                  8.8026             315.0           3376.5611     4065.8400     -689.2789
        66.3019                  8.8096             307.9           3317.7590     3999.2400     -681.4810
        66.3538                  8.8165             285.2           2770.2429     3784.8600    -1014.6171
        66.4057                  8.8234             322.1           3093.9867     4132.8000    -1038.8133
        66.4575                  8.8303             282.9           2766.1955     3762.7200     -996.5245
        66.5093                  8.8373             306.9           3228.3684     3989.8800     -761.5116
        66.5611                  8.8442             321.6           3195.8601     4128.4800     -932.6199
        66.6132                  8.8511             316.5           3132.6360     4080.0600     -947.4240
        66.6651                  8.8581             302.6           3167.6502     3949.2000     -781.5498
        66.7171                  8.8650             301.7           3089.9760     3940.9200     -850.9440
        66.7692                  8.8719             295.6           3173.8121     3882.7800     -708.9679
        66.8213                  8.8788             323.3           3383.9851     4144.6800     -760.6949
        66.8734                  8.8858             314.6           3272.8141     4062.4200     -789.6059
        66.9252                  8.8927             304.9           3178.8433     3970.8000     -791.9567
        66.9773                  8.8996             311.8           3267.9240     4036.3200     -768.3960
        67.0294                  8.9066             311.3           3214.6075     4031.2800     -816.6725
        67.0813                  8.9135             312.4           3271.9174     4041.7200     -769.8026
        67.1332                  8.9204             300.0           3147.6190     3924.5400     -776.9210
        67.1852                  8.9273             310.4           3426.3630     4022.6400     -596.2770
        67.2372                  8.9343             307.3           3455.8242     3992.9400     -537.1158
        67.2500                  8.9360             296.1           3272.0223     3887.4600     -615.4377
        67.3019                  8.9429             311.3           3507.5473     4030.9200     -523.3727
        67.3539                  8.9498             299.0           3397.6565     3915.1800     -517.5235
        67.4059                  8.9568             321.9           3207.8402     4131.5400     -923.6998
        67.4579                  8.9637             309.7           3400.9746     4015.6200     -614.6454
        67.5098                  8.9706             292.1           3224.3048     3849.8400     -625.5352
        67.5618                  8.9775             308.6           3350.7886     4005.5400     -654.7514
        67.6137                  8.9845             293.2           3216.5644     3860.6400     -644.0756
        67.6658                  8.9914             304.0           3239.0638     3962.3400     -723.2762
        67.7177                  8.9983             300.5           3176.8978     3929.5800     -752.6822
        67.7696                  9.0053             298.3           3232.7065     3908.3400     -675.6335
        67.8216                  9.0122             320.8           3569.9581     4120.5600     -550.6019
        67.8735                  9.0191             307.2           3337.5561     3992.4000     -654.8439
        67.9255                  9.0260             305.8           3525.1322     3978.9000     -453.7678
        67.9773                  9.0330             323.6           3552.5459     4146.8400     -594.2941
        68.0293                  9.0399             307.9           3219.5756     3999.2400     -779.6644
        68.0812                  9.0468             311.5           3557.8222     4032.7200     -474.8978
        68.1331                  9.0537             322.5           3369.2957     4137.3000     -768.0043
        68.1851                  9.0607             281.8           2957.7024     3752.2800     -794.5776
        68.2371                  9.0676             311.6           3363.1731     4033.9800     -670.8069
        68.2500                  9.0693             313.5           3349.0118     4052.3400     -703.3282
        68.3020                  9.0763             312.5           3465.9004     4042.0800     -576.1796
        68.3539                  9.0832             313.9           3506.0220     4055.7600     -549.7380
        68.4058                  9.0901             320.5           3604.7082     4118.4000     -513.6918
        68.4577                  9.0970             302.9           3480.1231     3951.5400     -471.4169
        68.5094                  9.1040             293.2           3306.2243     3859.9200     -553.6957
        68.5614                  9.1109             304.4           3438.9867     3965.5800     -526.5933
        68.6134                  9.1178             319.2           3478.2189     4105.6200     -627.4011
        68.6653                  9.1248             309.0           3475.6546     4009.3200     -533.6654
        68.7172                  9.1317             304.2           3241.8979     3963.7800     -721.8821
        68.7692                  9.1386             313.5           3270.7343     4051.4400     -780.7057
        68.8211                  9.1455             307.4           3024.8016     3994.0200     -969.2184
        68.8731                  9.1525             318.1           3329.9567     4095.3600     -765.4033
        68.9252                  9.1594             299.7           3174.0914     3921.3000     -747.2086
        68.9772                  9.1663             294.6           3074.1364     3873.7800     -799.6436
        69.0292                  9.1732             281.3           2960.7539     3747.7800     -787.0261
        69.0812                  9.1802             329.2           3399.4751     4199.9400     -800.4649
        69.1330                  9.1871             317.3           3406.3852     4087.4400     -681.0548
        69.1849                  9.1940             314.8           3373.9993     4063.8600     -689.8607
        69.2369                  9.2010             314.6           3331.1956     4061.8800     -730.6844
        69.2500                  9.2027             324.3           3253.4112     4153.8600     -900.4488
        69.3019                  9.2096             307.8           3158.0465     3997.9800     -839.9335
        69.3537                  9.2166             314.8           3569.1040     4064.4000     -495.2960
        69.4057                  9.2235             320.1           3256.0061     4114.0800     -858.0739
        69.4577                  9.2304             300.8           3244.6231     3932.2800     -687.6569
        69.5096                  9.2373             298.8           3059.5633     3913.0200     -853.4567
        69.5616                  9.2443             303.2           3329.6689     3954.2400     -624.5711
        69.6137                  9.2512             321.2           3429.6621     4125.0600     -695.3979
        69.6656                  9.2581             296.4           3344.4863     3890.8800     -546.3937
        69.7176                  9.2651             314.4           3536.5064     4060.4400     -523.9336
        69.7695                  9.2720             311.5           3380.2900     4033.2600     -652.9700
        69.8214                  9.2789             311.6           3300.5860     4034.1600     -733.5740
        69.8733                  9.2858             311.4           3528.6691     4032.1800     -503.5109
        69.9251                  9.2928             317.2           3522.0087     4087.2600     -565.2513
        69.9770                  9.2997             293.6           3091.7755     3864.4200     -772.6445
        70.0291                  9.3066             308.0           3331.3547     3999.6000     -668.2453
        70.0809                  9.3135             303.0           3311.4162     3953.1600     -641.7438
        70.1329                  9.3205             292.8           3136.3412     3856.8600     -720.5188
        70.1849                  9.3274             301.3           3221.6231     3936.6000     -714.9769
        70.2368                  9.3343             319.7           3484.8381     4110.4800     -625.6419
        70.2500                  9.3361             316.8           3354.3865     4083.1200     -728.7335
        70.3020                  9.3430             316.7           3553.3689     4082.2200     -528.8511
        70.3539                  9.3499             308.1           3632.8336     4001.0400     -368.2064
        70.4059                  9.3569             314.5           3636.0291     4061.3400     -425.3109
        70.4580                  9.3638             307.5           3307.7775     3995.2800     -687.5025
        70.5098                  9.3707             309.7           3715.7286     4016.3400     -300.6114
        70.5618                  9.3777             313.8           3441.5926     4055.0400     -613.4474
        70.6138                  9.3846             299.8           3274.1096     3922.9200     -648.8104
        70.6655                  9.3915             298.1           3267.4976     3906.1800     -638.6824
        70.7174                  9.3984             308.7           3548.0340     4006.9800     -458.9460
        70.7693                  9.4054             303.5           3362.6476     3957.8400     -595.1924
        70.8212                  9.4123             287.6           3108.3009     3807.3600     -699.0591
        70.8730                  9.4192             290.0           3125.6986     3830.0400     -704.3414
        70.9250                  9.4261             311.9           3291.6287     4036.6800     -745.0513
        70.9770                  9.4331             317.8           3399.5227     4092.4800     -692.9573
        71.0288                  9.4400             311.6           3280.3888     4034.3400     -753.9512
        71.0807                  9.4469             316.9           3266.3366     4084.0200     -817.6834
        71.1327                  9.4539             303.7           3373.6641     3959.2800     -585.6159
        71.1847                  9.4608             295.5           3200.3624     3882.4200     -682.0576
        71.2366                  9.4677             314.0           3490.2405     4056.4800     -566.2395
        71.2500                  9.4695             307.3           3352.1561     3993.4800     -641.3239
        71.3021                  9.4764             300.6           2973.0469     3929.9400     -956.8931
        71.3542                  9.4834             318.8           3312.0228     4101.6600     -789.6372
        71.4062                  9.4903             321.6           3190.9909     4128.3000     -937.3091
        71.4582                  9.4972             315.7           3446.8617     4072.8600     -625.9983
        71.5101                  9.5041             319.5           3477.6368     4108.1400     -630.5032
        71.5620                  9.5111             312.8           3568.7067     4045.5000     -476.7933
        71.6138                  9.5180             293.6           3294.0986     3863.7000     -569.6014
        71.6658                  9.5249             319.3           3400.0008     4106.8800     -706.8792
        71.7176                  9.5319             294.1           3185.8659     3868.9200     -683.0541
        71.7694                  9.5388             294.3           3479.0028     3870.5400     -391.5372
        71.8213                  9.5457             313.1           3490.0014     4048.5600     -558.5586
        71.8732                  9.5526             301.3           3299.0387     3937.1400     -638.1013
        71.9250                  9.5596             323.8           3534.5816     4149.0000     -614.4184
        71.9768                  9.5665             312.7           3007.0884     4044.6000    -1037.5116
        72.0287                  9.5734             310.6           3049.9233     4024.2600     -974.3367
        72.0808                  9.5804             304.6           3066.9704     3968.1000     -901.1296
        72.1326                  9.5873             287.3           2951.4858     3804.8400     -853.3542
        72.1847                  9.5942             313.1           3098.5385     4048.5600     -950.0215
        72.2367                  9.6011             297.4           3392.8078     3899.8800     -507.0722
        72.2500                  9.6029             310.5           3432.0447     4023.7200     -591.6753
        72.3020                  9.6098             308.6           3251.6175     4006.0800     -754.4625
        72.3540                  9.6168             304.0           3188.2849     3962.3400     -774.0551
        72.4059                  9.6237             298.7           3115.3659     3912.4800     -797.1141
        72.4579                  9.6306             305.4           3373.3021     3975.6600     -602.3579
        72.5100                  9.6375             293.4           3020.7334     3862.0800     -841.3466
        72.5620                  9.6445             300.7           3489.8364     3931.5600     -441.7236
        72.6138                  9.6514             304.8           3518.4598     3969.3600     -450.9002
        72.6658                  9.6583             309.8           3237.3143     4016.7000     -779.3857
        72.7178                  9.6653             309.3           3142.1991     4012.7400     -870.5409
        72.7699                  9.6722             306.6           3236.6117     3986.8200     -750.2083
        72.8218                  9.6791             314.3           3560.6487     4059.0000     -498.3513
        72.8738                  9.6860             299.8           3125.8215     3922.9200     -797.0985
        72.9258                  9.6930             308.4           3409.3619     4004.1000     -594.7381
        72.9778                  9.6999             296.6           3044.7560     3892.5000     -847.7440
        73.0299                  9.7068             327.2           3186.7407     4181.5800     -994.8393
        73.0819                  9.7137             299.5           3355.0406     3920.2200     -565.1794
        73.1339                  9.7207             312.0           3316.3511     4037.7600     -721.4089
        73.1858                  9.7276             307.9           3517.8477     3999.4200     -481.5723
        73.2377                  9.7345             307.6           3423.7988     3996.5400     -572.7412
        73.2500                  9.7362             313.8           3515.2867     4054.8600     -539.5733
        73.3020                  9.7431             320.8           3412.0766     4120.9200     -708.8434
        73.3538                  9.7500             301.6           3405.2920     3939.4800     -534.1880
        73.4056                  9.7570             302.2           3343.8594     3945.4200     -601.5606
        73.4575                  9.7639             297.7           3204.0306     3902.5800     -698.5494
        73.5094                  9.7708             299.6           3399.6104     3920.7600     -521.1496
        73.5614                  9.7777             298.6           3268.2107     3911.5800     -643.3693
        73.6133                  9.7847             311.4           3786.8166     4032.3600     -245.5434
        73.6653                  9.7916             316.0           3290.7845     4075.2000     -784.4155
        73.7171                  9.7985             295.2           3092.0739     3879.5400     -787.4661
        73.7690                  9.8055             323.4           3424.9156     4145.7600     -720.8444
        73.8210                  9.8124             316.6           3491.2691     4081.5000     -590.2309
        73.8730                  9.8193             291.7           3216.3133     3845.7000     -629.3867
        73.9249                  9.8262             302.4           3168.7483     3947.0400     -778.2917
        73.9768                  9.8332             301.3           3236.6117     3936.6000     -699.9883
        74.0288                  9.8401             315.1           3384.5234     4066.7400     -682.2166
        74.0807                  9.8470             307.8           3294.3954     3998.3400     -703.9446
        74.1327                  9.8540             317.0           3569.3500     4085.1000     -515.7500
        74.1848                  9.8609             300.5           3027.9285     3929.0400     -901.1115
        74.2368                  9.8678             303.2           3152.6014     3955.1400     -802.5386
        74.2500                  9.8696             304.9           3054.5662     3971.1600     -916.5938
        74.3020                  9.8765             298.5           3053.6048     3910.6800     -857.0752
        74.3539                  9.8834             299.8           3075.7626     3922.2000     -846.4374
        74.4058                  9.8904             329.9           3638.2529     4206.9600     -568.7071
        74.4577                  9.8973             295.1           3391.9579     3877.9200     -485.9621
        74.5095                  9.9042             325.0           3371.4619     4160.3400     -788.8781
        74.5616                  9.9111             300.8           3123.3257     3932.1000     -808.7743
        74.6136                  9.9181             317.1           3303.6685     4085.8200     -782.1515
        74.6656                  9.9250             303.2           3156.4773     3955.1400     -798.6627
        74.7175                  9.9319             328.7           3634.9291     4195.8000     -560.8709
        74.7695                  9.9388             287.1           2982.3372     3802.3200     -819.9828
        74.8214                  9.9458             315.5           3512.8898     4070.8800     -557.9902
        74.8734                  9.9527             331.0           3467.8470     4217.2200     -749.3730
        74.9253                  9.9596             309.0           3147.7990     4009.5000     -861.7010
        74.9772                  9.9666             303.7           3083.3300     3959.2800     -875.9500
        75.0291                  9.9735             301.1           3043.5844     3934.8000     -891.2156
        75.0811                  9.9804             317.5           3375.1104     4089.2400     -714.1296
        75.1331                  9.9873             326.3           3614.2008     4173.1200     -558.9192
        75.1849                  9.9943             304.0           3075.2402     3962.3400     -887.0998
        75.2367                 10.0012             307.2           3203.5528     3992.7600     -789.2072
        75.2500                 10.0030             309.6           3270.5457     4015.4400     -744.8943
        75.3019                 10.0099             317.3           3285.5306     4087.9800     -802.4494
        75.3539                 10.0168             313.8           3180.5807     4054.8600     -874.2793
        75.4059                 10.0238             315.9           3127.6880     4074.8400     -947.1520
        75.4580                 10.0307             309.0           3062.6882     4009.5000     -946.8118
        75.5100                 10.0376             314.3           3328.8450     4059.9000     -731.0550
        75.5619                 10.0445             300.0           3048.3678     3924.5400     -876.1722
        75.6138                 10.0515             299.9           2941.6837     3923.1000     -981.4163
        75.6656                 10.0584             287.3           3173.9531     3804.3000     -630.3469
        75.7175                 10.0653             308.5           3263.6338     4004.4600     -740.8262
        75.7695                 10.0722             290.8           2868.8832     3837.9600     -969.0768
        75.8214                 10.0792             313.5           3289.0763     4051.9800     -762.9037
        75.8734                 10.0861             315.9           3173.8612     4074.3000     -900.4388
        75.9254                 10.0930             289.4           2973.7809     3824.4600     -850.6791
        75.9774                 10.1000             313.5           3075.3800     4051.4400     -976.0600
        76.0294                 10.1069             310.7           3311.9292     4025.7000     -713.7708
        76.0812                 10.1138             317.6           3317.1922     4090.8600     -773.6678
        76.1330                 10.1207             296.2           3087.6029     3888.3600     -800.7571
        76.1849                 10.1277             325.8           3131.8872     4167.9000    -1036.0128
        76.2368                 10.1346             318.7           3174.2395     4101.3000     -927.0605
        76.2500                 10.1364             297.1           3115.5454     3897.5400     -781.9946
        76.3019                 10.1433             313.3           3271.5633     4049.6400     -778.0767
        76.3539                 10.1502             289.3           2884.7500     3823.2000     -938.4500
        76.4059                 10.1571             309.3           3309.5069     4012.2000     -702.6931
        76.4579                 10.1641             316.8           3302.7571     4083.4800     -780.7229
        76.5097                 10.1710             317.5           3554.7153     4089.7800     -535.0647
        76.5616                 10.1779             295.4           3251.6685     3881.5200     -629.8515
        76.6135                 10.1848             322.6           3389.7194     4137.8400     -748.1206
        76.6655                 10.1918             291.3           3308.8265     3842.6400     -533.8135
        76.7175                 10.1987             309.8           3164.1731     4017.4200     -853.2469
        76.7694                 10.2056             308.6           3488.9244     4006.0800     -517.1556
        76.8214                 10.2126             296.6           3145.1599     3892.1400     -746.9801
        76.8734                 10.2195             301.4           3349.1823     3937.5000     -588.3177
        76.9253                 10.2264             295.0           3112.1754     3877.5600     -765.3846
        76.9773                 10.2333             300.7           3312.0000     3930.8400     -618.8400
        77.0294                 10.2403             300.7           3216.6978     3931.2000     -714.5022
        77.0813                 10.2472             291.2           3155.5133     3841.3800     -685.8667
        77.1332                 10.2541             305.7           3285.8896     3978.0000     -692.1104
        77.1851                 10.2610             300.7           3258.8112     3931.3800     -672.5688
        77.2371                 10.2680             322.7           3315.2678     4138.7400     -823.4722
        77.2500                 10.2697             307.5           3229.3892     3995.6400     -766.2508
        77.3019                 10.2766             309.4           3331.5298     4013.1000     -681.5702
        77.3539                 10.2835             287.9           3238.7387     3810.0600     -571.3213
        77.4058                 10.2905             306.7           3295.1530     3987.5400     -692.3870
        77.4577                 10.2974             301.9           3315.5156     3942.7200     -627.2044
        77.5098                 10.3043             308.8           3024.8621     4007.7000     -982.8379
        77.5618                 10.3113             309.6           3315.8018     4015.2600     -699.4582
        77.6138                 10.3182             301.3           3236.2521     3936.7800     -700.5279
        77.6658                 10.3251             304.5           3443.1147     3966.8400     -523.7253
        77.7178                 10.3320             314.0           3427.1469     4056.8400     -629.6931
        77.7697                 10.3390             302.8           3260.0428     3950.6400     -690.5972
        77.8217                 10.3459             306.9           3077.4023     3989.8800     -912.4777
        77.8736                 10.3528             302.0           3443.0423     3943.6200     -500.5777
        77.9256                 10.3598             295.9           3282.2008     3885.8400     -603.6392
        77.9775                 10.3667             309.3           3429.5079     4012.5600     -583.0521
        78.0294                 10.3736             296.3           3145.7971     3889.8000     -744.0029
        78.0815                 10.3805             300.1           3208.3395     3925.2600     -716.9205
        78.1335                 10.3875             320.3           3366.5267     4115.8800     -749.3533
        78.1856                 10.3944             284.1           3125.5538     3774.0600     -648.5062
        78.2377                 10.4013             303.1           3225.1867     3954.0600     -728.8733
        78.2500                 10.4030             304.0           3069.9011     3961.9800     -892.0789
        78.3020                 10.4099             310.5           3270.5959     4023.1800     -752.5841
        78.3539                 10.4168             322.1           3562.6533     4132.6200     -569.9667
        78.4060                 10.4237             317.1           3371.5866     4085.6400     -714.0534
        78.4579                 10.4307             322.2           3565.6666     4134.0600     -568.3934
        78.5098                 10.4376             318.2           3440.1033     4096.4400     -656.3367
        78.5618                 10.4445             298.0           3138.6354     3905.2800     -766.6446
        78.6138                 10.4515             304.9           3292.7686     3970.8000     -678.0314
        78.6657                 10.4584             325.6           3467.6794     4165.9200     -698.2406
        78.7178                 10.4653             309.9           3160.9883     4017.7800     -856.7917
        78.7700                 10.4722             320.3           3188.0138     4115.8800     -927.8662
        78.8219                 10.4792             291.7           3102.0065     3845.8800     -743.8735
        78.8739                 10.4861             324.7           3559.9182     4158.0000     -598.0818
        78.9259                 10.4930             302.1           3223.3183     3944.5200     -721.2017
        78.9779                 10.4999             322.9           3707.9134     4140.1800     -432.2666
        79.0298                 10.5069             303.2           3316.4420     3954.4200     -637.9780
        79.0816                 10.5138             304.9           3398.6247     3970.4400     -571.8153
        79.1335                 10.5207             320.4           3513.4847     4117.5000     -604.0153
        79.1854                 10.5277             309.6           3208.6715     4014.9000     -806.2285
        79.2373                 10.5346             313.0           3336.1591     4046.7600     -710.6009
        79.2500                 10.5363             309.6           3391.1497     4015.4400     -624.2903
        79.3019                 10.5432             311.4           3521.3638     4031.8200     -510.4562
        79.3538                 10.5501             301.1           3349.7763     3934.9800     -585.2037
        79.4058                 10.5570             309.9           3245.2153     4018.1400     -772.9247
        79.4577                 10.5640             294.6           3232.4357     3873.4200     -640.9843
        79.5095                 10.5709             293.3           3134.3847     3861.5400     -727.1553
        79.5614                 10.5778             294.3           3151.3978     3870.7200     -719.3222
        79.6133                 10.5848             318.0           3220.4794     4093.9200     -873.4406
        79.6653                 10.5917             325.2           3271.0215     4162.6800     -891.6585
        79.7174                 10.5986             295.6           3192.0288     3883.1400     -691.1112
        79.7693                 10.6055             295.6           2982.6678     3882.6000     -899.9322
        79.8214                 10.6125             317.2           3407.5072     4087.2600     -679.7528
        79.8734                 10.6194             315.7           3599.3374     4073.0400     -473.7026
        79.9254                 10.6263             323.0           3466.2241     4141.2600     -675.0359
        79.9773                 10.6333             313.0           3161.3805     4047.3000     -885.9195
        80.0293                 10.6402             310.1           3366.2567     4019.5800     -653.3233
        80.0812                 10.6471             314.0           3136.2618     4056.8400     -920.5782
        80.1332                 10.6540             314.6           3211.3007     4062.6000     -851.2993
        80.1852                 10.6610             288.9           3000.9385     3819.7800     -818.8415
        80.2369                 10.6679             312.3           3240.8736     4040.2800     -799.4064
        80.2500                 10.6696             297.6           2948.5978     3902.0400     -953.4422
        80.3020                 10.6766             300.0           2897.2122     3924.1800    -1026.9678
        80.3539                 10.6835             313.1           3373.3647     4048.3800     -675.0153
        80.4057                 10.6904             300.2           3120.5856     3925.9800     -805.3944
        80.4577                 10.6973             301.1           3160.9243     3934.8000     -773.8757
        80.5095                 10.7043             310.5           3330.8876     4023.3600     -692.4724
        80.5614                 10.7112             300.9           3244.1927     3933.3600     -689.1673
        80.6132                 10.7181             292.6           3200.2757     3855.0600     -654.7843
        80.6653                 10.7250             299.0           2999.3995     3915.1800     -915.7805
        80.7173                 10.7320             299.2           3195.5265     3917.3400     -721.8135
        80.7694                 10.7389             321.7           2936.2669     4128.8400    -1192.5731
        80.8217                 10.7458             301.8           2877.9014     3941.8200    -1063.9186
        80.8736                 10.7528             288.3           3006.5962     3813.6600     -807.0638
        80.9256                 10.7597             310.7           3121.6776     4025.3400     -903.6624
        80.9774                 10.7666             297.9           3242.6443     3904.9200     -662.2757
        81.0293                 10.7735             319.8           3251.2145     4111.5600     -860.3455
        81.0813                 10.7805             309.4           3026.7509     4012.9200     -986.1691
        81.1333                 10.7874             292.2           3071.7376     3850.7400     -779.0024
        81.1852                 10.7943             305.1           3174.5402     3972.4200     -797.8798
        81.2371                 10.8012             317.4           3392.5877     4088.7000     -696.1123
        81.2500                 10.8030             314.6           3489.6594     4061.8800     -572.2206
        81.3020                 10.8099             299.0           3087.9554     3915.0000     -827.0446
        81.3540                 10.8168             308.0           3517.3687     4000.3200     -482.9513
        81.4059                 10.8238             315.3           3661.2427     4068.7200     -407.4773
        81.4577                 10.8307             321.8           3578.7485     4130.1000     -551.3515
        81.5095                 10.8376             319.3           3634.8142     4107.0600     -472.2458
        81.5613                 10.8445             296.7           3515.6988     3893.2200     -377.5212
        81.6132                 10.8515             319.3           3513.1434     4106.5200     -593.3766
        81.6651                 10.8584             323.4           3424.7617     4145.7600     -720.9983
        81.7172                 10.8653             310.5           3286.9822     4023.7200     -736.7378
        81.7691                 10.8723             321.4           3605.2076     4126.1400     -520.9324
        81.8211                 10.8792             324.2           3591.3665     4152.7800     -561.4135
        81.8730                 10.8861             307.0           3326.7712     3990.2400     -663.4688
        81.9250                 10.8930             298.9           3027.2814     3914.4600     -887.1786
        81.9771                 10.9000             294.9           3023.3771     3876.1200     -852.7429
        82.0291                 10.9069             298.6           3179.7334     3911.5800     -731.8466
        82.0809                 10.9138             290.8           3332.2679     3837.2400     -504.9721
        82.1327                 10.9207             317.6           3627.3813     4091.0400     -463.6587
        82.1847                 10.9277             304.1           3280.5941     3963.4200     -682.8259
        82.2366                 10.9346             300.0           3423.0866     3924.7200     -501.6334
        82.2500                 10.9364             321.7           3575.1883     4129.7400     -554.5517
        82.3019                 10.9433             301.1           3069.3866     3935.3400     -865.9534
        82.3540                 10.9502             305.4           3109.5748     3975.4800     -865.9052
        82.4058                 10.9572             321.0           3625.2554     4122.3600     -497.1046
        82.4578                 10.9641             299.2           3241.8010     3917.1600     -675.3590
        82.5098                 10.9710             310.7           3160.7818     4025.8800     -865.0982
        82.5619                 10.9780             303.6           3140.2990     3958.7400     -818.4410
        82.6141                 10.9849             319.4           3335.7371     4107.4200     -771.6829
        82.6662                 10.9918             299.2           3314.3849     3917.3400     -602.9551
        82.7180                 10.9987             305.1           3352.5096     3972.7800     -620.2704
        82.7701                 11.0057             307.2           3316.2615     3992.0400     -675.7785
        82.8220                 11.0126             311.6           3516.2053     4034.3400     -518.1347
        82.8737                 11.0195             309.1           3255.3890     4010.7600     -755.3710
        82.9257                 11.0264             285.1           3179.9561     3783.6000     -603.6439
        82.9777                 11.0334             308.8           3295.4911     4007.1600     -711.6689
        83.0296                 11.0403             313.0           3256.6710     4047.6600     -790.9890
        83.0815                 11.0472             296.4           3154.5546     3890.8800     -736.3254
        83.1334                 11.0542             305.1           3420.1495     3972.4200     -552.2705
        83.1853                 11.0611             293.4           3162.8551     3862.0800     -699.2249
        83.2372                 11.0680             295.9           3297.3830     3885.8400     -588.4570
        83.2500                 11.0697             305.8           3490.1828     3979.6200     -489.4372
        83.3019                 11.0767             302.1           3222.7765     3943.9800     -721.2035
        83.3538                 11.0836             297.0           3229.4946     3896.6400     -667.1454
        83.4059                 11.0905             320.8           3449.4457     4120.7400     -671.2943
        83.4579                 11.0974             334.8           3408.6181     4252.8600     -844.2419
        83.5098                 11.1044             303.9           3209.7309     3961.0800     -751.3491
        83.5617                 11.1113             301.2           3200.2203     3935.7000     -735.4797
        83.6136                 11.1182             310.4           3477.0110     4023.0000     -545.9890
        83.6654                 11.1252             312.1           3372.0158     4038.4800     -666.4642
        83.7175                 11.1321             308.6           3209.2862     4005.9000     -796.6138
        83.7696                 11.1390             317.6           3239.0047     4090.3200     -851.3153
        83.8214                 11.1459             309.2           3287.4032     4011.4800     -724.0768
        83.8733                 11.1529             292.5           3406.5450     3854.1600     -447.6150
        83.9251                 11.1598             312.7           3580.0812     4044.2400     -464.1588
        83.9771                 11.1667             302.4           3320.4333     3946.6800     -626.2467
        84.0291                 11.1736             292.0           3160.0736     3848.7600     -688.6864
        84.0810                 11.1806             305.5           3239.8266     3976.7400     -736.9134
        84.1330                 11.1875             312.3           3397.9730     4040.8200     -642.8470
        84.1849                 11.1944             310.8           3533.6331     4026.0600     -492.4269
        84.2368                 11.2014             321.0           3555.3077     4122.9000     -567.5923
        84.2500                 11.2031             296.2           3499.4477     3889.0800     -389.6323
        84.3020                 11.2100             301.5           3311.9728     3938.4000     -626.4272
        84.3540                 11.2170             304.4           3431.8320     3965.5800     -533.7480
        84.4058                 11.2239             320.0           3525.2704     4113.0000     -587.7296
        84.4578                 11.2308             307.5           3289.7974     3995.1000     -705.3026
        84.5097                 11.2378             312.8           3532.1815     4045.6800     -513.4985
        84.5618                 11.2447             308.8           3488.7104     4007.8800     -519.1696
        84.6138                 11.2516             304.6           3274.7376     3967.9200     -693.1824
        84.6658                 11.2585             288.6           2956.3235     3816.7200     -860.3965
        84.7178                 11.2655             299.1           3333.1546     3916.4400     -583.2854
        84.7698                 11.2724             306.6           3305.5548     3986.6400     -681.0852
        84.8218                 11.2793             296.8           3168.7535     3894.4800     -725.7265
        84.8738                 11.2862             324.7           3615.7554     4157.6400     -541.8846
        84.9258                 11.2932             293.0           3311.2655     3858.4800     -547.2145
        84.9778                 11.3001             318.2           3410.7562     4096.4400     -685.6838
        85.0297                 11.3070             309.0           3458.3778     4009.3200     -550.9422
        85.0816                 11.3140             301.7           3196.5611     3940.3800     -743.8189
        85.1334                 11.3209             297.6           3448.1862     3901.5000     -453.3138
        85.1853                 11.3278             311.2           3468.7931     4030.5600     -561.7669
        85.2371                 11.3347             293.6           3339.5821     3864.2400     -524.6579
        85.2500                 11.3364             302.2           3203.0542     3945.2400     -742.1858
        85.3019                 11.3434             298.8           3248.3578     3913.0200     -664.6622
        85.3540                 11.3503             289.7           3066.7617     3826.9800     -760.2183
        85.4058                 11.3572             323.8           3665.4840     4149.1800     -483.6960
        85.4577                 11.3642             332.9           3607.1795     4235.4000     -628.2205
        85.5095                 11.3711             317.9           3477.1193     4093.7400     -616.6207
        85.5614                 11.3780             329.4           3639.3462     4201.9200     -562.5738
        85.6133                 11.3849             307.6           3426.5957     3996.1800     -569.5843
        85.6652                 11.3919             317.7           3534.2559     4091.2200     -556.9641
        85.7172                 11.3988             309.8           3315.0927     4017.4200     -702.3273
        85.7692                 11.4057             323.0           3446.7729     4141.4400     -694.6671
        85.8210                 11.4127             317.0           3557.5638     4085.2800     -527.7162
        85.8730                 11.4196             317.8           3525.8642     4092.6600     -566.7958
        85.9248                 11.4265             314.9           3683.4329     4065.3000     -381.8671
        85.9766                 11.4334             322.4           3762.2074     4135.8600     -373.6526
        86.0285                 11.4404             303.3           3369.7855     3955.3200     -585.5345
        86.0804                 11.4473             321.3           3675.3404     4125.4200     -450.0796
        86.1323                 11.4542             287.6           3073.7474     3807.1800     -733.4326
        86.1844                 11.4611             310.8           3237.0586     4026.2400     -789.1814
        86.2363                 11.4681             301.7           3197.2844     3940.3800     -743.0956
        86.2500                 11.4699             328.7           3387.5312     4195.0800     -807.5488
        86.3020                 11.4768             321.8           3641.5048     4130.6400     -489.1352
        86.3538                 11.4837             312.8           3465.8012     4045.6800     -579.8788
        86.4057                 11.4907             291.7           3210.2259     3846.0600     -635.8341
        86.4575                 11.4976             312.5           3540.5035     4042.6200     -502.1165
        86.5096                 11.5045             312.2           3310.8717     4039.3800     -728.5083
        86.5615                 11.5114             322.4           3303.7918     4135.5000     -831.7082
        86.6135                 11.5184             287.9           3069.6482     3810.0600     -740.4118
        86.6656                 11.5253             302.3           3084.2446     3945.7800     -861.5354
        86.7174                 11.5322             309.2           3387.1984     4011.3000     -624.1016
        86.7695                 11.5392             292.2           3004.6084     3850.9200     -846.3116
        86.8215                 11.5461             310.7           3389.9376     4025.3400     -635.4024
        86.8734                 11.5530             295.9           3252.7371     3886.0200     -633.2829
        86.9254                 11.5599             292.0           3170.1583     3848.9400     -678.7817
        86.9774                 11.5669             306.5           3268.1861     3985.9200     -717.7339
        87.0293                 11.5738             309.8           3575.2973     4016.7000     -441.4027
        87.0813                 11.5807             288.3           2962.5479     3814.3800     -851.8321
        87.1334                 11.5877             297.5           3031.0868     3900.6000     -869.5132
        87.1853                 11.5946             294.9           3276.1067     3875.9400     -599.8333
        87.2373                 11.6015             300.7           3240.6829     3931.0200     -690.3371
        87.2500                 11.6032             298.1           3295.5519     3906.1800     -610.6281
        87.3019                 11.6101             293.5           3299.1373     3862.9800     -563.8427
        87.3540                 11.6171             289.6           2910.3721     3826.0800     -915.7079
        87.4060                 11.6240             301.0           3334.6725     3933.5400     -598.8675
        87.4580                 11.6309             294.7           3234.6960     3874.6800     -639.9840
        87.5098                 11.6378             297.0           3157.9729     3895.7400     -737.7671
        87.5618                 11.6448             304.0           3109.8251     3962.3400     -852.5149
        87.6139                 11.6517             312.2           3223.2078     4039.9200     -816.7122
        87.6657                 11.6586             304.2           3364.1261     3963.9600     -599.8339
        87.7177                 11.6656             317.2           3537.7794     4087.2600     -549.4806
        87.7695                 11.6725             318.7           3515.8610     4100.7600     -584.8990
        87.8215                 11.6794             302.2           3270.9919     3945.6000     -674.6081
        87.8734                 11.6863             309.5           3284.9177     4013.8200     -728.9023
        87.9253                 11.6933             320.4           3483.5029     4117.3200     -633.8171
        87.9773                 11.7002             320.0           3335.4804     4113.3600     -777.8796
        88.0293                 11.7071             297.0           3111.5634     3896.6400     -785.0766
        88.0813                 11.7140             289.9           3159.7880     3828.7800     -668.9920
        88.1333                 11.7210             300.4           3294.8994     3928.3200     -633.4206
        88.1851                 11.7279             330.1           3588.8832     4208.7600     -619.8768
        88.2372                 11.7348             308.3           3279.2266     4002.4800     -723.2534
        88.2500                 11.7365             299.5           3053.8672     3919.3200     -865.4528
        88.3020                 11.7435             312.6           3290.9022     4042.9800     -752.0778
        88.3539                 11.7504             323.0           3408.3969     4141.9800     -733.5831
        88.4058                 11.7573             285.6           3071.7403     3789.0000     -717.2597
        88.4578                 11.7642             308.1           3496.8688     4001.4000     -504.5312
        88.5097                 11.7712             305.7           3240.4330     3978.1800     -737.7470
        88.5616                 11.7781             334.3           3598.7391     4248.1800     -649.4409
        88.6136                 11.7850             313.0           3502.1262     4046.7600     -544.6338
        88.6656                 11.7920             297.8           3183.2503     3903.3000     -720.0497
        88.7176                 11.7989             315.3           3337.1692     4069.0800     -731.9108
        88.7696                 11.8058             299.0           3415.2364     3915.0000     -499.7636
        88.8216                 11.8127             312.3           3276.9168     4040.2800     -763.3632
        88.8736                 11.8197             314.2           3251.9671     4058.1000     -806.1329
        88.9256                 11.8266             297.9           3181.2025     3904.3800     -723.1775
        88.9775                 11.8335             298.7           3368.3851     3911.7600     -543.3749
        89.0293                 11.8405             316.1           3667.8471     4076.8200     -408.9729
        89.0812                 11.8474             316.7           3295.5919     4081.6800     -786.0881
        89.1332                 11.8543             309.4           3410.0288     4013.6400     -603.6112
        89.1853                 11.8612             289.0           3253.5134     3820.3200     -566.8066
        89.2372                 11.8682             311.0           3129.0371     4028.4000     -899.3629
        89.2500                 11.8699             302.3           3189.0453     3945.7800     -756.7347
        89.3020                 11.8768             296.5           3295.2281     3891.7800     -596.5519
        89.3540                 11.8837             299.7           3221.8960     3921.3000     -699.4040
        89.4060                 11.8906             297.5           3153.9658     3900.7800     -746.8142
        89.4578                 11.8976             309.1           3391.1799     4010.7600     -619.5801
        89.5095                 11.9045             295.2           3330.0476     3879.3600     -549.3124
        89.5613                 11.9114             285.6           2930.1820     3789.0000     -858.8180
        89.6132                 11.9183             302.6           3299.1642     3948.6600     -649.4958
        89.6652                 11.9253             323.9           3181.3469     4150.0800     -968.7331
        89.7172                 11.9322             308.4           2999.6664     4004.1000    -1004.4336
        89.7692                 11.9391             311.1           2918.3173     4029.1200    -1110.8027
        89.8212                 11.9461             291.9           3060.7282     3848.2200     -787.4918
        89.8733                 11.9530             307.5           3407.5985     3995.2800     -587.6815
        89.9252                 11.9599             305.7           3244.5283     3978.0000     -733.4717
        89.9773                 11.9668             319.6           3444.7610     4109.0400     -664.2790
        90.0290                 11.9738             312.4           3438.2334     4041.7200     -603.4866
        90.0810                 11.9807             309.8           3545.5101     4016.5200     -471.0099
        90.1329                 11.9876             303.7           3399.4296     3959.1000     -559.6704
        90.1848                 11.9946             307.9           3527.6637     3999.4200     -471.7563
        90.2368                 12.0015             293.9           3129.3478     3866.9400     -737.5922
        90.2500                 12.0032             315.3           3296.9316     4068.5400     -771.6084
        90.3020                 12.0102             322.0           3405.4469     4132.0800     -726.6331
        90.3540                 12.0171             319.9           3550.7195     4112.6400     -561.9205
        90.4059                 12.0240             302.5           3326.5691     3948.3000     -621.7309
        90.4579                 12.0309             307.5           3511.7098     3995.6400     -483.9302
        90.5097                 12.0379             290.9           3211.9683     3838.3200     -626.3517
        90.5616                 12.0448             312.9           3293.9856     4046.2200     -752.2344
        90.6137                 12.0517             314.2           3462.0687     4058.6400     -596.5713
        90.6656                 12.0587             299.1           3027.7043     3915.7200     -888.0157
        90.7177                 12.0656             291.6           3149.2611     3845.5200     -696.2589
        90.7696                 12.0725             299.5           3117.7554     3919.8600     -802.1046
        90.8216                 12.0794             292.1           3081.5542     3850.3800     -768.8258
        90.8736                 12.0864             326.3           3542.0153     4172.4000     -630.3847
        90.9255                 12.0933             321.1           3369.6508     4123.2600     -753.6092
        90.9775                 12.1002             311.1           3480.9756     4029.3000     -548.3244
        91.0293                 12.1072             316.4           3320.1566     4079.3400     -759.1834
        91.0813                 12.1141             323.7           3582.9685     4148.2800     -565.3115
        91.1333                 12.1210             314.5           3514.4938     4061.1600     -546.6662
        91.1851                 12.1279             304.0           3381.1334     3961.8000     -580.6666
        91.2371                 12.1349             289.9           3263.6024     3829.3200     -565.7176
        91.2500                 12.1366             317.4           3224.6450     4088.5200     -863.8750
        91.3020                 12.1435             301.3           3240.0141     3936.4200     -696.4059
        91.3540                 12.1504             296.2           3035.9606     3888.5400     -852.5794
        91.4060                 12.1574             319.3           3350.5874     4106.8800     -756.2926
        91.4580                 12.1643             311.8           3400.9803     4035.6000     -634.6197
        91.5100                 12.1712             305.8           3490.4454     3979.4400     -488.9946
        91.5618                 12.1782             332.9           3574.7633     4235.2200     -660.4567
        91.6139                 12.1851             311.3           3459.8963     4031.2800     -571.3837
        91.6658                 12.1920             307.0           3479.5634     3990.2400     -510.6766
        91.7178                 12.1989             306.5           3332.3965     3986.2800     -653.8835
        91.7698                 12.2059             320.7           3540.1264     4120.0200     -579.8936
        91.8216                 12.2128             310.0           3275.6652     4019.2200     -743.5548
        91.8735                 12.2197             317.9           3465.4865     4093.3800     -627.8935
        91.9254                 12.2266             292.9           3225.1956     3857.2200     -632.0244
        91.9774                 12.2336             328.2           3636.3700     4190.7600     -554.3900
        92.0294                 12.2405             298.0           3455.4496     3905.8200     -450.3704
        92.0811                 12.2474             310.9           3473.1763     4027.5000     -554.3237
        92.1329                 12.2544             303.0           3339.7697     3952.4400     -612.6703
        92.1848                 12.2613             326.8           3494.6159     4177.6200     -683.0041
        92.2367                 12.2682             304.1           3410.2669     3963.4200     -553.1531
        92.2500                 12.2700             299.4           3397.8484     3918.9600     -521.1116
        92.3019                 12.2769             314.6           3640.5311     4062.6000     -422.0689
        92.3538                 12.2838             299.6           3319.9223     3920.5800     -600.6577
        92.4059                 12.2908             300.9           3376.0220     3933.3600     -557.3380
        92.4578                 12.2977             306.0           3057.2399     3981.0600     -923.8201
        92.5099                 12.3046             316.5           3207.3684     4080.4200     -873.0516
        92.5619                 12.3116             308.2           3219.5544     4001.9400     -782.3856
        92.6138                 12.3185             314.5           3473.6423     4061.3400     -587.6977
        92.6659                 12.3254             312.6           3296.2301     4043.8800     -747.6499
        92.7178                 12.3323             306.5           3330.1093     3985.3800     -655.2707
        92.7698                 12.3393             322.5           3388.4463     4136.4000     -747.9537
        92.8218                 12.3462             303.1           3373.6028     3953.7000     -580.0972
        92.8736                 12.3531             318.3           3760.4941     4096.8000     -336.3059
        92.9254                 12.3601             305.4           3261.3514     3975.1200     -713.7686
        92.9771                 12.3670             314.0           3451.5316     4056.3000     -604.7684
        93.0289                 12.3739             311.7           3509.1653     4034.8800     -525.7147
        93.0809                 12.3808             326.8           3491.1544     4177.4400     -686.2856
        93.1328                 12.3878             311.1           3652.9500     4029.1200     -376.1700
        93.1846                 12.3947             309.3           3513.9914     4012.0200     -498.0286
        93.2365                 12.4016             303.2           3370.1594     3954.9600     -584.8006
        93.2500                 12.4034             305.7           3400.4486     3978.3600     -577.9114
        93.3019                 12.4104             299.8           3423.6905     3922.5600     -498.8695
        93.3538                 12.4173             303.7           3373.2594     3959.4600     -586.2006
        93.4057                 12.4242             291.2           3329.8154     3841.7400     -511.9246
        93.4575                 12.4311             322.7           3480.0512     4138.7400     -658.6888
        93.5093                 12.4381             285.6           3122.4356     3788.8200     -666.3844
        93.5614                 12.4450             306.7           3487.1252     3987.7200     -500.5948
        93.6134                 12.4519             305.8           3260.3485     3979.2600     -718.9115
        93.6654                 12.4588             314.2           3458.5222     4058.2800     -599.7578
        93.7174                 12.4658             307.6           3337.5198     3995.8200     -658.3002
        93.7695                 12.4727             305.7           3247.1641     3977.8200     -730.6559
        93.8215                 12.4796             317.7           3507.4020     4091.7600     -584.3580
        93.8734                 12.4866             293.1           3259.9829     3859.2000     -599.2171
        93.9253                 12.4935             297.8           3190.3975     3903.3000     -712.9025
        93.9772                 12.5004             299.6           3284.0888     3920.9400     -636.8512
        94.0290                 12.5073             309.2           3338.0231     4011.4800     -673.4569
        94.0811                 12.5143             303.2           3199.6966     3954.2400     -754.5434
        94.1330                 12.5212             308.1           3465.7480     4001.4000     -535.6520
        94.1850                 12.5281             290.9           3255.8261     3838.6800     -582.8539
        94.2371                 12.5350             314.1           3440.4072     4057.7400     -617.3328
        94.2500                 12.5368             307.3           3290.1940     3993.6600     -703.4660
        94.3020                 12.5437             306.7           3395.7222     3987.7200     -591.9978
        94.3541                 12.5506             299.4           3256.8719     3918.9600     -662.0881
        94.4061                 12.5575             310.0           3393.3171     4019.2200     -625.9029
        94.4581                 12.5645             291.0           3251.7166     3839.5800     -587.8634
        94.5100                 12.5714             307.4           3381.2684     3994.2000     -612.9316
        94.5620                 12.5783             301.6           3368.9802     3940.0200     -571.0398
        94.6139                 12.5853             278.0           3031.8120     3716.8200     -685.0080
        94.6659                 12.5922             319.8           3545.2410     4111.2000     -565.9590
        94.7178                 12.5991             280.3           2860.1877     3738.4200     -878.2323
        94.7697                 12.6060             318.0           3643.4906     4094.8200     -451.3294
        94.8217                 12.6130             296.2           3257.6229     3889.0800     -631.4571
        94.8736                 12.6199             309.6           3082.1425     4015.2600     -933.1175
        94.9256                 12.6268             304.6           3257.0098     3968.1000     -711.0902
        94.9775                 12.6338             290.9           2965.5444     3838.1400     -872.5956
        95.0295                 12.6407             304.6           3304.3021     3967.5600     -663.2579
        95.0813                 12.6476             299.5           3394.0725     3919.3200     -525.2475
        95.1333                 12.6545             312.4           3354.6596     4041.1800     -686.5204
        95.1852                 12.6615             296.3           3294.9383     3889.9800     -595.0417
        95.2372                 12.6684             299.7           3209.5129     3922.0200     -712.5071
        95.2500                 12.6701             313.8           3289.6191     4054.6800     -765.0609
        95.3018                 12.6770             306.8           3497.7751     3988.6200     -490.8449
        95.3538                 12.6840             308.5           3408.0703     4004.2800     -596.2097
        95.4057                 12.6909             315.4           3422.1162     4069.8000     -647.6838
        95.4576                 12.6978             305.9           3285.8279     3979.9800     -694.1521
        95.5095                 12.7047             334.7           3710.7574     4251.6000     -540.8426
        95.5615                 12.7117             334.0           3394.6051     4245.4800     -850.8749
        95.6136                 12.7186             307.0           3176.1338     3990.6000     -814.4662
        95.6656                 12.7255             311.1           3204.3778     4029.1200     -824.7422
        95.7177                 12.7324             316.5           3260.8264     4080.4200     -819.5936
        95.7695                 12.7394             309.2           3324.6892     4011.3000     -686.6108
        95.8216                 12.7463             308.8           3289.3120     4007.7000     -718.3880
        95.8735                 12.7532             288.5           2972.9928     3816.3600     -843.3672
        95.9257                 12.7602             299.9           3204.6940     3923.2800     -718.5860
        95.9777                 12.7671             312.8           3113.3387     4045.1400     -931.8013
        96.0296                 12.7740             306.5           3371.8778     3985.7400     -613.8622
        96.0815                 12.7809             313.6           3463.0696     4052.5200     -589.4504
        96.1334                 12.7879             312.8           3279.8960     4045.5000     -765.6040
        96.1853                 12.7948             303.1           3429.5925     3953.7000     -524.1075
        96.2372                 12.8017             294.6           3323.3376     3873.0600     -549.7224
        96.2500                 12.8034             307.7           3496.2575     3997.0800     -500.8225
        96.3017                 12.8104             293.8           3228.0375     3866.2200     -638.1825
        96.3535                 12.8173             312.6           3308.1516     4043.7000     -735.5484
        96.4054                 12.8242             317.2           3655.3233     4087.0800     -431.7567
        96.4572                 12.8311             312.6           3460.4226     4042.9800     -582.5574
        96.5091                 12.8381             298.5           3316.2386     3909.9600     -593.7214
        96.5609                 12.8450             302.5           3360.0128     3948.4800     -588.4672
        96.6129                 12.8519             308.8           3190.3787     4007.5200     -817.1413
        96.6649                 12.8589             301.8           3295.2796     3941.1000     -645.8204
        96.7169                 12.8658             293.5           3199.1042     3862.9800     -663.8758
        96.7687                 12.8727             293.9           3266.5921     3867.3000     -600.7079
        96.8206                 12.8796             301.6           3187.8296     3939.1200     -751.2904
        96.8726                 12.8866             306.8           3216.3170     3988.4400     -772.1230
        96.9246                 12.8935             317.9           3309.7637     4093.7400     -783.9763
        96.9765                 12.9004             304.0           3313.9791     3962.7000     -648.7209
        97.0285                 12.9074             307.4           3191.8884     3994.5600     -802.6716
        97.0805                 12.9143             305.0           3496.3393     3971.7000     -475.3607
        97.1324                 12.9212             311.9           3564.6854     4036.8600     -472.1746
        97.1843                 12.9281             289.6           3214.4109     3826.6200     -612.2091
        97.2361                 12.9351             304.4           3338.6894     3966.4800     -627.7906
        97.2500                 12.9369             304.7           3318.2481     3968.4600     -650.2119
        97.3019                 12.9438             329.4           3637.4286     4202.1000     -564.6714
        97.3539                 12.9508             322.6           3450.5399     4137.8400     -687.3001
        97.4058                 12.9577             325.8           3722.3658     4167.7200     -445.3542
        97.4578                 12.9646             313.9           3414.1104     4055.4000     -641.2896
        97.5098                 12.9716             303.4           3060.1342     3956.5800     -896.4458
        97.5617                 12.9785             323.5           3373.4894     4146.1200     -772.6306
        97.6136                 12.9854             312.1           3404.5970     4038.6600     -634.0630
        97.6655                 12.9923             299.4           3225.8944     3918.9600     -693.0656
        97.7175                 12.9993             295.7           3343.4179     3883.8600     -540.4421
        97.7696                 13.0062             312.6           3441.2781     4043.1600     -601.8819
        97.8214                 13.0131             297.4           2964.2407     3900.2400     -935.9993
        97.8733                 13.0201             314.9           3387.6259     4064.7600     -677.1341
        97.9252                 13.0270             301.6           3308.5198     3939.6600     -631.1402
        97.9773                 13.0339             305.4           3312.0895     3975.3000     -663.2105
        98.0292                 13.0408             306.0           3281.8416     3981.2400     -699.3984
        98.0812                 13.0478             295.8           3271.5950     3885.3000     -613.7050
        98.1332                 13.0547             311.3           3403.0289     4030.7400     -627.7111
        98.1852                 13.0616             297.1           3206.1725     3897.0000     -690.8275
        98.2373                 13.0685             323.1           3400.7726     4142.3400     -741.5674
        98.2500                 13.0702             306.9           3314.9290     3989.3400     -674.4110
        98.3020                 13.0772             297.9           3315.9411     3904.5600     -588.6189
        98.3539                 13.0841             313.9           3387.7293     4055.5800     -667.8507
        98.4059                 13.0910             316.4           3349.4001     4079.5200     -730.1199
        98.4578                 13.0980             325.3           3416.4687     4162.8600     -746.3913
        98.5098                 13.1049             290.9           3047.1114     3838.3200     -791.2086
        98.5618                 13.1118             319.3           3474.5039     4106.8800     -632.3761
        98.6137                 13.1187             289.7           3126.3887     3827.5200     -701.1313
        98.6657                 13.1257             307.7           3369.6396     3997.0800     -627.4404
        98.7175                 13.1326             297.7           3220.1158     3902.7600     -682.6442
        98.7695                 13.1395             309.1           3305.8018     4010.4000     -704.5982
        98.8215                 13.1464             313.4           3301.7060     4050.7200     -749.0140
        98.8734                 13.1534             309.4           3242.5665     4013.1000     -770.5335
        98.9256                 13.1603             294.9           3306.0750     3875.9400     -569.8650
        98.9774                 13.1672             296.4           3342.6992     3890.1600     -547.4608
        99.0293                 13.1742             316.3           3377.0986     4078.8000     -701.7014
        99.0811                 13.1811             320.6           3631.6463     4119.1200     -487.4737
        99.1330                 13.1880             310.0           3422.7814     4018.8600     -596.0786
        99.1850                 13.1949             302.1           3040.5366     3944.7000     -904.1634
        99.2371                 13.2019             327.4           3606.3456     4182.6600     -576.3144
        99.2500                 13.2036             287.8           3378.2232     3809.5200     -431.2968
        99.3018                 13.2105             312.2           3441.1599     4039.9200     -598.7601
        99.3536                 13.2174             308.8           3234.5658     4007.8800     -773.3142
        99.4057                 13.2244             319.4           3394.7739     4107.4200     -712.6461
        99.4577                 13.2313             313.6           3377.7363     4052.5200     -674.7837
        99.5097                 13.2382             289.0           3269.8448     3820.3200     -550.4752
        99.5617                 13.2452             294.5           3279.1511     3872.7000     -593.5489
        99.6136                 13.2521             302.9           3190.2212     3951.5400     -761.3188
        99.6656                 13.2590             299.5           3262.8871     3919.8600     -656.9729
        99.7176                 13.2659             315.0           3327.2673     4066.0200     -738.7527
        99.7695                 13.2729             304.6           3175.7699     3968.2800     -792.5101
        99.8214                 13.2798             289.8           3119.1298     3827.8800     -708.7502
        99.8733                 13.2867             313.0           3346.7223     4047.4800     -700.7577
        99.9251                 13.2937             296.2           3211.0940     3888.7200     -677.6260
        99.9770                 13.3006             306.9           3253.5464     3989.5200     -735.9736
       100.0290                 13.3075             323.8           3548.7769     4149.1800     -600.4031
       100.0809                 13.3144             293.3           3236.1020     3860.8200     -624.7180
       100.1328                 13.3214             294.8           3220.3527     3875.0400     -654.6873
       100.1847                 13.3283             309.8           3280.5791     4016.5200     -735.9409
       100.2366                 13.3352             295.4           2977.0798     3880.8000     -903.7202
       100.2500                 13.3370             311.0           3332.4893     4028.0400     -695.5507
       100.3019                 13.3439             325.7           3188.8910     4167.1800     -978.2890
       100.3539                 13.3509             296.5           3164.9104     3891.0600     -726.1496
       100.4057                 13.3578             302.3           3274.7066     3946.3200     -671.6134
       100.4577                 13.3647             313.3           3357.2962     4049.8200     -692.5238
       100.5098                 13.3716             298.9           3373.0014     3914.1000     -541.0986
       100.5617                 13.3786             315.6           3539.2969     4071.7800     -532.4831
       100.6137                 13.3855             321.3           3492.3616     4125.6000     -633.2384
       100.6657                 13.3924             315.4           3375.6215     4069.8000     -694.1785
       100.7176                 13.3994             306.9           3615.8952     3990.0600     -374.1648
       100.7696                 13.4063             299.2           3232.2089     3917.1600     -684.9511
       100.8215                 13.4132             308.0           3411.2788     4000.3200     -589.0412
       100.8734                 13.4201             312.6           3284.6125     4043.7000     -759.0875
       100.9255                 13.4271             304.3           3230.3754     3965.0400     -734.6646
       100.9774                 13.4340             321.3           3296.4053     4125.7800     -829.3747
       101.0294                 13.4409             302.5           3460.7057     3948.3000     -487.5943
       101.0813                 13.4479             317.6           3647.5942     4090.1400     -442.5458
       101.1333                 13.4548             291.6           3305.7455     3845.5200     -539.7745
       101.1852                 13.4617             301.0           3339.8301     3934.2600     -594.4299
       101.2371                 13.4686             313.4           3469.4770     4050.9000     -581.4230
       101.2500                 13.4704             305.2           3232.6090     3974.0400     -741.4310
       101.3018                 13.4773             315.4           3557.8897     4069.4400     -511.5503
       101.3537                 13.4842             309.3           3438.7207     4012.7400     -574.0193
       101.4056                 13.4911             295.7           3403.8341     3883.8600     -480.0259
       101.4575                 13.4981             316.7           3299.9450     4082.2200     -782.2750
       101.5095                 13.5050             300.8           3325.9656     3932.4600     -606.4944
       101.5614                 13.5119             320.1           3680.9175     4114.0800     -433.1625
       101.6134                 13.5189             293.9           3311.4140     3866.9400     -555.5260
       101.6651                 13.5258             308.8           3482.4316     4007.1600     -524.7284
       101.7170                 13.5327             316.4           3420.7571     4078.9800     -658.2229
       101.7690                 13.5396             316.5           3325.6284     4080.2400     -754.6116
       101.8210                 13.5466             301.6           3015.9337     3940.0200     -924.0863
       101.8728                 13.5535             298.0           3062.0018     3906.0000     -843.9982
       101.9248                 13.5604             334.1           3450.9305     4246.5600     -795.6295
       101.9768                 13.5673             304.9           3473.7645     3970.6200     -496.8555
       102.0287                 13.5743             315.2           3461.5053     4067.8200     -606.3147
       102.0807                 13.5812             310.0           3315.7345     4018.5000     -702.7655
       102.1328                 13.5881             324.1           3399.7994     4151.7000     -751.9006
       102.1848                 13.5951             301.6           3390.4215     3940.0200     -549.5985
       102.2368                 13.6020             289.4           3208.0398     3824.2800     -616.2402
       102.2500                 13.6037             305.2           3331.1330     3973.1400     -642.0070
       102.3020                 13.6107             316.3           3568.0188     4078.8000     -510.7812
       102.3538                 13.6176             301.6           3566.2527     3939.3000     -373.0473
       102.4056                 13.6245             304.9           3459.7234     3970.8000     -511.0766
       102.4575                 13.6315             310.5           3359.1582     4023.1800     -664.0218
       102.5093                 13.6384             304.5           3362.8875     3967.2000     -604.3125
       102.5613                 13.6453             314.9           3536.2243     4064.9400     -528.7157
       102.6132                 13.6522             308.5           3225.9866     4004.4600     -778.4734
       102.6652                 13.6592             297.5           3234.1720     3900.7800     -666.6080
       102.7172                 13.6661             299.5           3159.0312     3919.8600     -760.8288
       102.7691                 13.6730             294.0           3101.2901     3867.6600     -766.3699
       102.8213                 13.6799             309.5           3359.6853     4013.8200     -654.1347
       102.8733                 13.6869             298.4           3314.6205     3909.7800     -595.1595
       102.9251                 13.6938             291.2           3055.8401     3841.2000     -785.3599
       102.9770                 13.7007             316.7           3407.3138     4082.0400     -674.7262
       103.0289                 13.7077             311.6           3394.5321     4033.8000     -639.2679
       103.0808                 13.7146             320.4           3260.3188     4117.3200     -857.0012
       103.1329                 13.7215             323.8           3533.9370     4149.5400     -615.6030
       103.1846                 13.7284             320.7           3682.3002     4119.8400     -437.5398
       103.2365                 13.7354             297.1           3232.0671     3897.1800     -665.1129
       103.2500                 13.7372             311.8           3400.6529     4036.1400     -635.4871
       103.3021                 13.7441             289.7           3363.5375     3827.1600     -463.6225
       103.3541                 13.7510             300.3           3324.3709     3927.7800     -603.4091
       103.4060                 13.7580             303.0           3127.1522     3952.9800     -825.8278
       103.4580                 13.7649             326.8           3285.8574     4177.8000     -891.9426
       103.5100                 13.7718             311.0           3096.0008     4028.7600     -932.7592
       103.5620                 13.7787             312.6           3228.5449     4043.7000     -815.1551
       103.6139                 13.7857             292.6           3222.7927     3854.5200     -631.7273
       103.6657                 13.7926             300.8           3361.9617     3932.4600     -570.4983
       103.7176                 13.7995             301.8           3115.0198     3941.2800     -826.2602
       103.7695                 13.8065             313.8           3455.1078     4054.8600     -599.7522
       103.8213                 13.8134             297.0           3298.2022     3896.2800     -598.0778
       103.8731                 13.8203             309.6           3507.3592     4014.9000     -507.5408
       103.9250                 13.8272             308.5           3236.5987     4004.6400     -768.0413
       103.9771                 13.8342             292.3           3287.2725     3851.4600     -564.1875
       104.0290                 13.8411             305.5           3577.5596     3976.2000     -398.6404
       104.0810                 13.8480             310.0           3303.6436     4018.5000     -714.8564
       104.1331                 13.8550             312.9           3432.3314     4046.2200     -613.8886
       104.1849                 13.8619             321.5           3575.6016     4127.7600     -552.1584
       104.2368                 13.8688             299.3           3261.7206     3917.7000     -655.9794
       104.2500                 13.8706             309.5           3388.3066     4014.0000     -625.6934
       104.3019                 13.8775             308.7           3428.7828     4006.2600     -577.4772
       104.3538                 13.8844             295.2           3069.7369     3879.5400     -809.8031
       104.4058                 13.8913             306.4           3399.4109     3985.2000     -585.7891
       104.4576                 13.8983             298.7           3313.3608     3911.7600     -598.3992
       104.5096                 13.9052             315.0           3338.5111     4065.6600     -727.1489
       104.5615                 13.9121             299.9           3512.7389     3923.4600     -410.7211
       104.6133                 13.9191             323.3           3637.5388     4143.9600     -506.4212
       104.6652                 13.9260             296.6           3072.3633     3892.5000     -820.1367
       104.7171                 13.9329             281.9           2878.0352     3753.7200     -875.6848
       104.7691                 13.9398             294.7           3054.6109     3874.8600     -820.2491
       104.8212                 13.9468             291.4           2903.2653     3843.7200     -940.4547
       104.8731                 13.9537             320.6           3452.5874     4118.7600     -666.1726
       104.9251                 13.9606             297.1           3125.5226     3897.3600     -771.8374
       104.9772                 13.9675             308.9           3276.1450     4008.2400     -732.0950
       105.0293                 13.9745             314.8           3275.6866     4064.0400     -788.3534
       105.0813                 13.9814             302.9           3189.3762     3951.5400     -762.1638
       105.1334                 13.9883             309.8           3342.6367     4017.0600     -674.4233
       105.1854                 13.9953             298.7           3206.6093     3911.9400     -705.3307
       105.2373                 14.0022             300.3           3544.2738     3927.0600     -382.7862
       105.2500                 14.0039             300.0           3390.3193     3924.7200     -534.4007
       105.3021                 14.0108             310.2           3606.4071     4020.6600     -414.2529
       105.3540                 14.0177             294.7           3319.6206     3874.3200     -554.6994
       105.4059                 14.0247             313.6           3471.8024     4052.8800     -581.0776
       105.4577                 14.0316             305.6           3326.4712     3977.1000     -650.6288
       105.5097                 14.0385             312.1           3557.4635     4039.0200     -481.5565
       105.5616                 14.0454             307.1           3253.8147     3991.1400     -737.3253
       105.6136                 14.0524             305.2           3259.6686     3973.5000     -713.8314
       105.6657                 14.0593             311.1           3441.9619     4029.6600     -587.6981
       105.7175                 14.0662             318.5           3436.0079     4099.3200     -663.3121
       105.7695                 14.0732             306.8           3283.8893     3988.8000     -704.9107
       105.8216                 14.0801             306.0           3408.5228     3981.4200     -572.8972
       105.8735                 14.0870             302.5           3156.0567     3948.3000     -792.2433
       105.9255                 14.0939             311.7           3361.0292     4035.2400     -674.2108
       105.9775                 14.1009             308.8           3274.6120     4007.8800     -733.2680
       106.0294                 14.1078             303.0           3423.9182     3952.9800     -529.0618
       106.0813                 14.1147             292.5           3501.9485     3853.2600     -351.3115
       106.1332                 14.1217             304.1           3484.2462     3963.6000     -479.3538
       106.1851                 14.1286             311.4           3498.5478     4031.8200     -533.2722
       106.2372                 14.1355             290.0           3037.6937     3830.0400     -792.3463
       106.2500                 14.1372             305.4           3165.4876     3975.8400     -810.3524
       106.3019                 14.1441             307.4           3399.5346     3994.2000     -594.6654
       106.3539                 14.1511             291.9           2994.8592     3848.2200     -853.3608
       106.4058                 14.1580             296.7           3023.7746     3893.2200     -869.4454
       106.4578                 14.1649             325.6           3580.4860     4166.4600     -585.9740
       106.5098                 14.1719             297.2           3257.6299     3897.9000     -640.2701
       106.5618                 14.1788             292.3           3176.7948     3851.4600     -674.6652
       106.6138                 14.1857             309.5           3375.9574     4014.5400     -638.5826
       106.6658                 14.1926             282.1           3275.3168     3755.7000     -480.3832
       106.7176                 14.1996             313.0           3438.4178     4047.3000     -608.8822
       106.7696                 14.2065             307.0           3347.8625     3990.2400     -642.3775
       106.8216                 14.2134             330.2           3622.7796     4209.3000     -586.5204
       106.8735                 14.2204             302.8           3226.4281     3950.6400     -724.2119
       106.9255                 14.2273             301.1           3017.0280     3934.9800     -917.9520
       106.9776                 14.2342             300.8           3229.1008     3932.2800     -703.1792
       107.0296                 14.2411             278.7           3019.6102     3723.3000     -703.6898
       107.0816                 14.2481             300.0           3164.6685     3924.1800     -759.5115
       107.1333                 14.2550             302.5           3210.0070     3948.3000     -738.2930
       107.1852                 14.2619             301.0           3289.7162     3933.7200     -644.0038
       107.2371                 14.2688             295.6           3161.1948     3882.6000     -721.4052
       107.2500                 14.2706             305.7           3249.1030     3978.1800     -729.0770
       107.3021                 14.2775             298.6           3190.0917     3910.8600     -720.7683
       107.3540                 14.2844             307.7           3216.1197     3997.6200     -781.5003
       107.4060                 14.2913             304.7           3297.1774     3968.6400     -671.4626
       107.4581                 14.2983             306.2           3317.6499     3982.8600     -665.2101
       107.5102                 14.3052             312.4           3503.7953     4041.7200     -537.9247
       107.5620                 14.3121             309.8           3602.6784     4016.7000     -414.0216
       107.6138                 14.3190             324.4           3442.4995     4154.9400     -712.4405
       107.6658                 14.3260             296.1           3291.1556     3887.4600     -596.3044
       107.7177                 14.3329             301.4           3216.6819     3937.3200     -720.6381
       107.7696                 14.3398             283.9           3299.6639     3772.6200     -472.9561
       107.8214                 14.3468             302.0           3287.5862     3943.8000     -656.2138
       107.8734                 14.3537             300.7           3095.1443     3930.6600     -835.5157
       107.9254                 14.3606             315.2           3438.6342     4068.1800     -629.5458
       107.9773                 14.3675             314.8           3466.0732     4064.0400     -597.9668
       108.0291                 14.3745             324.2           3436.3892     4152.9600     -716.5708
       108.0811                 14.3814             310.6           3423.2685     4024.0800     -600.8115
       108.1330                 14.3883             313.3           3635.6385     4050.0000     -414.3615
       108.1848                 14.3953             304.3           3500.8235     3964.6800     -463.8565
       108.2367                 14.4022             300.7           3322.3219     3931.2000     -608.8781
       108.2500                 14.4040             313.9           3546.1910     4055.2200     -509.0290
       108.3020                 14.4109             317.9           3371.7222     4093.0200     -721.2978
       108.3539                 14.4178             315.8           3246.9035     4073.7600     -826.8565
       108.4059                 14.4247             315.3           3347.1798     4068.5400     -721.3602
       108.4577                 14.4317             312.6           3303.0860     4043.8800     -740.7940
       108.5095                 14.4386             297.7           3211.4556     3902.9400     -691.4844
       108.5614                 14.4455             295.6           3200.8865     3883.1400     -682.2535
       108.6132                 14.4524             309.5           3316.0621     4014.1800     -698.1179
       108.6651                 14.4594             294.2           3167.9995     3869.4600     -701.4605
       108.7170                 14.4663             305.9           3410.2964     3979.9800     -569.6836
       108.7689                 14.4732             292.5           3176.4144     3853.9800     -677.5656
       108.8209                 14.4802             298.9           3216.0515     3913.9200     -697.8685
       108.8730                 14.4871             322.5           3495.7719     4137.1200     -641.3481
       108.9249                 14.4940             293.2           3192.3256     3860.1000     -667.7744
       108.9768                 14.5009             308.0           3396.1415     4000.3200     -604.1785
       109.0288                 14.5079             311.7           3431.7218     4035.0600     -603.3382
       109.0807                 14.5148             282.8           3129.4660     3761.8200     -632.3540
       109.1327                 14.5217             322.1           3460.6819     4132.6200     -671.9381
       109.1847                 14.5287             327.5           3422.8877     4184.1000     -761.2123
       109.2368                 14.5356             321.3           3354.7381     4125.4200     -770.6819
       109.2500                 14.5373             285.0           3348.4393     3782.5200     -434.0807
       109.3020                 14.5443             292.9           3288.1647     3857.0400     -568.8753
       109.3539                 14.5512             299.5           3396.8645     3919.8600     -522.9955
       109.4057                 14.5581             295.1           3120.7249     3878.1000     -757.3751
       109.4574                 14.5650             307.7           3552.8518     3996.7200     -443.8682
       109.5093                 14.5720             298.5           3283.5483     3910.6800     -627.1317
       109.5613                 14.5789             299.9           3390.5143     3923.8200     -533.3057
       109.6132                 14.5858             302.2           3349.6400     3945.0600     -595.4200
       109.6652                 14.5928             306.1           3208.2045     3982.5000     -774.2955
       109.7171                 14.5997             304.8           3323.8022     3969.9000     -646.0978
       109.7691                 14.6066             300.3           3431.2279     3926.8800     -495.6521
       109.8209                 14.6135             303.5           3292.4426     3957.4800     -665.0374
       109.8729                 14.6205             303.9           3284.3089     3961.2600     -676.9511
       109.9250                 14.6274             313.7           3150.8073     4053.4200     -902.6127
       109.9770                 14.6343             321.0           3266.8705     4122.9000     -856.0295
       110.0290                 14.6413             328.5           3375.9500     4193.1000     -817.1500
       110.0810                 14.6482             299.5           3267.7252     3920.0400     -652.3148
       110.1329                 14.6551             301.2           3322.2547     3936.2400     -613.9853
       110.1848                 14.6620             312.4           3210.3726     4041.3600     -830.9874
       110.2368                 14.6690             293.7           3243.5161     3865.3200     -621.8039
       110.2500                 14.6707             304.6           3270.1232     3968.1000     -697.9768
       110.3020                 14.6776             291.6           3206.3819     3844.8000     -638.4181
       110.3540                 14.6846             304.8           3382.3040     3969.7200     -587.4160
       110.4060                 14.6915             306.0           3220.4451     3980.8800     -760.4349
       110.4579                 14.6984             297.3           3315.0777     3899.1600     -584.0823
       110.5099                 14.7054             310.2           3364.8395     4021.2000     -656.3605
       110.5619                 14.7123             309.1           3593.8119     4010.7600     -416.9481
       110.6138                 14.7192             299.5           3185.7771     3919.6800     -733.9029
       110.6657                 14.7261             298.0           3293.8856     3905.8200     -611.9344
       110.7176                 14.7331             298.5           3106.5025     3910.6800     -804.1775
       110.7695                 14.7400             314.1           3260.4895     4057.9200     -797.4305
       110.8215                 14.7469             316.1           3415.3588     4076.4600     -661.1012
       110.8734                 14.7539             306.8           3247.0475     3988.9800     -741.9325
       110.9255                 14.7608             323.5           3288.0516     4145.9400     -857.8884
       110.9774                 14.7677             299.0           3022.2971     3915.3600     -893.0629
       111.0293                 14.7746             315.1           3278.7924     4066.9200     -788.1276
       111.0810                 14.7816             312.9           3433.8540     4046.2200     -612.3660
       111.1329                 14.7885             324.8           3503.5271     4158.7200     -655.1929
       111.1847                 14.7954             313.2           3473.3363     4048.7400     -575.4037
       111.2366                 14.8023             325.0           3528.5242     4160.1600     -631.6358
       111.2500                 14.8041             325.5           3378.2431     4165.0200     -786.7769
       111.3021                 14.8111             296.4           3277.2349     3890.5200     -613.2851
       111.3540                 14.8180             309.5           3325.6330     4014.3600     -688.7270
       111.4061                 14.8249             298.8           3447.9712     3913.5600     -465.5888
       111.4579                 14.8318             321.0           3579.9681     4122.7200     -542.7519
       111.5099                 14.8388             310.2           3547.9415     4020.6600     -472.7185
       111.5618                 14.8457             287.0           3224.0814     3801.7800     -577.6986
       111.6137                 14.8526             289.9           3075.0317     3828.7800     -753.7483
       111.6658                 14.8595             308.1           3144.1506     4000.8600     -856.7094
       111.7180                 14.8665             301.9           3158.5148     3942.5400     -784.0252
       111.7699                 14.8734             312.5           3343.9993     4042.8000     -698.8007
       111.8218                 14.8803             313.1           3167.9675     4048.3800     -880.4125
       111.8738                 14.8873             301.7           3254.5631     3940.7400     -686.1769
       111.9257                 14.8942             299.5           3313.0768     3920.2200     -607.1432
       111.9776                 14.9011             291.6           3399.7920     3844.8000     -445.0080
       112.0294                 14.9080             306.1           3318.7844     3981.7800     -662.9956
       112.0814                 14.9150             305.5           3300.1335     3976.5600     -676.4265
       112.1333                 14.9219             303.0           3190.8700     3952.9800     -762.1100
       112.1853                 14.9288             313.9           3214.7625     4055.7600     -840.9975
       112.2373                 14.9358             306.4           3525.5611     3985.2000     -459.6389
       112.2500                 14.9375             310.9           3560.0587     4027.5000     -467.4413
       112.3019                 14.9444             310.0           3510.3790     4018.6800     -508.3010
       112.3539                 14.9513             298.1           3290.1955     3906.3600     -616.1645
       112.4058                 14.9582             313.7           3464.5034     4054.1400     -589.6366
       112.4578                 14.9652             306.6           3202.4175     3986.4600     -784.0425
       112.5097                 14.9721             309.7           3516.8470     4015.9800     -499.1330
       112.5616                 14.9790             309.2           3614.0980     4010.9400     -396.8420
       112.6134                 14.9859             300.1           3334.9784     3925.4400     -590.4616
       112.6653                 14.9929             304.2           3490.3008     3963.9600     -473.6592
       112.7173                 14.9998             308.1           3483.7201     4001.4000     -517.6799
       112.7693                 15.0067             295.8           3265.2226     3885.3000     -620.0774
       112.8212                 15.0137             295.8           3227.4330     3885.1200     -657.6870
       112.8734                 15.0206             316.8           3415.3177     4083.4800     -668.1623
       112.9252                 15.0275             289.2           3169.4939     3822.3000     -652.8061
       112.9771                 15.0344             290.7           3311.9984     3837.0600     -525.0616
       113.0292                 15.0414             307.7           3458.8732     3996.7200     -537.8468
       113.0810                 15.0483             317.4           3554.7936     4088.8800     -534.0864
       113.1328                 15.0552             306.5           3275.2364     3985.5600     -710.3236
       113.1849                 15.0621             304.0           3232.6534     3962.7000     -730.0466
       113.2369                 15.0691             310.7           3165.5044     4025.7000     -860.1956
       113.2500                 15.0708             310.2           3346.7249     4021.0200     -674.2951
       113.3020                 15.0778             306.6           3423.3314     3987.1800     -563.8486
       113.3540                 15.0847             308.1           3384.4842     4001.4000     -616.9158
       113.4059                 15.0916             309.9           3495.3726     4017.9600     -522.5874
       113.4579                 15.0985             304.1           3161.0986     3963.6000     -802.5014
       113.5099                 15.1055             321.7           3246.3735     4129.7400     -883.3665
       113.5619                 15.1124             310.4           3253.1669     4023.0000     -769.8331
       113.6139                 15.1193             306.1           3350.1823     3981.7800     -631.5977
       113.6659                 15.1262             298.9           3287.3240     3913.7400     -626.4160
       113.7179                 15.1332             307.9           3437.8806     3999.4200     -561.5394
       113.7699                 15.1401             301.6           3333.5085     3939.3000     -605.7915
       113.8219                 15.1470             305.0           3372.0426     3971.3400     -599.2974
       113.8738                 15.1540             308.1           3491.0571     4001.0400     -509.9829
       113.9259                 15.1609             304.4           3230.2103     3966.1200     -735.9097
       113.9777                 15.1678             308.0           3365.7197     3999.7800     -634.0603
       114.0297                 15.1747             306.0           3377.0881     3981.2400     -604.1519
       114.0816                 15.1817             289.5           3437.1310     3825.3600     -388.2290
       114.1335                 15.1886             308.3           3496.1332     4002.4800     -506.3468
       114.1854                 15.1955             303.1           3226.7311     3953.8800     -727.1489
       114.2374                 15.2024             308.6           3195.7035     4005.3600     -809.6565
       114.2500                 15.2041             317.4           3306.8405     4088.3400     -781.4995
       114.3020                 15.2110             309.8           3324.0977     4016.7000     -692.6023
       114.3540                 15.2180             306.0           3225.2885     3980.7000     -755.4115
       114.4059                 15.2249             317.1           3360.6672     4086.1800     -725.5128
       114.4578                 15.2318             304.4           3545.2565     3966.1200     -420.8635
       114.5097                 15.2388             317.1           3549.5068     4086.0000     -536.4932
       114.5615                 15.2457             300.9           3383.3987     3933.1800     -549.7813
       114.6135                 15.2526             307.8           3331.7846     3997.9800     -666.1954
       114.6654                 15.2595             312.1           3251.6503     4038.6600     -787.0097
       114.7173                 15.2665             323.9           3628.8853     4149.9000     -521.0147
       114.7689                 15.2734             304.5           3481.9356     3966.6600     -484.7244
       114.8209                 15.2803             310.2           3204.0475     4020.8400     -816.7925
       114.8728                 15.2873             302.7           3307.6026     3949.9200     -642.3174
       114.9249                 15.2942             293.7           3244.1917     3865.1400     -620.9483
       114.9768                 15.3011             298.0           3172.1865     3905.2800     -733.0935
       115.0286                 15.3080             320.0           3313.2931     4113.0000     -799.7069
       115.0806                 15.3150             317.1           3481.9049     4085.6400     -603.7351
       115.1325                 15.3219             302.9           3556.8960     3951.7200     -394.8240
       115.1844                 15.3288             317.1           3652.4956     4085.8200     -433.3244
       115.2363                 15.3357             293.7           3356.1083     3865.3200     -509.2117
       115.2500                 15.3376             299.5           3353.9288     3919.5000     -565.5712
       115.3020                 15.3445             303.4           3220.3274     3956.5800     -736.2526
       115.3539                 15.3514             314.7           3412.3305     4063.1400     -650.8095
       115.4059                 15.3584             307.9           3177.5460     3998.7000     -821.1540
       115.4578                 15.3653             308.8           3328.0850     4007.7000     -679.6150
       115.5099                 15.3722             321.5           3516.7458     4127.5800     -610.8342
       115.5618                 15.3791             330.6           3731.5960     4212.9000     -481.3040
       115.6138                 15.3861             297.5           3312.3498     3900.7800     -588.4302
       115.6656                 15.3930             316.8           3343.6035     4082.7600     -739.1565
       115.7175                 15.3999             311.4           3485.5374     4031.6400     -546.1026
       115.7696                 15.4068             305.5           3197.1389     3976.0200     -778.8811
       115.8216                 15.4138             301.1           3232.7502     3934.6200     -701.8698
       115.8736                 15.4207             327.4           3581.8009     4183.5600     -601.7591
       115.9255                 15.4276             293.0           3246.1604     3858.8400     -612.6796
       115.9772                 15.4346             306.5           3406.0925     3986.1000     -580.0075
       116.0291                 15.4415             331.0           3621.3278     4217.2200     -595.8922
       116.0811                 15.4484             306.1           3278.4245     3981.9600     -703.5355
       116.1331                 15.4553             296.7           3198.0165     3893.5800     -695.5635
       116.1850                 15.4623             282.8           3027.9180     3762.1800     -734.2620
       116.2370                 15.4692             317.4           3327.7660     4088.8800     -761.1140
       116.2500                 15.4709             315.2           3267.5027     4068.3600     -800.8573
       116.3018                 15.4779             317.6           3351.4442     4090.8600     -739.4158
       116.3538                 15.4848             312.6           3406.0204     4043.1600     -637.1396
       116.4058                 15.4917             313.6           3329.2155     4052.5200     -723.3045
       116.4577                 15.4986             300.4           3298.9091     3928.6800     -629.7709
       116.5097                 15.5056             310.3           3407.3039     4021.7400     -614.4361
       116.5616                 15.5125             289.7           2997.0550     3827.7000     -830.6450
       116.6136                 15.5194             308.2           3341.1403     4002.3000     -661.1597
       116.6655                 15.5264             291.7           3175.0975     3846.0600     -670.9625
       116.7175                 15.5333             313.1           3376.4843     4048.2000     -671.7157
       116.7695                 15.5402             293.0           3302.0101     3858.1200     -556.1099
       116.8215                 15.5471             310.6           3305.2802     4024.9800     -719.6998
       116.8734                 15.5541             300.3           3306.2739     3927.4200     -621.1461
       116.9253                 15.5610             311.5           3290.2660     4033.4400     -743.1740
       116.9773                 15.5679             301.6           3360.1600     3939.1200     -578.9600
       117.0293                 15.5749             297.9           3307.8024     3904.3800     -596.5776
       117.0812                 15.5818             310.3           3393.7965     4021.9200     -628.1235
       117.1330                 15.5887             313.2           3636.4064     4049.4600     -413.0536
       117.1849                 15.5956             315.5           3560.7567     4071.2400     -510.4833
       117.2369                 15.6026             311.4           3345.3799     4032.5400     -687.1601
       117.2500                 15.6043             289.6           3241.2771     3825.9000     -584.6229
       117.3019                 15.6112             295.2           3201.2927     3879.0000     -677.7073
       117.3538                 15.6182             301.6           3234.0524     3939.4800     -705.4276
       117.4058                 15.6251             299.6           3047.8040     3921.1200     -873.3160
       117.4577                 15.6320             304.2           3170.7773     3964.1400     -793.3627
       117.5097                 15.6390             305.9           3190.0844     3979.9800     -789.8956
       117.5615                 15.6459             304.6           3317.1581     3968.1000     -650.9419
       117.6135                 15.6528             321.1           3308.2745     4123.4400     -815.1655
       117.6652                 15.6597             319.8           3358.9007     4111.7400     -752.8393
       117.7172                 15.6667             304.9           3261.0093     3970.8000     -709.7907
       117.7689                 15.6736             297.7           3342.3970     3902.4000     -560.0030
       117.8207                 15.6805             314.3           3535.3468     4059.9000     -524.5532
       117.8726                 15.6874             317.6           3432.1170     4090.1400     -658.0230
       117.9247                 15.6944             297.9           3343.5534     3904.5600     -561.0066
       117.9767                 15.7013             323.8           3363.3605     4149.1800     -785.8195
       118.0287                 15.7082             302.1           3285.7859     3943.9800     -658.1941
       118.0806                 15.7152             302.1           3112.5422     3944.7000     -832.1578
       118.1327                 15.7221             310.7           3221.6998     4025.5200     -803.8202
       118.1846                 15.7290             329.1           3770.6769     4199.5800     -428.9031
       118.2366                 15.7359             311.2           3253.1026     4030.2000     -777.0974
       118.2500                 15.7377             303.7           3289.0251     3959.4600     -670.4349
       118.3019                 15.7447             320.6           3607.7521     4119.1200     -511.3679
       118.3539                 15.7516             288.5           3213.9152     3815.6400     -601.7248
       118.4059                 15.7585             311.7           3166.6140     4034.5200     -867.9060
       118.4579                 15.7654             311.7           3258.2701     4034.5200     -776.2499
       118.5099                 15.7724             307.5           3331.1806     3995.2800     -664.0994
       118.5618                 15.7793             312.5           3513.6515     4042.6200     -528.9685
       118.6136                 15.7862             290.4           3474.4917     3834.0000     -359.5083
       118.6654                 15.7932             309.5           3526.4917     4013.8200     -487.3283
       118.7173                 15.8001             313.4           3451.2530     4050.9000     -599.6470
       118.7691                 15.8070             289.3           3152.2279     3823.5600     -671.3321
       118.8210                 15.8139             315.7           3621.9951     4072.6800     -450.6849
       118.8729                 15.8209             309.3           3375.5479     4012.3800     -636.8321
       118.9250                 15.8278             298.3           3239.6020     3908.7000     -669.0980
       118.9769                 15.8347             307.4           3370.9347     3994.7400     -623.8053
       119.0287                 15.8416             305.2           3309.2182     3973.8600     -664.6418
       119.0808                 15.8486             305.3           3484.7544     3974.7600     -490.0056
       119.1327                 15.8555             298.8           3335.6079     3913.3800     -577.7721
       119.1846                 15.8624             298.8           3158.7216     3913.0200     -754.2984
       119.2367                 15.8694             292.1           3080.4720     3850.3800     -769.9080
       119.2500                 15.8711             310.6           3313.0738     4024.9800     -711.9062
       119.3019                 15.8781             320.9           3550.8626     4121.6400     -570.7774
       119.3540                 15.8850             303.8           3308.1909     3960.3600     -652.1691
       119.4060                 15.8919             317.0           3421.2064     4084.9200     -663.7136
       119.4578                 15.8988             310.7           3403.8364     4025.5200     -621.6836
       119.5097                 15.9058             308.7           3377.0198     4006.9800     -629.9602
       119.5618                 15.9127             320.3           3379.7225     4116.0600     -736.3375
       119.6137                 15.9196             297.1           3313.9348     3896.8200     -582.8852
       119.6657                 15.9266             318.7           3395.9200     4101.3000     -705.3800
       119.7177                 15.9335             289.9           2969.6549     3829.1400     -859.4851
       119.7694                 15.9404             306.3           3484.3164     3983.5800     -499.2636
       119.8213                 15.9473             300.4           3325.4113     3928.6800     -603.2687
       119.8735                 15.9543             304.2           3302.8482     3963.7800     -660.9318
       119.9255                 15.9612             317.6           3317.4856     4090.3200     -772.8344
       119.9775                 15.9681             312.9           3347.7341     4046.0400     -698.3059
       120.0294                 15.9751             297.3           3279.9236     3899.1600     -619.2364
       120.0813                 15.9820             298.6           3317.9859     3911.0400     -593.0541
       120.1331                 15.9889             309.8           3301.9829     4017.0600     -715.0771
       120.1851                 15.9958             315.2           3696.4441     4067.8200     -371.3759
       120.2369                 16.0028             299.0           3214.6447     3915.1800     -700.5353
       120.2500                 16.0045             302.3           3344.7200     3946.3200     -601.6000
       120.3019                 16.0114             298.1           3415.8116     3906.3600     -490.5484
       120.3539                 16.0184             300.2           3337.2958     3926.7000     -589.4042
       120.4058                 16.0253             317.7           3554.2552     4091.5800     -537.3248
       120.4578                 16.0322             306.0           3476.9999     3981.4200     -504.4201
       120.5098                 16.0391             301.5           3466.1425     3938.5800     -472.4375
       120.5616                 16.0461             315.3           3343.5665     4069.0800     -725.5135
       120.6136                 16.0530             319.8           3573.4766     4111.0200     -537.5434
       120.6655                 16.0599             306.7           3308.8126     3988.0800     -679.2674
       120.7174                 16.0669             281.1           3118.0817     3746.5200     -628.4383
       120.7694                 16.0738             310.4           3302.4232     4022.8200     -720.3968
       120.8214                 16.0807             320.1           3437.5673     4114.2600     -676.6927
       120.8736                 16.0876             298.2           2985.5248     3907.6200     -922.0952
       120.9256                 16.0946             334.7           3555.3513     4251.6000     -696.2487
       120.9777                 16.1015             308.2           3343.2063     4002.1200     -658.9137
       121.0297                 16.1084             309.3           3327.9047     4011.8400     -683.9353
       121.0817                 16.1153             303.4           3039.5370     3956.5800     -917.0430
       121.1339                 16.1223             310.9           3365.9156     4026.9600     -661.0444
       121.1857                 16.1292             319.7           3494.3124     4110.4800     -616.1676
       121.2376                 16.1361             322.9           3592.8282     4140.5400     -547.7118
       121.2500                 16.1378             314.2           3567.3840     4058.1000     -490.7160
       121.3019                 16.1447             310.7           3468.0833     4025.7000     -557.6167
       121.3538                 16.1516             303.1           3379.0771     3953.5200     -574.4429
       121.4056                 16.1586             309.3           3575.8863     4012.3800     -436.4937
       121.4575                 16.1655             295.4           3213.2791     3880.8000     -667.5209
       121.5095                 16.1724             308.6           3118.4236     4005.9000     -887.4764
       121.5614                 16.1793             306.9           3248.3772     3989.3400     -740.9628
       121.6135                 16.1863             315.0           3457.7376     4065.8400     -608.1024
       121.6653                 16.1932             309.1           3493.8620     4010.4000     -516.5380
       121.7172                 16.2001             306.6           3369.9574     3986.8200     -616.8626
       121.7691                 16.2071             306.5           3597.1413     3985.5600     -388.4187
       121.8210                 16.2140             305.1           3419.7477     3972.2400     -552.4923
       121.8728                 16.2209             304.7           3310.6426     3968.4600     -657.8174
       121.9249                 16.2278             301.8           3477.9285     3941.1000     -463.1715
       121.9768                 16.2348             307.7           3351.0750     3997.4400     -646.3650
       122.0288                 16.2417             322.0           3496.0119     4132.2600     -636.2481
       122.0808                 16.2486             306.9           3328.4970     3989.7000     -661.2030
       122.1327                 16.2555             313.9           3370.7688     4055.7600     -684.9912
       122.1847                 16.2625             317.7           3420.9143     4091.2200     -670.3057
       122.2367                 16.2694             315.4           3453.3347     4069.4400     -616.1053
       122.2500                 16.2712             317.9           3314.4106     4093.2000     -778.7894
       122.3020                 16.2781             307.9           3325.4416     3999.0600     -673.6184
       122.3539                 16.2850             303.3           3499.9309     3955.6800     -455.7491
       122.4058                 16.2920             309.2           3376.5508     4010.9400     -634.3892
       122.4577                 16.2989             309.9           3523.5388     4017.9600     -494.4212
       122.5096                 16.3058             311.1           3438.8459     4029.4800     -590.6341
       122.5615                 16.3127             323.5           3589.6766     4146.1200     -556.4434
       122.6135                 16.3197             304.0           3141.1965     3962.7000     -821.5035
       122.6656                 16.3266             305.1           3354.6028     3972.9600     -618.3572
       122.7176                 16.3335             295.3           3481.7920     3880.0800     -398.2880
       122.7695                 16.3405             302.1           3511.5305     3943.9800     -432.4495
       122.8215                 16.3474             307.8           3430.1283     3997.8000     -567.6717
       122.8734                 16.3543             292.9           3223.2641     3857.7600     -634.4959
       122.9254                 16.3612             299.4           3320.7653     3918.9600     -598.1947
       122.9773                 16.3682             301.5           3259.9946     3938.2200     -678.2254
       123.0292                 16.3751             312.2           3357.6872     4039.3800     -681.6928
       123.0811                 16.3820             299.9           3109.6304     3923.6400     -814.0096
       123.1331                 16.3889             300.7           3273.8419     3931.0200     -657.1781
       123.1852                 16.3959             310.6           3373.2367     4024.0800     -650.8433
       123.2372                 16.4028             296.1           3287.8031     3887.4600     -599.6569
       123.2500                 16.4045             293.0           3245.4149     3858.3000     -612.8851
       123.3020                 16.4114             291.2           3316.8255     3841.3800     -524.5545
       123.3538                 16.4184             309.7           3235.6533     4015.8000     -780.1467
       123.4058                 16.4253             310.2           3340.3012     4020.6600     -680.3588
       123.4577                 16.4322             316.0           3504.2470     4075.5600     -571.3130
       123.5096                 16.4391             329.5           3493.3673     4203.3600     -709.9927
       123.5616                 16.4461             295.1           3253.2429     3878.4600     -625.2171
       123.6135                 16.4530             309.3           3462.3571     4012.0200     -549.6629
       123.6655                 16.4599             298.0           3101.8557     3906.0000     -804.1443
       123.7174                 16.4669             302.5           3295.8353     3947.7600     -651.9247
       123.7693                 16.4738             302.8           3342.8977     3950.6400     -607.7423
       123.8211                 16.4807             306.7           3506.2160     3987.9000     -481.6840
       123.8729                 16.4876             313.1           3394.4207     4048.3800     -653.9593
       123.9248                 16.4946             280.4           3314.4973     3739.1400     -424.6427
       123.9767                 16.5015             306.6           3068.6053     3986.4600     -917.8547
       124.0285                 16.5084             322.6           3489.3815     4137.8400     -648.4585
       124.0804                 16.5153             315.4           3271.4040     4069.8000     -798.3960
       124.1323                 16.5223             270.8           2954.8369     3649.1400     -694.3031
       124.1844                 16.5292             296.4           3126.9747     3890.8800     -763.9053
       124.2363                 16.5361             309.0           3315.6126     4009.8600     -694.2474
       124.2500                 16.5380             304.4           3431.4507     3965.5800     -534.1293
       124.3019                 16.5449             306.7           2902.4019     3987.3600    -1084.9581
       124.3540                 16.5518             312.1           3371.8076     4038.4800     -666.6724
       124.4060                 16.5587             293.3           3273.2594     3860.8200     -587.5606
       124.4581                 16.5657             303.9           3349.8229     3961.4400     -611.6171
       124.5100                 16.5726             309.2           3327.1584     4011.4800     -684.3216
       124.5620                 16.5795             307.9           3134.2718     3999.0600     -864.7882
       124.6140                 16.5865             312.7           3372.8653     4044.4200     -671.5547
       124.6659                 16.5934             328.1           3336.8230     4189.8600     -853.0370
       124.7180                 16.6003             299.4           3391.7408     3918.4200     -526.6792
       124.7698                 16.6072             317.3           3496.4076     4087.6200     -591.2124
       124.8219                 16.6142             304.4           3348.3798     3966.1200     -617.7402
       124.8739                 16.6211             317.1           3508.6786     4085.8200     -577.1414
       124.9259                 16.6280             296.3           3196.2407     3889.8000     -693.5593
       124.9777                 16.6349             314.7           3467.0542     4063.3200     -596.2658
       125.0296                 16.6419             305.7           3297.3585     3977.8200     -680.4615
       125.0816                 16.6488             313.0           3339.0990     4046.9400     -707.8410
       125.1336                 16.6557             297.8           3165.8780     3903.6600     -737.7820
       125.1856                 16.6627             307.7           3255.3267     3996.7200     -741.3933
       125.2376                 16.6696             292.6           3123.9215     3854.7000     -730.7785
       125.2500                 16.6712             318.8           3568.8591     4101.6600     -532.8009
       125.3019                 16.6782             309.5           3380.6967     4014.0000     -633.3033
       125.3540                 16.6851             312.7           3274.4708     4044.6000     -770.1292
       125.4060                 16.6920             320.9           3215.6800     4122.0000     -906.3200
       125.4580                 16.6990             304.9           3196.9469     3970.6200     -773.6731
       125.5099                 16.7059             302.9           3093.3753     3951.7200     -858.3447
       125.5618                 16.7128             315.9           3371.4428     4074.3000     -702.8572
       125.6137                 16.7197             292.9           2881.2655     3857.2200     -975.9545
       125.6657                 16.7267             299.8           3303.3153     3922.7400     -619.4247
       125.7175                 16.7336             314.7           3256.2258     4063.3200     -807.0942
       125.7695                 16.7405             313.2           3085.1770     4049.1000     -963.9230
       125.8215                 16.7474             306.5           3134.4245     3985.3800     -850.9555
       125.8734                 16.7544             301.7           3359.9513     3940.5600     -580.6087
       125.9254                 16.7613             296.9           3176.7587     3895.5600     -718.8013
       125.9774                 16.7682             295.7           3247.2221     3883.5000     -636.2779
       126.0294                 16.7752             297.4           3415.9816     3900.4200     -484.4384
       126.0813                 16.7821             322.3           3644.9014     4135.3200     -490.4186
       126.1333                 16.7890             301.7           3462.1658     3940.5600     -478.3942
       126.1852                 16.7959             309.0           3352.5478     4009.8600     -657.3122
       126.2372                 16.8029             318.9           3194.3918     4103.1000     -908.7082
       126.2500                 16.8046             306.9           3222.9397     3989.7000     -766.7603
       126.3020                 16.8115             302.6           2937.1168     3949.3800    -1012.2632
       126.3539                 16.8184             315.2           3368.9809     4068.0000     -699.0191
       126.4058                 16.8253             292.5           3245.1829     3853.4400     -608.2571
       126.4578                 16.8323             291.4           3165.9968     3843.1800     -677.1832
       126.5097                 16.8392             303.1           3350.2385     3953.7000     -603.4615
       126.5614                 16.8461             302.9           3373.5985     3951.7200     -578.1215
       126.6135                 16.8531             319.9           3368.4512     4112.6400     -744.1888
       126.6654                 16.8600             302.4           2986.7241     3946.8600     -960.1359
       126.7175                 16.8669             318.8           3116.6749     4101.6600     -984.9851
       126.7696                 16.8738             317.5           3012.3599     4089.4200    -1077.0601
       126.8216                 16.8808             292.0           3120.4659     3848.5800     -728.1141
       126.8737                 16.8877             303.2           3149.8062     3954.4200     -804.6138
       126.9255                 16.8946             299.8           3372.5280     3922.2000     -549.6720
       126.9774                 16.9015             313.2           3385.9131     4048.7400     -662.8269
       127.0293                 16.9085             310.3           3256.7962     4021.3800     -764.5838
       127.0812                 16.9154             316.6           3341.2328     4081.3200     -740.0872
       127.1330                 16.9223             316.5           3317.7990     4080.2400     -762.4410
       127.1851                 16.9293             316.3           3303.7361     4077.9000     -774.1639
       127.2370                 16.9362             292.5           3190.4554     3853.6200     -663.1646
       127.2500                 16.9379             294.4           3273.9889     3871.6200     -597.6311
       127.3021                 16.9449             321.7           3685.8096     4129.7400     -443.9304
       127.3538                 16.9518             312.9           3576.0205     4046.5800     -470.5595
       127.4058                 16.9587             310.8           3320.2032     4026.0600     -705.8568
       127.4577                 16.9656             307.5           3236.1657     3995.1000     -758.9343
       127.5097                 16.9726             299.5           3155.2635     3919.8600     -764.5965
       127.5617                 16.9795             341.8           3679.8370     4319.2800     -639.4430
       127.6137                 16.9864             337.1           3632.9500     4274.8200     -641.8700
       127.6656                 16.9933             297.2           3010.9808     3898.2600     -887.2792
       127.7174                 17.0003             320.8           3361.0249     4121.1000     -760.0751
       127.7693                 17.0072             300.5           3195.7540     3929.2200     -733.4660
       127.8211                 17.0141             293.7           3244.1306     3865.3200     -621.1894
       127.8731                 17.0211             307.3           3213.1618     3993.6600     -780.4982
       127.9251                 17.0280             314.2           3470.0846     4058.4600     -588.3754
       127.9769                 17.0349             312.9           3417.3945     4046.4000     -629.0055
       128.0289                 17.0418             301.2           3299.4121     3936.0600     -636.6479
       128.0808                 17.0488             333.3           3584.9007     4238.8200     -653.9193
       128.1329                 17.0557             301.9           3285.3901     3942.3600     -656.9699
       128.1848                 17.0626             304.2           3168.2778     3964.5000     -796.2222
       128.2369                 17.0695             300.6           3362.7803     3929.7600     -566.9797
       128.2500                 17.0713             314.7           3271.2896     4063.3200     -792.0304
       128.3019                 17.0782             296.2           2867.6284     3888.5400    -1020.9116
       128.3541                 17.0851             315.1           3432.2756     4066.9200     -634.6444
       128.4061                 17.0921             309.9           3401.8855     4017.9600     -616.0745
       128.4577                 17.0990             322.0           3614.2327     4132.0800     -517.8473
       128.5095                 17.1059             290.4           3384.1744     3834.1800     -450.0056
       128.5615                 17.1129             308.3           3230.7365     4003.0200     -772.2835
       128.6136                 17.1198             293.2           3168.0455     3860.6400     -692.5945
       128.6655                 17.1267             318.7           3517.2983     4100.5800     -583.2817
       128.7174                 17.1336             305.7           3248.7938     3977.8200     -729.0262
       128.7694                 17.1406             303.4           3344.9367     3956.9400     -612.0033
       128.8213                 17.1475             300.7           3244.2051     3930.6600     -686.4549
       128.8734                 17.1544             300.3           3452.8166     3926.8800     -474.0634
       128.9255                 17.1614             315.6           3289.6614     4071.9600     -782.2986
       128.9774                 17.1683             313.3           3256.4302     4050.0000     -793.5698
       129.0294                 17.1752             293.2           3236.8299     3860.2800     -623.4501
       129.0814                 17.1821             304.3           3364.1842     3964.6800     -600.4958
       129.1334                 17.1891             301.1           3129.5829     3935.1600     -805.5771
       129.1853                 17.1960             306.6           3219.1138     3986.8200     -767.7062
       129.2373                 17.2029             306.8           3355.6906     3988.8000     -633.1094
       129.2500                 17.2046             308.9           3234.2310     4008.6000     -774.3690
       129.3019                 17.2115             298.0           3391.8115     3905.8200     -514.0085
       129.3539                 17.2185             307.2           3586.6367     3992.4000     -405.7633
       129.4057                 17.2254             315.4           3321.3689     4069.9800     -748.6111
       129.4578                 17.2323             313.1           3301.8394     4047.8400     -746.0006
       129.5098                 17.2392             314.1           3545.8186     4057.5600     -511.7414
       129.5617                 17.2462             300.4           3367.0348     3928.5000     -561.4652
       129.6137                 17.2531             306.4           3364.7056     3985.2000     -620.4944
       129.6655                 17.2600             306.7           3388.7735     3988.0800     -599.3065
       129.7176                 17.2670             311.9           3479.7334     4036.6800     -556.9466
       129.7695                 17.2739             292.1           3324.1834     3849.8400     -525.6566
       129.8214                 17.2808             317.9           3390.2782     4093.3800     -703.1018
       129.8735                 17.2877             315.4           3347.3554     4069.9800     -722.6246
       129.9255                 17.2947             310.3           3457.0981     4021.3800     -564.2819
       129.9775                 17.3016             299.6           3253.0548     3920.4000     -667.3452
       130.0295                 17.3085             309.0           3251.8645     4009.6800     -757.8155
       130.0813                 17.3155             299.7           3457.8367     3921.4800     -463.6433
       130.1332                 17.3224             301.8           3320.1285     3941.2800     -621.1515
       130.1851                 17.3293             322.9           3687.1304     4140.1800     -453.0496
       130.2372                 17.3362             295.8           3269.5037     3885.3000     -615.7963
       130.2500                 17.3379             288.0           2997.7098     3811.1400     -813.4302
       130.3020                 17.3449             317.6           3399.6403     4091.0400     -691.3997
       130.3540                 17.3518             299.7           3330.7900     3921.3000     -590.5100
       130.4060                 17.3587             315.7           3454.4212     4072.8600     -618.4388
       130.4580                 17.3656             311.5           3054.4187     4032.9000     -978.4813
       130.5101                 17.3726             297.6           3181.8336     3901.6800     -719.8464
       130.5621                 17.3795             315.1           3468.2348     4067.2800     -599.0452
       130.6141                 17.3864             307.6           3279.3515     3996.3600     -717.0085
       130.6662                 17.3934             303.7           3386.9242     3959.8200     -572.8958
       130.7182                 17.4003             300.9           2878.4535     3933.0000    -1054.5465
       130.7701                 17.4072             309.1           3172.3566     4010.4000     -838.0434
       130.8221                 17.4141             305.7           3186.1033     3978.5400     -792.4367
       130.8742                 17.4211             307.8           3112.8231     3998.5200     -885.6969
       130.9262                 17.4280             295.2           3158.9788     3879.3600     -720.3812
       130.9781                 17.4349             308.0           3055.2535     4000.1400     -944.8865
       131.0302                 17.4418             303.1           3165.5347     3953.5200     -787.9853
       131.0823                 17.4488             296.3           2998.6959     3889.2600     -890.5641
       131.1343                 17.4557             310.6           3521.1442     4024.6200     -503.4758
       131.1861                 17.4626             308.3           3202.4307     4003.0200     -800.5893
       131.2381                 17.4696             275.7           3117.2429     3695.5800     -578.3371
       131.2500                 17.4711             306.1           3404.2920     3982.1400     -577.8480
       131.3019                 17.4781             309.5           3262.1505     4013.8200     -751.6695
       131.3538                 17.4850             306.6           3272.6127     3986.6400     -714.0273
       131.4057                 17.4919             307.8           3373.8283     3998.1600     -624.3317
       131.4576                 17.4989             298.3           3306.1117     3908.7000     -602.5883
       131.5095                 17.5058             306.4           3547.5545     3984.6600     -437.1055
       131.5613                 17.5127             297.8           3381.8349     3903.3000     -521.4651
       131.6131                 17.5196             295.0           3216.2488     3877.5600     -661.3112
       131.6649                 17.5266             305.8           3448.5062     3979.2600     -530.7538
       131.7167                 17.5335             304.1           3291.5733     3963.4200     -671.8467
       131.7687                 17.5404             310.7           3169.0505     4025.3400     -856.2895
       131.8206                 17.5473             301.7           3212.7664     3940.3800     -727.6136
       131.8725                 17.5543             320.0           3494.4264     4113.7200     -619.2936
       131.9245                 17.5612             312.6           3455.9970     4043.1600     -587.1630
       131.9763                 17.5681             304.2           3395.7783     3964.3200     -568.5417
       132.0283                 17.5751             298.9           3220.8309     3914.2800     -693.4491
       132.0802                 17.5820             303.8           3517.6942     3960.5400     -442.8458
       132.1321                 17.5889             309.0           3331.0267     4009.6800     -678.6533
       132.1840                 17.5958             311.8           3366.3671     4035.9600     -669.5929
       132.2361                 17.6028             313.3           3462.2227     4050.0000     -587.7773
       132.2500                 17.6046             303.2           3407.8763     3955.1400     -547.2637
       132.3020                 17.6115             304.2           3582.3179     3963.7800     -381.4621
       132.3540                 17.6185             311.1           3285.7068     4029.1200     -743.4132
       132.4061                 17.6254             291.7           3173.7582     3845.7000     -671.9418
       132.4581                 17.6323             295.1           3048.7872     3878.1000     -829.3128
       132.5100                 17.6393             307.4           3245.1341     3994.7400     -749.6059
       132.5618                 17.6462             314.2           3610.5840     4058.2800     -447.6960
       132.6137                 17.6531             305.4           3284.9072     3975.1200     -690.2128
       132.6657                 17.6600             321.1           3539.4171     4123.6200     -584.2029
       132.7176                 17.6670             301.5           3230.1520     3938.4000     -708.2480
       132.7696                 17.6739             304.1           3189.4782     3962.8800     -773.4018
       132.8215                 17.6808             314.7           3470.3219     4062.7800     -592.4581
       132.8734                 17.6878             322.7           3564.1645     4138.3800     -574.2155
       132.9253                 17.6947             310.1           3588.3482     4019.4000     -431.0518
       132.9771                 17.7016             303.6           3446.9018     3958.5600     -511.6582
       133.0288                 17.7085             312.6           3480.0101     4043.5200     -563.5099
       133.0808                 17.7155             307.0           3526.9675     3990.7800     -463.8125
       133.1328                 17.7224             317.6           3643.2109     4090.3200     -447.1091
       133.1846                 17.7293             297.9           3319.8947     3904.7400     -584.8453
       133.2365                 17.7362             302.1           3551.4678     3944.1600     -392.6922
       133.2500                 17.7381             297.4           3390.0980     3900.4200     -510.3220
       133.3020                 17.7450             309.0           3412.7030     4009.6800     -596.9770
       133.3538                 17.7519             280.5           2879.0451     3740.2200     -861.1749
       133.4059                 17.7588             314.1           3106.9162     4057.2000     -950.2838
       133.4581                 17.7658             290.3           3140.1884     3832.7400     -692.5516
       133.5099                 17.7727             309.4           3291.1313     4013.6400     -722.5087
       133.5619                 17.7796             303.4           3273.0224     3956.7600     -683.7376
       133.6138                 17.7865             324.4           3503.3807     4155.1200     -651.7393
       133.6657                 17.7935             319.4           3643.1887     4107.6000     -464.4113
       133.7178                 17.8004             320.8           3525.5922     4120.7400     -595.1478
       133.7697                 17.8073             312.9           3361.0219     4046.4000     -685.3781
       133.8217                 17.8143             301.9           3187.2892     3942.1800     -754.8908
       133.8738                 17.8212             304.5           3421.2312     3966.8400     -545.6088
       133.9256                 17.8281             308.7           3415.7937     4006.9800     -591.1863
       133.9775                 17.8350             298.0           3418.7112     3905.4600     -486.7488
       134.0295                 17.8420             307.3           3082.9607     3993.1200     -910.1593
       134.0814                 17.8489             303.9           3402.3342     3960.9000     -558.5658
       134.1334                 17.8558             297.6           3187.0233     3901.8600     -714.8367
       134.1854                 17.8628             294.8           3351.4821     3875.5800     -524.0979
       134.2374                 17.8697             305.0           3432.5070     3971.5200     -539.0130
       134.2500                 17.8714             301.6           3334.9337     3939.1200     -604.1863
       134.3018                 17.8783             304.9           3418.0709     3970.8000     -552.7291
       134.3537                 17.8852             304.0           3149.5841     3961.9800     -812.3959
       134.4056                 17.8921             309.0           3342.3134     4009.3200     -667.0066
       134.4576                 17.8991             318.2           3390.3058     4096.4400     -706.1342
       134.5097                 17.9060             298.4           3085.6911     3909.7800     -824.0889
       134.5618                 17.9129             300.1           3331.1760     3925.0800     -593.9040
       134.6136                 17.9199             315.5           3494.8763     4070.8800     -576.0037
       134.6656                 17.9268             296.3           3363.9408     3889.2600     -525.3192
       134.7176                 17.9337             297.4           3547.0637     3900.4200     -353.3563
       134.7695                 17.9406             304.1           3354.0009     3963.0600     -609.0591
       134.8215                 17.9476             304.6           3202.1319     3968.1000     -765.9681
       134.8734                 17.9545             317.2           3555.3456     4086.5400     -531.1944
       134.9254                 17.9614             308.4           3298.7836     4003.5600     -704.7764
       134.9771                 17.9683             299.7           3380.1901     3922.0200     -541.8299
       135.0289                 17.9753             319.0           3635.3748     4103.6400     -468.2652
       135.0809                 17.9822             290.7           3004.9644     3837.0600     -832.0956
       135.1329                 17.9891             316.6           3675.1547     4081.3200     -406.1653
       135.1848                 17.9961             308.5           3185.8807     4004.6400     -818.7593
       135.2367                 18.0030             299.8           3400.3231     3922.7400     -522.4169
       135.2500                 18.0048             312.3           3580.4249     4040.8200     -460.3951
       135.3019                 18.0117             308.8           3162.5056     4007.8800     -845.3744
       135.3539                 18.0186             294.1           3163.7894     3869.1000     -705.3106
       135.4057                 18.0255             310.7           3489.3252     4025.1600     -535.8348
       135.4576                 18.0325             302.6           3326.0464     3948.6600     -622.6136
       135.5095                 18.0394             299.2           3371.0564     3916.9800     -545.9236
       135.5616                 18.0463             310.9           3392.2388     4027.6800     -635.4412
       135.6135                 18.0532             303.5           3379.7004     3957.3000     -577.5996
       135.6653                 18.0602             299.8           3311.1038     3922.7400     -611.6362
       135.7173                 18.0671             310.4           3287.8156     4022.8200     -735.0044
       135.7694                 18.0740             305.9           3152.2120     3980.1600     -827.9480
       135.8215                 18.0810             291.4           2806.2630     3843.3600    -1037.0970
       135.8735                 18.0879             311.9           3195.2563     4036.5000     -841.2437
       135.9255                 18.0948             300.2           3391.5020     3925.9800     -534.4780
       135.9774                 18.1017             302.6           3404.1563     3948.8400     -544.6837
       136.0293                 18.1087             310.4           3505.6488     4022.2800     -516.6312
       136.0813                 18.1156             293.6           3221.3195     3863.7000     -642.3805
       136.1331                 18.1225             308.8           3444.6881     4007.7000     -563.0119
       136.1850                 18.1295             312.8           3624.8843     4045.3200     -420.4357
       136.2369                 18.1364             318.5           3482.2962     4098.9600     -616.6638
       136.2500                 18.1381             294.4           3361.8094     3871.9800     -510.1706
       136.3019                 18.1451             314.5           3385.7086     4061.3400     -675.6314
       136.3538                 18.1520             308.2           3543.8797     4002.3000     -458.4203
       136.4058                 18.1589             322.7           3387.9286     4138.3800     -750.4514
       136.4577                 18.1658             304.0           3221.1526     3961.9800     -740.8274
       136.5097                 18.1728             311.5           3033.5627     4033.0800     -999.5173
       136.5617                 18.1797             315.2           3397.2993     4068.0000     -670.7007
       136.6136                 18.1866             310.0           3292.4511     4019.2200     -726.7689
       136.6654                 18.1935             309.7           3273.2143     4016.3400     -743.1257
       136.7174                 18.2005             319.3           3547.8665     4106.7000     -558.8335
       136.7692                 18.2074             294.2           2964.7822     3869.8200     -905.0378
       136.8212                 18.2143             282.0           3015.9606     3754.6200     -738.6594
       136.8732                 18.2213             314.6           3349.2852     4062.0600     -712.7748
       136.9252                 18.2282             312.4           3121.6027     4041.3600     -919.7573
       136.9772                 18.2351             302.1           2946.1274     3944.5200     -998.3926
       137.0292                 18.2420             313.3           3502.0743     4050.3600     -548.2857
       137.0811                 18.2490             313.5           3472.0006     4051.9800     -579.9794
       137.1329                 18.2559             312.9           3491.3916     4046.0400     -554.6484
       137.1849                 18.2628             318.7           3557.8966     4100.7600     -542.8634
       137.2369                 18.2698             300.1           3310.2015     3925.0800     -614.8785
       137.2500                 18.2715             303.9           3499.1922     3961.4400     -462.2478
       137.3020                 18.2784             310.3           3536.8454     4021.7400     -484.8946
       137.3539                 18.2854             302.8           3352.0482     3950.6400     -598.5918
       137.4058                 18.2923             310.4           3325.2218     4023.0000     -697.7782
       137.4578                 18.2992             317.4           3100.9015     4088.3400     -987.4385
       137.5100                 18.3061             328.2           3374.4409     4190.7600     -816.3191
       137.5621                 18.3131             317.1           3391.6488     4085.6400     -693.9912
       137.6141                 18.3200             317.6           3406.4683     4090.1400     -683.6717
       137.6661                 18.3269             303.6           3556.6930     3958.3800     -401.6870
       137.7180                 18.3338             295.8           3329.3205     3885.1200     -555.7995
       137.7700                 18.3408             310.1           3270.8035     4019.4000     -748.5965
       137.8220                 18.3477             312.4           3297.0980     4041.7200     -744.6220
       137.8739                 18.3546             307.3           3338.1674     3993.1200     -654.9526
       137.9260                 18.3616             299.9           3542.9852     3923.4600     -380.4748
       137.9778                 18.3685             299.0           3435.3957     3914.6400     -479.2443
       138.0297                 18.3754             305.7           3494.3189     3978.7200     -484.4011
       138.0816                 18.3823             318.1           3602.8370     4095.1800     -492.3430
       138.1335                 18.3893             313.6           3344.0979     4052.7000     -708.6021
       138.1853                 18.3962             314.9           3426.6874     4065.4800     -638.7926
       138.2373                 18.4031             319.1           3432.2086     4104.3600     -672.1514
       138.2500                 18.4048             317.7           3417.3546     4091.2200     -673.8654
       138.3019                 18.4118             307.0           3403.5124     3990.6000     -587.0876
       138.3537                 18.4187             311.1           3216.1407     4029.3000     -813.1593
       138.4059                 18.4256             325.9           3608.2555     4169.3400     -561.0845
       138.4579                 18.4325             303.8           3270.4568     3960.5400     -690.0832
       138.5099                 18.4395             310.9           3325.8870     4027.3200     -701.4330
       138.5618                 18.4464             297.0           3065.7976     3896.6400     -830.8424
       138.6139                 18.4533             306.2           3180.1514     3983.0400     -802.8886
       138.6659                 18.4602             297.9           3292.7062     3904.7400     -612.0338
       138.7177                 18.4672             302.7           3292.1341     3950.2800     -658.1459
       138.7696                 18.4741             303.4           3225.4890     3956.2200     -730.7310
       138.8216                 18.4810             310.0           3220.5607     4019.2200     -798.6593
       138.8733                 18.4880             291.9           2965.5625     3847.6800     -882.1175
       138.9253                 18.4949             306.6           3182.6558     3986.4600     -803.8042
       138.9771                 18.5018             307.3           3013.3568     3992.9400     -979.5832
       139.0290                 18.5087             317.7           3119.9220     4091.7600     -971.8380
       139.0807                 18.5157             308.8           3218.5346     4007.8800     -789.3454
       139.1325                 18.5226             314.4           3069.2170     4060.4400     -991.2230
       139.1843                 18.5295             302.8           3146.4448     3951.1800     -804.7352
       139.2362                 18.5365             308.1           3122.5191     4001.4000     -878.8809
       139.2500                 18.5383             313.3           3078.4702     4050.3600     -971.8898
       139.3019                 18.5452             301.7           3065.2414     3940.5600     -875.3186
       139.3539                 18.5521             300.9           2863.0517     3932.8200    -1069.7683
       139.4059                 18.5591             308.4           2858.2147     4003.3800    -1145.1653
       139.4579                 18.5660             302.6           2698.2789     3949.2000    -1250.9211
       139.5100                 18.5729             309.1           2967.2086     4010.0400    -1042.8314
       139.5619                 18.5799             330.9           2885.0567     4215.9600    -1330.9033
       139.6137                 18.5868             311.3           3180.3024     4031.2800     -850.9776
       139.6654                 18.5937             301.2           2783.6809     3936.0600    -1152.3791
       139.7175                 18.6006             304.7           2823.3108     3968.4600    -1145.1492
       139.7694                 18.6076             312.2           2661.4792     4039.5600    -1378.0808
       139.8214                 18.6145             300.8           2751.4094     3931.7400    -1180.3306
       139.8734                 18.6214             323.5           2922.5004     4146.4800    -1223.9796
       139.9256                 18.6283             309.5           2870.9150     4013.8200    -1142.9050
       139.9776                 18.6353             289.4           2577.8725     3824.4600    -1246.5875
       140.0295                 18.6422             309.8           3015.4144     4016.8800    -1001.4656
       140.0813                 18.6491             294.3           2691.9158     3870.5400    -1178.6242
       140.1331                 18.6561             294.6           2552.0603     3873.9600    -1321.8997
       140.1850                 18.6630             296.9           2727.4247     3894.8400    -1167.4153
       140.2369                 18.6699             310.5           2880.2538     4023.9000    -1143.6462
       140.2500                 18.6717             314.6           2896.1618     4062.2400    -1166.0782
       140.3018                 18.6786             309.5           2948.3362     4013.8200    -1065.4838
       140.3536                 18.6855             319.6           3143.6018     4109.5800     -965.9782
       140.4056                 18.6924             303.0           2922.8109     3952.4400    -1029.6291
       140.4575                 18.6994             316.1           3053.4900     4076.8200    -1023.3300
       140.5095                 18.7063             310.2           3084.1875     4020.6600     -936.4725
       140.5613                 18.7132             314.0           3147.4899     4056.6600     -909.1701
       140.6131                 18.7201             310.1           3214.7148     4019.5800     -804.8652
       140.6650                 18.7271             296.3           3054.2846     3889.8000     -835.5154
       140.7170                 18.7340             313.2           3232.5974     4048.7400     -816.1426
       140.7688                 18.7409             303.8           3137.9282     3960.1800     -822.2518
       140.8207                 18.7479             297.0           3005.2089     3895.9200     -890.7111
       140.8727                 18.7548             314.3           3013.5474     4059.9000    -1046.3526
       140.9245                 18.7617             318.8           3168.4180     4102.2000     -933.7820
       140.9765                 18.7686             299.6           3013.3954     3920.5800     -907.1846
       141.0284                 18.7756             312.1           2923.0027     4038.8400    -1115.8373
       141.0804                 18.7825             304.6           2868.2220     3967.5600    -1099.3380
       141.1323                 18.7894             319.7           2993.8738     4110.6600    -1116.7862
       141.1842                 18.7964             308.6           2994.5396     4005.9000    -1011.3604
       141.2361                 18.8033             316.9           3072.2988     4084.0200    -1011.7212
       141.2500                 18.8051             295.7           2909.8419     3883.6800     -973.8381
       141.3019                 18.8121             321.7           2878.7932     4129.7400    -1250.9468
       141.3539                 18.8190             314.3           2815.2365     4059.3600    -1244.1235
       141.4057                 18.8259             295.7           2836.7670     3883.5000    -1046.7330
       141.4577                 18.8328             298.6           2926.5288     3911.5800     -985.0512
       141.5096                 18.8398             306.5           2991.9993     3985.9200     -993.9207
       141.5615                 18.8467             293.1           2609.1767     3859.0200    -1249.8433
       141.6134                 18.8536             286.7           2852.9053     3798.7200     -945.8147
       141.6651                 18.8606             322.5           3119.5974     4136.7600    -1017.1626
       141.7170                 18.8675             305.3           2818.5875     3974.2200    -1155.6325
       141.7687                 18.8744             334.0           3081.2872     4245.8400    -1164.5528
       141.8203                 18.8813             314.6           2863.7686     4062.2400    -1198.4714
       141.8721                 18.8883             306.2           2796.9876     3982.6800    -1185.6924
       141.9239                 18.8952             302.3           2652.5277     3945.9600    -1293.4323
       141.9756                 18.9021             318.0           2651.0705     4094.1000    -1443.0295
       142.0274                 18.9090             321.7           2398.0521     4129.0200    -1730.9679
       142.0793                 18.9160             298.7           2401.3453     3912.4800    -1511.1347
       142.1311                 18.9229             294.4           2588.0204     3871.9800    -1283.9596
       142.1829                 18.9298             301.5           2712.8935     3938.2200    -1225.3265
       142.2348                 18.9368             311.8           2817.2751     4035.4200    -1218.1449
       142.2500                 18.9388             319.8           2705.0512     4111.2000    -1406.1488
       142.3018                 18.9457             306.1           2534.5725     3982.5000    -1447.9275
       142.3535                 18.9527             314.5           2714.8971     4061.5200    -1346.6229
       142.4053                 18.9596             302.9           2403.9168     3952.2600    -1548.3432
       142.4570                 18.9665             310.3           2793.6651     4021.5600    -1227.8949
       142.5086                 18.9734             291.6           2660.0266     3845.3400    -1185.3134
       142.5604                 18.9804             298.3           2511.1219     3908.7000    -1397.5781
       142.6122                 18.9873             287.2           2523.5999     3804.1200    -1280.5201
       142.6639                 18.9942             312.1           2978.6440     4039.0200    -1060.3760
       142.7157                 19.0011             303.0           2786.2119     3952.6200    -1166.4081
       142.7674                 19.0081             294.6           2646.1047     3873.9600    -1227.8553
       142.8193                 19.0150             304.5           2807.3453     3967.0200    -1159.6747
       142.8711                 19.0219             314.8           2857.5082     4063.8600    -1206.3518
       142.9229                 19.0289             316.6           2772.8325     4081.1400    -1308.3075
       142.9747                 19.0358             327.1           3034.2950     4180.5000    -1146.2050
       143.0267                 19.0427             307.6           2588.6639     3996.0000    -1407.3361
       143.0786                 19.0496             303.0           2480.2077     3952.4400    -1472.2323
       143.1304                 19.0566             292.7           2496.3528     3855.4200    -1359.0672
       143.1822                 19.0635             313.2           2902.3644     4049.2800    -1146.9156
       143.2339                 19.0704             305.3           2700.5606     3974.2200    -1273.6594
       143.2500                 19.0726             311.3           2700.6269     4031.1000    -1330.4731
       143.3018                 19.0795             303.0           2792.1954     3953.1600    -1160.9646
       143.3537                 19.0864             316.1           2835.5362     4076.1000    -1240.5638
       143.4056                 19.0934             302.3           2848.5389     3945.9600    -1097.4211
       143.4572                 19.1003             308.7           2823.7196     4006.6200    -1182.9004
       143.5090                 19.1072             307.8           2858.3388     3998.1600    -1139.8212
       143.5609                 19.1141             299.7           2797.4981     3921.6600    -1124.1619
       143.6127                 19.1211             290.4           2778.6526     3833.6400    -1054.9874
       143.6646                 19.1280             292.7           2827.5077     3855.6000    -1028.0923
       143.7165                 19.1349             315.1           3022.1800     4067.1000    -1044.9200
       143.7683                 19.1419             325.5           3022.6950     4165.2000    -1142.5050
       143.8201                 19.1488             307.0           3008.8285     3990.6000     -981.7715
       143.8721                 19.1557             312.2           2989.4649     4039.5600    -1050.0951
       143.9238                 19.1626             305.0           2907.5684     3971.3400    -1063.7716
       143.9757                 19.1696             303.9           2681.1167     3960.9000    -1279.7833
       144.0275                 19.1765             310.8           2849.4093     4026.2400    -1176.8307
       144.0792                 19.1834             297.7           2751.0810     3902.4000    -1151.3190
       144.1310                 19.1904             306.2           2822.7884     3982.8600    -1160.0716
       144.1829                 19.1973             303.0           2613.9539     3952.4400    -1338.4861
       144.2347                 19.2042             310.1           2844.1927     4019.4000    -1175.2073
       144.2500                 19.2063             306.6           2826.2943     3986.4600    -1160.1657
       144.3018                 19.2132             297.8           2726.2454     3903.3000    -1177.0546
       144.3535                 19.2201             277.7           2384.2646     3713.5800    -1329.3154
       144.4052                 19.2270             298.8           2565.7899     3912.8400    -1347.0501
       144.4570                 19.2340             292.0           2371.9575     3849.3000    -1477.3425
       144.5089                 19.2409             305.1           2616.5332     3972.7800    -1356.2468
       144.5605                 19.2478             297.0           2487.7117     3896.4600    -1408.7483
       144.6123                 19.2548             318.9           2776.6530     4103.1000    -1326.4470
       144.6641                 19.2617             307.7           2579.2988     3997.4400    -1418.1412
       144.7158                 19.2686             314.8           2756.6964     4063.8600    -1307.1636
       144.7676                 19.2755             295.3           2416.9387     3879.9000    -1462.9613
       144.8193                 19.2825             299.2           2578.6658     3917.3400    -1338.6742
       144.8711                 19.2894             293.2           2504.7794     3860.4600    -1355.6806
       144.9229                 19.2963             321.3           2644.5414     4125.6000    -1481.0586
       144.9747                 19.3032             296.2           2349.5360     3888.9000    -1539.3640
       145.0267                 19.3102             305.1           2503.0004     3972.6000    -1469.5996
       145.0786                 19.3171             311.2           2575.4040     4030.0200    -1454.6160
       145.1304                 19.3240             299.1           2505.2989     3916.2600    -1410.9611
       145.1822                 19.3310             318.3           2780.5832     4096.8000    -1316.2168
       145.2340                 19.3379             312.2           2663.3168     4039.2000    -1375.8832
       145.2500                 19.3400             305.7           2664.7853     3978.3600    -1313.5747
       145.3018                 19.3470             308.1           2728.2195     4000.5000    -1272.2805
       145.3535                 19.3539             301.3           2481.3709     3936.6000    -1455.2291
       145.4052                 19.3608             312.2           2804.8944     4039.5600    -1234.6656
       145.4569                 19.3677             314.1           2827.4510     4057.5600    -1230.1090
       145.5086                 19.3747             316.5           2780.8614     4080.6000    -1299.7386
       145.5605                 19.3816             319.4           2843.2780     4107.7800    -1264.5020
       145.6123                 19.3885             314.5           2692.0172     4061.1600    -1369.1428
       145.6643                 19.3955             310.3           2591.0660     4022.1000    -1431.0340
       145.7161                 19.4024             311.0           2670.5998     4028.2200    -1357.6202
       145.7678                 19.4093             318.7           2763.3209     4100.7600    -1337.4391
       145.8195                 19.4162             318.4           2742.1089     4098.0600    -1355.9511
       145.8713                 19.4232             301.3           2440.1228     3936.4200    -1496.2972
       145.9233                 19.4301             326.9           2691.1961     4177.9800    -1486.7839
       145.9751                 19.4370             298.0           2311.0558     3905.4600    -1594.4042
       146.0268                 19.4439             290.1           2553.5787     3830.5800    -1277.0013
       146.0783                 19.4509             310.6           2711.8631     4024.6200    -1312.7569
       146.1300                 19.4578             320.0           2769.6952     4113.0000    -1343.3048
       146.1818                 19.4647             326.9           2718.7738     4178.7000    -1459.9262
       146.2335                 19.4717             309.2           2639.7601     4011.1200    -1371.3599
       146.2500                 19.4739             304.8           2616.3080     3969.7200    -1353.4120
       146.3017                 19.4808             299.6           2576.5193     3920.5800    -1344.0607
       146.3534                 19.4877             303.6           2723.2549     3958.5600    -1235.3051
       146.4051                 19.4947             298.2           2677.7040     3907.4400    -1229.7360
       146.4569                 19.5016             321.4           2890.5076     4126.6800    -1236.1724
       146.5086                 19.5085             299.8           2649.2268     3922.9200    -1273.6932
       146.5603                 19.5154             299.2           2732.2950     3917.1600    -1184.8650
       146.6120                 19.5224             303.2           2701.3125     3954.6000    -1253.2875
       146.6637                 19.5293             317.9           2919.9957     4093.5600    -1173.5643
       146.7154                 19.5362             311.0           2779.8788     4028.7600    -1248.8812
       146.7671                 19.5431             309.6           2722.2174     4015.0800    -1292.8626
       146.8190                 19.5501             305.7           2630.5116     3978.5400    -1348.0284
       146.8708                 19.5570             321.9           2632.1381     4130.8200    -1498.6819
       146.9225                 19.5639             313.0           2715.5829     4047.4800    -1331.8971
       146.9743                 19.5709             310.8           2712.2027     4026.2400    -1314.0373
       147.0261                 19.5778             300.3           2588.0310     3927.6000    -1339.5690
       147.0778                 19.5847             299.8           2481.8830     3922.3800    -1440.4970
       147.1296                 19.5916             324.6           2740.2259     4156.7400    -1416.5141
       147.1814                 19.5986             310.3           2589.2746     4021.9200    -1432.6454
       147.2332                 19.6055             314.7           2723.0091     4063.5000    -1340.4909
       147.2500                 19.6077             301.9           2786.8308     3942.7200    -1155.8892
       147.3017                 19.6147             317.4           2875.8027     4088.3400    -1212.5373
       147.3535                 19.6216             296.4           2465.1526     3890.7000    -1425.5474
       147.4053                 19.6285             292.3           2610.2516     3851.6400    -1241.3884
       147.4569                 19.6355             308.9           2893.2265     4008.9600    -1115.7335
       147.5085                 19.6424             301.5           2640.3351     3938.9400    -1298.6049
       147.5601                 19.6493             307.8           2697.0915     3998.3400    -1301.2485
       147.6119                 19.6562             311.2           2699.2975     4030.2000    -1330.9025
       147.6637                 19.6632             314.8           2837.5126     4064.0400    -1226.5274
       147.7154                 19.6701             307.5           2613.9975     3994.9200    -1380.9225
       147.7672                 19.6770             300.7           2483.2752     3931.5600    -1448.2848
       147.8190                 19.6840             323.6           2666.8599     4147.5600    -1480.7001
       147.8707                 19.6909             297.3           2544.2389     3898.6200    -1354.3811
       147.9225                 19.6978             315.3           2704.8415     4068.5400    -1363.6985
       147.9743                 19.7047             330.8           2932.8465     4215.0600    -1282.2135
       148.0261                 19.7117             307.1           2672.7256     3991.8600    -1319.1344
       148.0779                 19.7186             317.2           2700.0369     4086.7200    -1386.6831
       148.1297                 19.7255             308.7           2848.4108     4006.6200    -1158.2092
       148.1812                 19.7324             303.9           2742.1395     3960.9000    -1218.7605
       148.2330                 19.7394             324.9           2901.3816     4159.8000    -1258.4184
       148.2500                 19.7416             306.9           2583.5695     3990.0600    -1406.4905
       148.3017                 19.7486             302.9           2457.7641     3951.5400    -1493.7759
       148.3536                 19.7555             297.7           2542.1295     3902.9400    -1360.8105
       148.4054                 19.7624             304.0           2599.2129     3961.8000    -1362.5871
       148.4573                 19.7694             299.5           2417.2398     3920.2200    -1502.9802
       148.5091                 19.7763             305.0           2798.6018     3971.3400    -1172.7382
       148.5608                 19.7832             296.7           2674.3298     3893.7600    -1219.4302
       148.6125                 19.7901             309.3           2762.5244     4012.5600    -1250.0356
       148.6642                 19.7971             314.3           2879.0240     4059.3600    -1180.3360
       148.7161                 19.8040             309.1           2806.5190     4010.4000    -1203.8810
       148.7678                 19.8109             302.1           2647.3289     3943.9800    -1296.6511
       148.8194                 19.8179             293.3           2426.8210     3861.5400    -1434.7190
       148.8713                 19.8248             299.7           2725.4666     3921.8400    -1196.3734
       148.9231                 19.8317             327.7           2780.0927     4185.7200    -1405.6273
       148.9748                 19.8386             318.4           2737.9166     4098.4200    -1360.5034
       149.0265                 19.8456             308.1           2627.9777     4000.8600    -1372.8823
       149.0783                 19.8525             306.7           2722.6166     3988.0800    -1265.4634
       149.1301                 19.8594             313.2           2594.9780     4049.4600    -1454.4820
       149.1819                 19.8663             310.9           2644.3532     4027.1400    -1382.7868
       149.2336                 19.8733             305.6           2449.4780     3977.4600    -1527.9820
       149.2500                 19.8755             307.9           2403.9180     3998.7000    -1594.7820
       149.3019                 19.8824             302.3           2649.8412     3946.5000    -1296.6588
       149.3536                 19.8893             323.3           2719.3209     4144.1400    -1424.8191
       149.4055                 19.8962             297.6           2255.9987     3902.2200    -1646.2213
       149.4573                 19.9032             306.1           2512.2355     3982.1400    -1469.9045
       149.5090                 19.9101             293.0           2463.4802     3858.1200    -1394.6398
       149.5608                 19.9170             318.3           2498.4516     4097.1600    -1598.7084
       149.6126                 19.9240             316.4           2693.0451     4079.5200    -1386.4749
       149.6643                 19.9309             302.8           2450.6010     3951.3600    -1500.7590
       149.7161                 19.9378             292.9           2548.2531     3857.9400    -1309.6869
       149.7679                 19.9447             312.4           2665.5406     4041.1800    -1375.6394
       149.8196                 19.9517             304.7           2546.6521     3969.1800    -1422.5279
       149.8712                 19.9586             309.3           2590.8207     4012.3800    -1421.5593
       149.9230                 19.9655             313.3           2380.3307     4049.8200    -1669.4893
       149.9748                 19.9724             307.8           2236.7823     3998.1600    -1761.3777
       150.0265                 19.9794             299.8           2398.6744     3922.5600    -1523.8856
       150.0783                 19.9863             303.2           2402.9803     3954.9600    -1551.9797
       150.1301                 19.9932             325.5           2749.4138     4164.8400    -1415.4262
       150.1817                 20.0002             299.0           2558.9463     3914.6400    -1355.6937
       150.2335                 20.0071             312.1           2480.4223     4039.0200    -1558.5977
       150.2500                 20.0093             306.9           2560.3977     3990.0600    -1429.6623
       150.3017                 20.0162             298.0           2503.7935     3905.4600    -1401.6665
       150.3535                 20.0231             315.2           2708.7025     4068.3600    -1359.6575
       150.4052                 20.0301             298.9           2552.5297     3913.7400    -1361.2103
       150.4569                 20.0370             301.9           2316.6624     3942.0000    -1625.3376
       150.5088                 20.0439             289.4           2379.6247     3824.2800    -1444.6553
       150.5605                 20.0509             297.2           2412.0599     3898.0800    -1486.0201
       150.6122                 20.0578             310.4           2584.7863     4022.4600    -1437.6737
       150.6639                 20.0647             305.1           2520.4899     3972.7800    -1452.2901
       150.7158                 20.0716             301.0           2533.9248     3933.9000    -1399.9752
       150.7674                 20.0786             312.7           2582.2000     4044.0600    -1461.8600
       150.8191                 20.0855             316.9           2537.9498     4083.8400    -1545.8902
       150.8709                 20.0924             299.9           2552.4158     3923.6400    -1371.2242
       150.9226                 20.0993             308.3           2747.6161     4002.8400    -1255.2239
       150.9743                 20.1063             303.2           2493.2336     3954.6000    -1461.3664
       151.0261                 20.1132             313.4           2555.9746     4051.2600    -1495.2854
       151.0778                 20.1201             319.8           2589.0854     4111.3800    -1522.2946
       151.1295                 20.1271             324.7           2642.8305     4158.0000    -1515.1695
       151.1812                 20.1340             325.5           2631.4120     4165.0200    -1533.6080
       151.2329                 20.1409             320.8           2621.6087     4120.7400    -1499.1313
       151.2500                 20.1432             294.6           2418.4399     3873.6000    -1455.1601
       151.3017                 20.1501             317.1           2602.2510     4086.0000    -1483.7490
       151.3535                 20.1571             307.4           2369.9295     3994.7400    -1624.8105
       151.4052                 20.1640             308.1           2570.8686     4000.8600    -1429.9914
       151.4569                 20.1709             323.2           2802.7115     4143.0600    -1340.3485
       151.5087                 20.1779             292.6           2330.0990     3854.8800    -1524.7810
       151.5606                 20.1848             318.6           2615.1805     4099.8600    -1484.6795
       151.6124                 20.1917             316.9           2567.1038     4083.6600    -1516.5562
       151.6641                 20.1986             294.2           2415.8530     3870.1800    -1454.3270
       151.7158                 20.2056             312.8           2220.2763     4044.9600    -1824.6837
       151.7675                 20.2125             305.7           2415.6521     3978.7200    -1563.0679
       151.8192                 20.2194             308.7           2586.3753     4006.8000    -1420.4247
       151.8710                 20.2264             300.0           2492.2220     3924.9000    -1432.6780
       151.9225                 20.2333             311.2           2650.1987     4030.5600    -1380.3613
       151.9742                 20.2402             300.6           2423.5960     3930.4800    -1506.8840
       152.0260                 20.2471             328.3           2681.4507     4191.6600    -1510.2093
       152.0777                 20.2541             316.2           2618.4522     4077.5400    -1459.0878
       152.1292                 20.2610             311.6           2600.0122     4033.8000    -1433.7878
       152.1811                 20.2679             303.9           2476.8945     3960.9000    -1484.0055
       152.2329                 20.2748             325.4           2651.7032     4164.4800    -1512.7768
       152.2500                 20.2771             313.4           2515.2415     4050.9000    -1535.6585
       152.3018                 20.2841             284.4           2189.4736     3776.9400    -1587.4664
       152.3536                 20.2910             310.7           2325.0313     4025.3400    -1700.3087
       152.4053                 20.2979             319.3           2685.1460     4106.7000    -1421.5540
       152.4571                 20.3048             282.0           2280.1744     3754.9800    -1474.8056
       152.5087                 20.3118             300.3           2479.6526     3927.0600    -1447.4074
       152.5604                 20.3187             303.5           2403.4941     3957.4800    -1553.9859
       152.6122                 20.3256             317.6           2620.5169     4090.6800    -1470.1631
       152.6640                 20.3326             320.1           2682.2100     4114.2600    -1432.0500
       152.7156                 20.3395             308.5           2234.2586     4004.2800    -1770.0214
       152.7673                 20.3464             285.5           2227.9385     3788.1000    -1560.1615
       152.8190                 20.3533             300.7           2304.4553     3931.0200    -1626.5647
       152.8707                 20.3603             300.8           2483.9577     3932.2800    -1448.3223
       152.9225                 20.3672             290.5           2601.6714     3834.3600    -1232.6886
       152.9741                 20.3741             299.3           2517.1883     3917.5200    -1400.3317
       153.0258                 20.3810             297.7           2425.3455     3902.5800    -1477.2345
       153.0774                 20.3880             303.6           2387.1057     3958.9200    -1571.8143
       153.1293                 20.3949             289.9           2265.5638     3828.7800    -1563.2162
       153.1810                 20.4018             307.7           2411.1000     3997.0800    -1585.9800
       153.2326                 20.4088             294.0           2368.7289     3867.4800    -1498.7511
       153.2500                 20.4111             295.2           2414.5233     3879.5400    -1465.0167
       153.3017                 20.4180             320.8           2509.2118     4121.1000    -1611.8882
       153.3535                 20.4249             293.4           2370.1621     3862.0800    -1491.9179
       153.4053                 20.4319             310.0           2455.9173     4019.0400    -1563.1227
       153.4571                 20.4388             313.8           2606.0182     4054.3200    -1448.3018
       153.5088                 20.4457             319.3           2484.2448     4106.8800    -1622.6352
       153.5607                 20.4527             319.4           2576.0363     4107.7800    -1531.7437
       153.6125                 20.4596             299.9           2476.9299     3923.8200    -1446.8901
       153.6641                 20.4665             308.4           2349.1294     4003.9200    -1654.7906
       153.7158                 20.4734             308.5           2548.0654     4005.0000    -1456.9346
       153.7676                 20.4804             305.8           2440.4896     3978.9000    -1538.4104
       153.8192                 20.4873             318.0           2784.4091     4094.6400    -1310.2309
       153.8710                 20.4942             303.5           2158.7612     3957.8400    -1799.0788
       153.9227                 20.5011             305.5           2406.4165     3976.2000    -1569.7835
       153.9745                 20.5081             309.2           2533.6134     4011.6600    -1478.0466
       154.0261                 20.5150             295.8           2433.8347     3884.9400    -1451.1053
       154.0779                 20.5219             301.4           2464.4337     3937.6800    -1473.2463
       154.1295                 20.5289             302.5           2509.0069     3947.7600    -1438.7531
       154.1813                 20.5358             303.2           2513.6809     3954.4200    -1440.7391
       154.2330                 20.5427             302.8           2363.5270     3951.1800    -1587.6530
       154.2500                 20.5450             308.9           2573.2783     4008.7800    -1435.5017
       154.3017                 20.5519             312.0           2636.0581     4037.9400    -1401.8819
       154.3533                 20.5589             303.0           2542.0737     3952.6200    -1410.5463
       154.4051                 20.5658             297.8           2232.8602     3903.3000    -1670.4398
       154.4569                 20.5727             286.6           2262.0602     3798.1800    -1536.1198
       154.5086                 20.5796             298.1           2343.8103     3906.3600    -1562.5497
       154.5604                 20.5866             304.2           2520.9093     3964.3200    -1443.4107
       154.6122                 20.5935             323.1           2795.9332     4142.8800    -1346.9468
       154.6640                 20.6004             309.3           2512.7790     4012.2000    -1499.4210
       154.7157                 20.6073             303.3           2408.9164     3955.8600    -1546.9436
       154.7674                 20.6143             289.1           2353.8771     3821.2200    -1467.3429
       154.8193                 20.6212             306.5           2430.1823     3985.5600    -1555.3777
       154.8710                 20.6281             302.9           2278.6357     3951.7200    -1673.0843
       154.9228                 20.6351             309.4           2515.1185     4013.4600    -1498.3415
       154.9746                 20.6420             303.1           2392.5318     3953.5200    -1560.9882
       155.0264                 20.6489             332.8           2792.2777     4233.7800    -1441.5023
       155.0782                 20.6558             307.3           2534.4627     3993.8400    -1459.3773
       155.1301                 20.6628             292.8           2358.5270     3856.5000    -1497.9730
       155.1817                 20.6697             302.8           2562.9975     3951.1800    -1388.1825
       155.2333                 20.6766             327.0           2710.1509     4179.7800    -1469.6291
       155.2500                 20.6789             320.7           2764.6707     4120.2000    -1355.5293
       155.3017                 20.6858             295.7           2527.1588     3883.8600    -1356.7012
       155.3534                 20.6927             302.7           2498.0436     3950.1000    -1452.0564
       155.4052                 20.6997             302.5           2554.4409     3948.4800    -1394.0391
       155.4570                 20.7066             317.3           2469.5100     4087.4400    -1617.9300
       155.5087                 20.7135             315.0           2688.5500     4066.0200    -1377.4700
       155.5603                 20.7204             302.2           2471.3001     3945.2400    -1473.9399
       155.6120                 20.7274             310.4           2584.0452     4022.6400    -1438.5948
       155.6637                 20.7343             296.1           2547.5399     3888.0000    -1340.4601
       155.7155                 20.7412             307.5           2413.4648     3994.9200    -1581.4552
       155.7672                 20.7481             295.9           2384.0129     3885.8400    -1501.8271
       155.8191                 20.7551             314.1           2640.1392     4057.2000    -1417.0608
       155.8709                 20.7620             311.6           2574.8480     4033.9800    -1459.1320
       155.9227                 20.7689             279.7           2203.1894     3732.8400    -1529.6506
       155.9746                 20.7759             298.0           2182.0014     3905.8200    -1723.8186
       156.0264                 20.7828             328.2           2782.8942     4191.1200    -1408.2258
       156.0782                 20.7897             309.6           2310.8788     4014.9000    -1704.0212
       156.1301                 20.7966             309.3           2218.7166     4012.3800    -1793.6634
       156.1818                 20.8036             308.5           2202.7746     4004.4600    -1801.6854
       156.2336                 20.8105             310.9           2433.4395     4026.9600    -1593.5205
       156.2500                 20.8127             312.4           2412.2719     4041.1800    -1628.9081
       156.3019                 20.8196             323.9           2535.9804     4149.9000    -1613.9196
       156.3537                 20.8265             292.4           2311.3778     3852.7200    -1541.3422
       156.4054                 20.8335             300.8           2324.8435     3932.2800    -1607.4365
       156.4570                 20.8404             307.3           2366.2081     3993.3000    -1627.0919
       156.5088                 20.8473             322.0           2418.5207     4132.2600    -1713.7393
       156.5605                 20.8542             293.6           2309.8837     3864.4200    -1554.5363
       156.6124                 20.8612             316.9           2534.5090     4084.3800    -1549.8710
       156.6641                 20.8681             298.6           2416.8087     3911.2200    -1494.4113
       156.7159                 20.8750             289.3           2438.7338     3823.2000    -1384.4662
       156.7677                 20.8820             305.8           2442.2707     3979.4400    -1537.1693
       156.8195                 20.8889             297.0           2309.7660     3896.2800    -1586.5140
       156.8715                 20.8958             299.5           2377.4442     3919.6800    -1542.2358
       156.9231                 20.9027             285.6           2338.3741     3788.4600    -1450.0859
       156.9748                 20.9097             305.4           2649.7711     3975.8400    -1326.0689
       157.0265                 20.9166             308.0           2411.7219     3999.6000    -1587.8781
       157.0785                 20.9235             323.1           2577.0991     4142.8800    -1565.7809
       157.1303                 20.9305             307.6           2280.1018     3996.0000    -1715.8982
       157.1821                 20.9374             317.4           2500.8637     4088.5200    -1587.6563
       157.2339                 20.9443             305.2           2497.4425     3973.6800    -1476.2375
       157.2500                 20.9465             298.7           2238.4415     3912.4800    -1674.0385
       157.3019                 20.9534             290.5           2212.4321     3834.3600    -1621.9279
       157.3537                 20.9603             291.8           2329.1367     3847.1400    -1518.0033
       157.4055                 20.9672             326.2           2648.8595     4172.0400    -1523.1805
       157.4572                 20.9742             300.4           2241.9383     3927.9600    -1686.0217
       157.5088                 20.9811             313.7           2310.6324     4053.4200    -1742.7876
       157.5606                 20.9880             321.5           2600.9605     4127.4000    -1526.4395
       157.6125                 20.9950             320.0           2549.3392     4113.1800    -1563.8408
       157.6641                 21.0019             291.8           2295.9959     3846.7800    -1550.7841
       157.7159                 21.0088             303.1           2547.0664     3953.3400    -1406.2736
       157.7675                 21.0157             326.1           2705.5210     4170.4200    -1464.8990
       157.8193                 21.0227             299.0           2466.8000     3914.8200    -1448.0200
       157.8710                 21.0296             300.1           2395.3181     3925.8000    -1530.4819
       157.9228                 21.0365             317.2           2606.0936     4087.2600    -1481.1664
       157.9745                 21.0434             318.2           2530.1973     4096.4400    -1566.2427
       158.0262                 21.0504             320.5           2490.6096     4118.4000    -1627.7904
       158.0779                 21.0573             331.2           2799.6325     4218.6600    -1419.0275
       158.1296                 21.0642             305.3           2491.3564     3974.4000    -1483.0436
       158.1813                 21.0712             296.5           2320.4162     3891.4200    -1571.0038
       158.2328                 21.0781             318.9           2578.8429     4102.7400    -1523.8971
       158.2500                 21.0804             291.5           2348.6264     3844.0800    -1495.4536
       158.3018                 21.0873             315.9           2407.6332     4075.0200    -1667.3868
       158.3535                 21.0942             306.3           2606.6595     3984.3000    -1377.6405
       158.4052                 21.1012             291.3           2395.9759     3842.8200    -1446.8441
       158.4570                 21.1081             315.8           2638.5909     4073.9400    -1435.3491
       158.5087                 21.1150             318.6           2780.6014     4099.8600    -1319.2586
       158.5605                 21.1220             311.4           2891.6685     4032.5400    -1140.8715
       158.6122                 21.1289             310.8           2637.4666     4026.4200    -1388.9534
       158.6639                 21.1358             304.9           2661.4917     3971.1600    -1309.6683
       158.7155                 21.1427             297.1           2674.6716     3897.5400    -1222.8684
       158.7672                 21.1497             301.6           2512.6962     3939.1200    -1426.4238
       158.8189                 21.1566             317.4           2670.4097     4088.8800    -1418.4703
       158.8706                 21.1635             299.9           2590.4169     3923.1000    -1332.6831
       158.9223                 21.1704             302.8           2521.8133     3950.6400    -1428.8267
       158.9742                 21.1774             317.9           2379.8875     4093.5600    -1713.6725
       159.0260                 21.1843             298.9           2209.1243     3913.7400    -1704.6157
       159.0778                 21.1912             297.0           2270.3391     3895.9200    -1625.5809
       159.1295                 21.1982             311.7           2384.1710     4034.7000    -1650.5290
       159.1813                 21.2051             315.3           2239.7519     4068.7200    -1828.9681
       159.2332                 21.2120             303.8           2371.2496     3960.0000    -1588.7504
       159.2500                 21.2143             303.5           2229.3350     3957.6600    -1728.3250
       159.3018                 21.2212             310.7           2350.8284     4025.3400    -1674.5116
       159.3536                 21.2281             311.0           2374.1129     4028.4000    -1654.2871
       159.4053                 21.2350             315.3           2535.7694     4069.2600    -1533.4906
       159.4571                 21.2420             322.8           2545.0265     4140.0000    -1594.9735
       159.5087                 21.2489             297.0           2176.8900     3896.4600    -1719.5700
       159.5606                 21.2558             301.4           2444.5049     3937.3200    -1492.8151
       159.6123                 21.2628             310.2           2433.7012     4020.3000    -1586.5988
       159.6640                 21.2697             308.5           2155.3785     4005.1800    -1849.8015
       159.7158                 21.2766             299.8           2106.4260     3922.3800    -1815.9540
       159.7676                 21.2835             317.8           2593.8069     4092.3000    -1498.4931
       159.8194                 21.2905             293.0           2277.8251     3858.1200    -1580.2949
       159.8711                 21.2974             301.6           2402.7028     3939.3000    -1536.5972
       159.9229                 21.3043             295.8           2416.9201     3885.1200    -1468.1999
       159.9746                 21.3112             308.7           2301.5199     4006.2600    -1704.7401
       160.0263                 21.3182             303.4           2479.7114     3956.4000    -1476.6886
       160.0780                 21.3251             332.2           2596.6598     4228.7400    -1632.0802
       160.1298                 21.3320             312.1           2450.7276     4038.8400    -1588.1124
       160.1814                 21.3390             287.6           2068.3012     3807.7200    -1739.4188
       160.2331                 21.3459             317.6           2548.5860     4091.0400    -1542.4540
       160.2500                 21.3482             314.1           2475.5089     4057.5600    -1582.0511
       160.3017                 21.3551             307.0           2557.3981     3990.4200    -1433.0219
       160.3533                 21.3620             299.1           2344.2034     3916.4400    -1572.2366
       160.4050                 21.3689             309.3           2319.8674     4012.0200    -1692.1526
       160.4565                 21.3759             311.8           2414.9249     4035.6000    -1620.6751
       160.5083                 21.3828             303.0           2396.6854     3952.8000    -1556.1146
       160.5600                 21.3897             298.5           2220.8250     3909.9600    -1689.1350
       160.6117                 21.3966             305.9           2345.4598     3979.9800    -1634.5202
       160.6634                 21.4036             324.9           2655.6839     4159.2600    -1503.5761
       160.7151                 21.4105             304.1           2510.3345     3963.6000    -1453.2655
       160.7668                 21.4174             322.0           2432.5160     4131.7200    -1699.2040
       160.8184                 21.4244             304.4           2462.3343     3965.9400    -1503.6057
       160.8701                 21.4313             313.1           2404.4541     4047.8400    -1643.3859
       160.9219                 21.4382             314.2           2411.3271     4058.4600    -1647.1329
       160.9734                 21.4451             316.4           2432.9842     4078.9800    -1645.9958
       161.0251                 21.4521             300.3           2296.0707     3927.4200    -1631.3493
       161.0766                 21.4590             307.1           2454.5149     3991.5000    -1536.9851
       161.1283                 21.4659             309.2           2343.0563     4011.3000    -1668.2437
       161.1801                 21.4728             320.4           2661.2047     4116.9600    -1455.7553
       161.2320                 21.4798             293.6           2359.2094     3863.8800    -1504.6706
       161.2500                 21.4822             315.3           2564.6370     4069.0800    -1504.4430
       161.3017                 21.4891             296.8           2274.6581     3893.9400    -1619.2819
       161.3533                 21.4960             306.2           2257.2244     3983.2200    -1725.9956
       161.4050                 21.5030             303.1           2194.7685     3953.7000    -1758.9315
       161.4566                 21.5099             302.5           2256.3458     3947.7600    -1691.4142
       161.5083                 21.5168             301.7           2256.7149     3940.9200    -1684.2051
       161.5599                 21.5237             301.5           2403.3714     3938.9400    -1535.5686
       161.6114                 21.5307             303.4           2398.6964     3956.7600    -1558.0636
       161.6631                 21.5376             306.9           2353.7645     3989.5200    -1635.7555
       161.7148                 21.5445             306.4           2373.8648     3984.6600    -1610.7952
       161.7665                 21.5515             312.9           2595.8931     4045.8600    -1449.9669
       161.8181                 21.5584             314.0           2435.7549     4057.0200    -1621.2651
       161.8697                 21.5653             300.3           2347.8857     3927.6000    -1579.7143
       161.9214                 21.5722             303.1           2314.7238     3953.8800    -1639.1562
       161.9731                 21.5792             297.9           2261.3364     3904.3800    -1643.0436
       162.0248                 21.5861             326.2           2461.9606     4172.0400    -1710.0794
       162.0765                 21.5930             316.8           2460.3033     4083.3000    -1622.9967
       162.1281                 21.6000             303.6           2215.5868     3958.0200    -1742.4332
       162.1797                 21.6069             308.5           2379.0611     4004.2800    -1625.2189
       162.2313                 21.6138             323.4           2470.7215     4145.2200    -1674.4985
       162.2500                 21.6163             331.7           2618.2752     4224.0600    -1605.7848
       162.3018                 21.6232             302.6           2331.7274     3949.2000    -1617.4726
       162.3536                 21.6302             304.0           2215.5617     3962.1600    -1746.5983
       162.4053                 21.6371             288.7           2104.7654     3817.9800    -1713.2146
       162.4571                 21.6440             290.3           2300.7547     3832.7400    -1531.9853
       162.5087                 21.6509             301.3           2336.2116     3936.7800    -1600.5684
       162.5604                 21.6579             306.1           2277.7464     3981.9600    -1704.2136
       162.6121                 21.6648             319.0           2411.1354     4103.6400    -1692.5046
       162.6637                 21.6717             311.0           2482.8910     4028.4000    -1545.5090
       162.7152                 21.6787             303.1           2423.4537     3953.7000    -1530.2463
       162.7668                 21.6856             306.9           2283.4745     3989.7000    -1706.2255
       162.8185                 21.6925             322.9           2400.2325     4140.5400    -1740.3075
       162.8702                 21.6994             311.3           2367.3428     4030.9200    -1663.5772
       162.9219                 21.7064             316.3           2294.5108     4078.2600    -1783.7492
       162.9736                 21.7133             309.5           2426.2470     4014.3600    -1588.1130
       163.0252                 21.7202             314.9           2155.5602     4064.9400    -1909.3798
       163.0768                 21.7272             303.3           2055.4490     3955.5000    -1900.0510
       163.1285                 21.7341             312.0           2243.6348     4037.4000    -1793.7652
       163.1800                 21.7410             317.8           2525.2763     4092.4800    -1567.2037
       163.2318                 21.7479             303.3           2099.5114     3955.6800    -1856.1686
       163.2500                 21.7504             288.2           2101.0643     3813.3000    -1712.2357
       163.3015                 21.7573             306.3           2261.8115     3983.5800    -1721.7685
       163.3533                 21.7642             326.3           2448.1222     4173.1200    -1724.9978
       163.4051                 21.7712             301.6           2369.8438     3939.8400    -1569.9962
       163.4568                 21.7781             318.8           2439.4018     4101.8400    -1662.4382
       163.5084                 21.7850             318.8           2570.7110     4102.0200    -1531.3090
       163.5602                 21.7919             300.5           2304.5894     3929.5800    -1624.9906
       163.6120                 21.7989             303.7           2311.9847     3959.8200    -1647.8353
       163.6637                 21.8058             313.2           2362.3807     4048.7400    -1686.3593
       163.7154                 21.8127             321.4           2571.1986     4126.5000    -1555.3014
       163.7671                 21.8196             323.9           2412.0334     4150.0800    -1738.0466
       163.8188                 21.8266             293.4           2186.2950     3862.6200    -1676.3250
       163.8705                 21.8335             300.0           2424.9361     3924.5400    -1499.6039
       163.9222                 21.8404             302.5           2194.7570     3948.1200    -1753.3630
       163.9739                 21.8474             295.3           2296.5536     3880.0800    -1583.5264
       164.0256                 21.8543             303.3           2404.1423     3955.5000    -1551.3577
       164.0774                 21.8612             303.3           2406.0104     3955.8600    -1549.8496
       164.1290                 21.8681             310.7           2416.1240     4025.3400    -1609.2160
       164.1807                 21.8751             305.7           2145.5518     3978.7200    -1833.1682
       164.2324                 21.8820             310.2           2575.7774     4020.4800    -1444.7026
       164.2500                 21.8844             303.1           2392.7618     3953.8800    -1561.1182
       164.3016                 21.8913             306.1           2456.1888     3982.3200    -1526.1312
       164.3534                 21.8982             303.2           2638.8447     3954.6000    -1315.7553
       164.4051                 21.9051             312.2           2698.9323     4039.5600    -1340.6277
       164.4569                 21.9121             307.9           2575.0594     3999.2400    -1424.1806
       164.5087                 21.9190             313.8           2708.6747     4054.6800    -1346.0053
       164.5603                 21.9259             292.9           2379.6106     3857.4000    -1477.7894
       164.6121                 21.9329             305.9           2581.9175     3979.9800    -1398.0625
       164.6638                 21.9398             287.4           2351.8095     3805.5600    -1453.7505
       164.7157                 21.9467             307.0           2566.1968     3990.7800    -1424.5832
       164.7673                 21.9536             316.0           2620.0859     4075.3800    -1455.2941
       164.8191                 21.9606             315.6           2536.4989     4071.9600    -1535.4611
       164.8707                 21.9675             318.1           2756.4474     4095.3600    -1338.9126
       164.9224                 21.9744             317.8           2589.0861     4092.6600    -1503.5739
       164.9743                 21.9813             294.5           2348.3742     3872.7000    -1524.3258
       165.0262                 21.9883             313.5           2502.4370     4051.9800    -1549.5430
       165.0781                 21.9952             308.8           2439.4343     4007.1600    -1567.7257
       165.1299                 22.0021             286.7           2487.2104     3798.7200    -1311.5096
       165.1817                 22.0091             301.7           2483.0951     3940.2000    -1457.1049
       165.2334                 22.0160             296.5           2488.5967     3891.6000    -1403.0033
       165.2500                 22.0182             307.8           2599.3042     3998.3400    -1399.0358
       165.3018                 22.0251             297.8           2564.6596     3903.4800    -1338.8204
       165.3535                 22.0321             304.6           2681.8059     3968.1000    -1286.2941
       165.4053                 22.0390             301.9           2572.8069     3942.5400    -1369.7331
       165.4571                 22.0459             310.2           2875.7375     4020.8400    -1145.1025
       165.5088                 22.0528             299.5           2623.1312     3919.6800    -1296.5488
       165.5606                 22.0598             301.1           2653.0165     3934.9800    -1281.9635
       165.6123                 22.0667             324.8           2983.8163     4158.9000    -1175.0837
       165.6640                 22.0736             324.9           2689.5165     4159.2600    -1469.7435
       165.7158                 22.0806             293.8           2588.9176     3866.0400    -1277.1224
       165.7676                 22.0875             304.1           2623.9201     3963.6000    -1339.6799
       165.8194                 22.0944             300.7           2520.5247     3931.0200    -1410.4953
       165.8711                 22.1013             305.3           2657.3698     3974.2200    -1316.8502
       165.9228                 22.1083             308.4           2700.2318     4003.7400    -1303.5082
       165.9745                 22.1152             295.9           2472.8942     3885.4800    -1412.5858
       166.0263                 22.1221             298.5           2455.6823     3910.5000    -1454.8177
       166.0782                 22.1290             301.9           2613.1467     3942.1800    -1329.0333
       166.1298                 22.1360             304.3           2566.8534     3965.4000    -1398.5466
       166.1815                 22.1429             312.7           2694.5541     4044.7800    -1350.2259
       166.2330                 22.1498             318.2           2573.3303     4096.6200    -1523.2897
       166.2500                 22.1521             297.9           2527.0019     3904.9200    -1377.9181
       166.3015                 22.1590             307.1           2740.5500     3991.8600    -1251.3100
       166.3532                 22.1660             280.8           2336.7667     3743.6400    -1406.8733
       166.4050                 22.1729             308.0           2763.0589     4000.3200    -1237.2611
       166.4566                 22.1798             304.6           2529.1671     3968.2800    -1439.1129
       166.5082                 22.1867             310.9           2873.3383     4027.6800    -1154.3417
       166.5599                 22.1937             318.9           2779.9724     4102.7400    -1322.7676
       166.6118                 22.2006             298.3           2286.7955     3907.9800    -1621.1845
       166.6635                 22.2075             311.2           2573.2079     4029.8400    -1456.6321
       166.7152                 22.2145             306.1           2606.9798     3981.7800    -1374.8002
       166.7671                 22.2214             299.2           2708.7418     3917.3400    -1208.5982
       166.8189                 22.2283             305.5           2524.4085     3976.2000    -1451.7915
       166.8707                 22.2352             302.7           2595.3660     3949.7400    -1354.3740
       166.9223                 22.2422             302.5           2550.9955     3947.7600    -1396.7645
       166.9741                 22.2491             305.4           2551.1308     3975.1200    -1423.9892
       167.0258                 22.2560             305.7           2543.1689     3978.5400    -1435.3711
       167.0776                 22.2629             298.7           2410.6111     3912.3000    -1501.6889
       167.1294                 22.2699             306.8           2587.8990     3988.8000    -1400.9010
       167.1811                 22.2768             313.8           2604.0417     4054.3200    -1450.2783
       167.2329                 22.2837             313.5           2529.5365     4051.8000    -1522.2635
       167.2500                 22.2860             330.3           2746.5591     4210.9200    -1464.3609
       167.3017                 22.2930             310.5           2509.0517     4023.3600    -1514.3083
       167.3534                 22.2999             304.4           2663.1937     3966.3000    -1303.1063
       167.4051                 22.3068             291.2           2479.1068     3841.5600    -1362.4532
       167.4570                 22.3137             306.2           2571.0505     3983.4000    -1412.3495
       167.5087                 22.3207             304.1           2531.5012     3962.8800    -1431.3788
       167.5604                 22.3276             312.1           2657.9626     4038.4800    -1380.5174
       167.6123                 22.3345             312.9           2467.0845     4046.2200    -1579.1355
       167.6641                 22.3414             295.5           2399.7781     3882.0600    -1482.2819
       167.7158                 22.3484             311.4           2536.1302     4032.1800    -1496.0498
       167.7677                 22.3553             294.1           2421.9303     3868.7400    -1446.8097
       167.8194                 22.3622             312.3           2633.0270     4040.8200    -1407.7930
       167.8711                 22.3692             304.7           2511.8682     3969.1800    -1457.3118
       167.9229                 22.3761             314.7           2375.5438     4063.6800    -1688.1362
       167.9746                 22.3830             297.9           2646.3114     3904.7400    -1258.4286
       168.0263                 22.3899             291.3           2570.2155     3842.4600    -1272.2445
       168.0780                 22.3969             313.1           2502.2310     4047.8400    -1545.6090
       168.1296                 22.4038             316.2           2849.9135     4077.7200    -1227.8065
       168.1813                 22.4107             310.5           2658.8634     4023.5400    -1364.6766
       168.2330                 22.4177             314.4           2691.3398     4060.6200    -1369.2802
       168.2500                 22.4199             302.4           2456.2449     3947.5800    -1491.3351
       168.3017                 22.4269             297.8           2566.0420     3903.3000    -1337.2580
       168.3535                 22.4338             309.1           2708.0272     4010.4000    -1302.3728
       168.4052                 22.4407             316.6           2731.0545     4080.7800    -1349.7255
       168.4570                 22.4476             312.2           2843.4056     4040.1000    -1196.6944
       168.5087                 22.4546             296.4           2504.8891     3890.8800    -1385.9909
       168.5603                 22.4615             300.1           2616.4510     3925.2600    -1308.8090
       168.6120                 22.4684             313.4           2757.0991     4050.9000    -1293.8009
       168.6636                 22.4754             296.9           2332.2187     3895.2000    -1562.9813
       168.7153                 22.4823             306.9           2512.5481     3989.3400    -1476.7919
       168.7671                 22.4892             320.4           2732.5429     4116.7800    -1384.2371
       168.8189                 22.4961             322.3           2634.9562     4134.6000    -1499.6438
       168.8706                 22.5031             312.1           2697.1672     4039.0200    -1341.8528
       168.9223                 22.5100             304.3           2623.0655     3964.8600    -1341.7945
       168.9740                 22.5169             288.3           2471.1187     3814.2000    -1343.0813
       169.0256                 22.5238             300.3           2745.6997     3926.8800    -1181.1803
       169.0773                 22.5308             319.2           2811.7923     4105.4400    -1293.6477
       169.1289                 22.5377             322.9           2391.1112     4140.9000    -1749.7888
       169.1807                 22.5446             294.1           2382.1572     3868.7400    -1486.5828
       169.2323                 22.5516             294.5           2647.5057     3872.5200    -1225.0143
       169.2500                 22.5539             303.0           2652.6819     3952.8000    -1300.1181
       169.3017                 22.5609             319.2           2904.0879     4105.4400    -1201.3521
       169.3534                 22.5678             289.5           2561.9641     3825.1800    -1263.2159
       169.4051                 22.5747             306.5           2636.0318     3985.9200    -1349.8882
       169.4568                 22.5816             302.6           2603.3324     3948.6600    -1345.3276
       169.5085                 22.5886             298.0           2519.2092     3905.6400    -1386.4308
       169.5602                 22.5955             323.5           2808.2598     4146.3000    -1338.0402
       169.6119                 22.6024             286.6           2436.0516     3798.3600    -1362.3084
       169.6637                 22.6094             296.6           2501.7348     3892.6800    -1390.9452
       169.7156                 22.6163             286.6           2369.8059     3798.0000    -1428.1941
       169.7673                 22.6232             308.8           2453.1620     4007.3400    -1554.1780
       169.8190                 22.6301             314.9           2586.5295     4065.3000    -1478.7705
       169.8705                 22.6371             297.6           2718.8631     3901.5000    -1182.6369
       169.9222                 22.6440             331.2           2772.7864     4219.0200    -1446.2336
       169.9739                 22.6509             318.6           2607.9185     4100.4000    -1492.4815
       170.0256                 22.6578             297.6           2309.5748     3901.8600    -1592.2852
       170.0772                 22.6648             292.8           2274.5778     3856.1400    -1581.5622
       170.1289                 22.6717             317.3           2634.7055     4087.6200    -1452.9145
       170.1806                 22.6786             298.8           2281.0429     3913.0200    -1631.9771
       170.2321                 22.6856             302.7           2519.7517     3950.2800    -1430.5283
       170.2500                 22.6880             324.9           2716.9440     4159.2600    -1442.3160
       170.3016                 22.6949             294.1           2319.2438     3868.7400    -1549.4962
       170.3532                 22.7018             323.4           2671.9064     4145.2200    -1473.3136
       170.4048                 22.7087             291.1           2466.3096     3840.6600    -1374.3504
       170.4564                 22.7157             307.3           2372.2982     3993.1200    -1620.8218
       170.5081                 22.7226             297.6           2162.2417     3901.5000    -1739.2583
       170.5598                 22.7295             305.2           2440.1600     3974.0400    -1533.8800
       170.6114                 22.7364             307.7           2277.2621     3996.7200    -1719.4579
       170.6629                 22.7434             302.9           2436.8385     3951.5400    -1514.7015
       170.7145                 22.7503             324.2           2552.3815     4153.1400    -1600.7585
       170.7663                 22.7572             307.5           2260.1159     3995.6400    -1735.5241
       170.8180                 22.7642             309.8           2352.8222     4017.4200    -1664.5978
       170.8695                 22.7711             306.9           2256.6693     3989.7000    -1733.0307
       170.9213                 22.7780             308.8           2369.6259     4007.1600    -1637.5341
       170.9730                 22.7849             319.0           2414.8096     4103.6400    -1688.8304
       171.0246                 22.7919             304.0           2311.6022     3961.9800    -1650.3778
       171.0763                 22.7988             297.1           2185.0047     3897.3600    -1712.3553
       171.1280                 22.8057             306.9           2100.2900     3989.5200    -1889.2300
       171.1796                 22.8127             323.6           2398.9650     4147.3800    -1748.4150
       171.2313                 22.8196             324.5           2186.1763     4155.4800    -1969.3037
       171.2500                 22.8221             303.9           2282.0601     3961.4400    -1679.3799
       171.3018                 22.8290             317.8           2563.0949     4092.6600    -1529.5651
       171.3534                 22.8359             300.2           2315.8088     3926.7000    -1610.8912
       171.4050                 22.8429             292.8           2145.3174     3856.8600    -1711.5426
       171.4567                 22.8498             299.7           2200.4643     3921.8400    -1721.3757
       171.5084                 22.8567             305.1           2253.9496     3972.4200    -1718.4704
       171.5601                 22.8637             304.4           2182.4898     3966.3000    -1783.8102
       171.6117                 22.8706             304.6           2406.6369     3967.9200    -1561.2831
       171.6632                 22.8775             299.9           2425.9767     3923.2800    -1497.3033
       171.7150                 22.8844             307.2           2367.9240     3992.5800    -1624.6560
       171.7668                 22.8914             314.2           2452.4913     4058.4600    -1605.9687
       171.8185                 22.8983             306.4           2349.7908     3984.4800    -1634.6892
       171.8702                 22.9052             315.1           2545.0778     4067.2800    -1522.2022
       171.9219                 22.9121             298.3           2209.3774     3908.3400    -1698.9626
       171.9736                 22.9191             299.9           2333.6741     3923.6400    -1589.9659
       172.0253                 22.9260             304.0           2441.2157     3962.7000    -1521.4843
       172.0769                 22.9329             306.4           2262.1208     3984.6600    -1722.5392
       172.1287                 22.9399             313.8           2310.2249     4055.0400    -1744.8151
       172.1805                 22.9468             318.5           2403.8285     4098.9600    -1695.1315
       172.2322                 22.9537             307.4           2424.8306     3994.5600    -1569.7294
       172.2500                 22.9561             299.9           2385.8928     3923.1000    -1537.2072
       172.3017                 22.9630             296.2           2406.1997     3888.9000    -1482.7003
       172.3532                 22.9700             287.8           2358.7109     3809.5200    -1450.8091
       172.4049                 22.9769             303.4           2478.0559     3956.4000    -1478.3441
       172.4566                 22.9838             315.0           2484.6753     4066.2000    -1581.5247
       172.5084                 22.9907             315.7           2638.0056     4072.5000    -1434.4944
       172.5600                 22.9977             309.9           2585.3498     4018.3200    -1432.9702
       172.6117                 23.0046             313.6           2484.1523     4052.8800    -1568.7277
       172.6634                 23.0115             301.3           2578.5029     3936.6000    -1358.0971
       172.7150                 23.0185             302.5           2322.2521     3948.1200    -1625.8679
       172.7666                 23.0254             305.2           2354.0757     3973.3200    -1619.2443
       172.8183                 23.0323             306.4           2404.0727     3985.2000    -1581.1273
       172.8698                 23.0392             305.9           2307.9168     3980.5200    -1672.6032
       172.9215                 23.0462             310.5           2294.6179     4023.7200    -1729.1021
       172.9733                 23.0531             300.4           2151.2790     3927.9600    -1776.6810
       173.0249                 23.0600             309.7           2412.0736     4015.6200    -1603.5464
       173.0765                 23.0669             324.8           2461.4694     4158.5400    -1697.0706
       173.1282                 23.0739             322.1           2529.0469     4132.6200    -1603.5731
       173.1799                 23.0808             309.2           2179.6874     4010.9400    -1831.2526
       173.2316                 23.0877             293.8           2211.0068     3866.0400    -1655.0332
       173.2500                 23.0902             300.0           2328.8251     3924.7200    -1595.8949
       173.3016                 23.0971             321.2           2498.7417     4124.7000    -1625.9583
       173.3532                 23.1041             323.7           2392.3835     4148.4600    -1756.0765
       173.4050                 23.1110             305.1           2146.7024     3972.7800    -1826.0776
       173.4565                 23.1179             300.2           2314.5235     3925.9800    -1611.4565
       173.5083                 23.1248             311.8           2490.9266     4036.1400    -1545.2134
       173.5598                 23.1318             313.7           2546.4283     4053.4200    -1506.9917
       173.6115                 23.1387             313.9           2453.8693     4055.4000    -1601.5307
       173.6633                 23.1456             302.1           2188.2171     3944.5200    -1756.3029
       173.7152                 23.1525             317.4           2403.1982     4088.3400    -1685.1418
       173.7669                 23.1595             311.3           2444.1733     4031.2800    -1587.1067
       173.8185                 23.1664             303.2           2343.4307     3954.9600    -1611.5293
       173.8702                 23.1733             308.0           2367.8691     3999.9600    -1632.0909
       173.9219                 23.1803             304.9           2272.9762     3971.1600    -1698.1838
       173.9735                 23.1872             306.4           2536.7145     3985.0200    -1448.3055
       174.0250                 23.1941             316.8           2389.6413     4083.1200    -1693.4787
       174.0768                 23.2010             309.2           2350.5872     4010.9400    -1660.3528
       174.1285                 23.2080             316.4           2590.3809     4079.1600    -1488.7791
       174.1800                 23.2149             329.5           2529.9984     4203.0000    -1673.0016
       174.2316                 23.2218             300.9           2257.7108     3933.3600    -1675.6492
       174.2500                 23.2243             300.3           2212.0422     3927.0600    -1715.0178
       174.3016                 23.2312             317.3           2486.1484     4087.6200    -1601.4716
       174.3533                 23.2381             317.8           2193.7783     4092.3000    -1898.5217
       174.4049                 23.2451             309.7           2244.3887     4016.1600    -1771.7713
       174.4566                 23.2520             309.3           2145.7849     4012.5600    -1866.7751
       174.5083                 23.2589             316.9           2309.8590     4084.2000    -1774.3410
       174.5598                 23.2659             311.1           2454.3844     4028.9400    -1574.5556
       174.6115                 23.2728             304.1           2341.3153     3963.0600    -1621.7447
       174.6630                 23.2797             302.7           2072.0938     3950.2800    -1878.1862
       174.7145                 23.2866             311.1           2315.7520     4029.4800    -1713.7280
       174.7661                 23.2936             304.8           2045.7629     3969.7200    -1923.9571
       174.8178                 23.3005             296.6           1981.1500     3892.5000    -1911.3500
       174.8694                 23.3074             303.0           2314.2715     3952.8000    -1638.5285
       174.9211                 23.3143             298.0           2111.7261     3905.2800    -1793.5539
       174.9728                 23.3213             324.9           2197.5866     4159.0800    -1961.4934
       175.0245                 23.3282             302.8           2227.2358     3951.0000    -1723.7642
       175.0762                 23.3351             304.7           2302.2732     3968.6400    -1666.3668
       175.1277                 23.3421             312.0           2205.6805     4038.1200    -1832.4395
       175.1793                 23.3490             305.1           2236.7172     3972.7800    -1736.0628
       175.2309                 23.3559             300.7           2173.6996     3931.5600    -1757.8604
       175.2500                 23.3585             285.6           1989.3622     3788.6400    -1799.2778
       175.3017                 23.3654             322.6           2253.1052     4137.4800    -1884.3748
       175.3533                 23.3723             301.0           2140.4716     3933.9000    -1793.4284
       175.4048                 23.3793             319.7           2350.2689     4110.8400    -1760.5711
       175.4564                 23.3862             300.4           1970.3435     3928.6800    -1958.3365
       175.5081                 23.3931             303.6           2079.2116     3958.2000    -1878.9884
       175.5597                 23.4000             310.7           2331.5203     4025.3400    -1693.8197
       175.6114                 23.4070             297.6           2283.2559     3901.6800    -1618.4241
       175.6630                 23.4139             311.5           2348.8685     4033.2600    -1684.3915
       175.7146                 23.4208             295.0           2090.0833     3876.8400    -1786.7567
       175.7662                 23.4278             320.9           2337.0170     4121.8200    -1784.8030
       175.8176                 23.4347             313.8           2333.7962     4054.8600    -1721.0638
       175.8692                 23.4416             307.0           2280.1189     3990.9600    -1710.8411
       175.9208                 23.4485             292.4           2165.6831     3853.0800    -1687.3969
       175.9725                 23.4555             319.6           2353.4016     4109.2200    -1755.8184
       176.0242                 23.4624             328.8           2309.2711     4196.7000    -1887.4289
       176.0759                 23.4693             297.8           2056.9072     3903.8400    -1846.9328
       176.1274                 23.4762             303.7           2166.6410     3959.2800    -1792.6390
       176.1791                 23.4832             300.3           2025.8708     3927.2400    -1901.3692
       176.2306                 23.4901             306.2           2108.0455     3983.0400    -1874.9945
       176.2500                 23.4927             298.3           2151.1505     3908.5200    -1757.3695
       176.3017                 23.4996             295.1           2003.6158     3878.1000    -1874.4842
       176.3534                 23.5065             321.3           2260.8637     4125.6000    -1864.7363
       176.4051                 23.5135             320.4           2356.6842     4117.5000    -1760.8158
       176.4566                 23.5204             307.8           2236.6801     3997.8000    -1761.1199
       176.5082                 23.5273             313.1           2293.2452     4048.2000    -1754.9548
       176.5599                 23.5343             306.4           2297.3654     3984.4800    -1687.1146
       176.6115                 23.5412             295.8           1919.6786     3884.5800    -1964.9014
       176.6632                 23.5481             308.2           2079.0919     4002.3000    -1923.2081
       176.7147                 23.5550             320.5           2279.5854     4118.2200    -1838.6346
       176.7662                 23.5620             292.8           2061.3246     3856.1400    -1794.8154
       176.8179                 23.5689             286.9           2052.4292     3801.2400    -1748.8108
       176.8696                 23.5758             307.7           1895.7352     3997.4400    -2101.7048
       176.9214                 23.5828             306.9           1955.8673     3989.3400    -2033.4727
       176.9731                 23.5897             300.2           2175.3872     3926.7000    -1751.3128
       177.0246                 23.5966             311.0           2218.3916     4028.4000    -1810.0084
       177.0763                 23.6035             330.6           2389.2736     4213.0800    -1823.8064
       177.1278                 23.6105             301.7           2225.1140     3940.5600    -1715.4460
       177.1795                 23.6174             311.9           2396.0907     4036.5000    -1640.4093
       177.2312                 23.6243             298.6           1971.0157     3911.5800    -1940.5643
       177.2500                 23.6269             284.4           1934.2591     3777.3000    -1843.0409
       177.3016                 23.6338             306.7           2241.5759     3987.7200    -1746.1441
       177.3532                 23.6407             312.3           2278.9861     4040.4600    -1761.4739
       177.4048                 23.6476             311.8           2155.9511     4036.3200    -1880.3689
       177.4566                 23.6546             304.2           2275.6151     3963.7800    -1688.1649
       177.5082                 23.6615             316.3           2190.4745     4078.8000    -1888.3255
       177.5597                 23.6684             314.4           1918.4056     4060.6200    -2142.2144
       177.6114                 23.6753             338.9           2273.8085     4291.3800    -2017.5715
       177.6631                 23.6823             313.2           1958.0458     4049.1000    -2091.0542
       177.7148                 23.6892             313.4           2066.7001     4051.2600    -1984.5599
       177.7664                 23.6961             303.5           2022.2263     3957.3000    -1935.0737
       177.8180                 23.7031             306.7           2165.8815     3987.9000    -1822.0185
       177.8695                 23.7100             293.5           1991.9863     3863.5200    -1871.5337
       177.9212                 23.7169             312.0           2382.6756     4037.5800    -1654.9044
       177.9728                 23.7238             296.8           2072.3317     3894.1200    -1821.7883
       178.0244                 23.7308             310.8           2232.7992     4026.7800    -1793.9808
       178.0761                 23.7377             311.9           2271.4621     4037.0400    -1765.5779
       178.1277                 23.7446             289.7           2106.8158     3827.1600    -1720.3442
       178.1794                 23.7516             309.0           2205.0511     4009.3200    -1804.2689
       178.2309                 23.7585             314.3           2373.2508     4059.0000    -1685.7492
       178.2500                 23.7610             290.0           2108.8135     3829.6800    -1720.8665
       178.3016                 23.7680             292.8           1967.2227     3856.5000    -1889.2773
       178.3534                 23.7749             320.9           2401.4806     4122.0000    -1720.5194
       178.4050                 23.7818             292.7           2001.1307     3855.7800    -1854.6493
       178.4569                 23.7888             288.0           1870.8312     3811.3200    -1940.4888
       178.5085                 23.7957             302.0           2209.7010     3943.2600    -1733.5590
       178.5602                 23.8026             306.7           2136.0332     3988.0800    -1852.0468
       178.6118                 23.8095             286.6           2108.1718     3798.0000    -1689.8282
       178.6634                 23.8165             320.3           2351.1837     4116.4200    -1765.2363
       178.7149                 23.8234             307.1           2104.9598     3991.5000    -1886.5402
       178.7666                 23.8303             320.1           2146.1317     4114.2600    -1968.1283
       178.8183                 23.8372             289.5           2045.9343     3825.3600    -1779.4257
       178.8699                 23.8442             311.8           2094.1036     4036.1400    -1942.0364
       178.9214                 23.8511             320.1           2199.7176     4114.6200    -1914.9024
       178.9731                 23.8580             312.9           2017.9414     4046.2200    -2028.2786
       179.0247                 23.8650             304.6           2308.8080     3967.7400    -1658.9320
       179.0763                 23.8719             309.0           2286.2202     4009.6800    -1723.4598
       179.1278                 23.8788             292.0           2068.9700     3849.1200    -1780.1500
       179.1794                 23.8857             308.9           2059.4082     4008.0600    -1948.6518
       179.2311                 23.8927             304.2           2092.2617     3963.7800    -1871.5183
       179.2500                 23.8952             305.3           1988.2693     3974.9400    -1986.6707
       179.3015                 23.9021             318.9           2288.8789     4102.9200    -1814.0411
       179.3530                 23.9091             298.7           2216.9813     3911.7600    -1694.7787
       179.4047                 23.9160             296.6           2071.1320     3892.5000    -1821.3680
       179.4563                 23.9229             301.9           2275.0100     3942.5400    -1667.5300
       179.5079                 23.9299             309.1           2365.7345     4010.5800    -1644.8455
       179.5596                 23.9368             311.5           1800.6809     4033.2600    -2232.5791
       179.6112                 23.9437             305.4           1983.0701     3975.4800    -1992.4099
       179.6629                 23.9506             299.5           1992.3607     3919.3200    -1926.9593
       179.7144                 23.9576             295.8           1931.3809     3884.7600    -1953.3791
       179.7661                 23.9645             295.2           1892.3330     3879.0000    -1986.6670
       179.8178                 23.9714             311.8           1998.5650     4036.1400    -2037.5750
       179.8695                 23.9783             299.7           1818.7718     3921.8400    -2103.0682
       179.9210                 23.9853             317.9           1966.0265     4093.7400    -2127.7135
       179.9727                 23.9922             311.2           2018.3345     4030.2000    -2011.8655
       180.0244                 23.9991             318.5           2129.1688     4099.3200    -1970.1512
       180.0761                 24.0061             310.7           2104.0227     4025.7000    -1921.6773
       180.1278                 24.0130             311.5           1882.2132     4032.9000    -2150.6868
       180.1794                 24.0199             310.4           1934.6419     4022.6400    -2087.9981
       180.2308                 24.0268             321.9           2161.6470     4131.3600    -1969.7130
       180.2500                 24.0294             325.8           2117.5836     4168.0800    -2050.4964
       180.3016                 24.0363             317.9           1879.1110     4093.7400    -2214.6290
       180.3533                 24.0433             296.5           1865.9051     3891.0600    -2025.1549
       180.4048                 24.0502             300.6           1575.7174     3930.1200    -2354.4026
       180.4566                 24.0571             316.6           1910.1724     4080.9600    -2170.7876
       180.5084                 24.0640             305.9           1851.6038     3980.5200    -2128.9162
       180.5601                 24.0710             312.6           1910.3958     4043.5200    -2133.1242
       180.6118                 24.0779             311.5           2018.0894     4032.9000    -2014.8106
       180.6635                 24.0848             300.2           1824.3111     3926.3400    -2102.0289
       180.7151                 24.0918             317.4           2007.4507     4088.3400    -2080.8893
       180.7666                 24.0987             315.5           1937.6671     4070.7000    -2133.0329
       180.8182                 24.1056             322.2           2154.7958     4134.0600    -1979.2642
       180.8698                 24.1125             314.6           2097.5109     4061.8800    -1964.3691
       180.9216                 24.1195             326.0           2247.3258     4169.5200    -1922.1942
       180.9731                 24.1264             323.2           2331.6441     4143.6000    -1811.9559
       181.0247                 24.1333             305.8           1808.6060     3979.2600    -2170.6540
       181.0764                 24.1403             300.6           1863.1617     3930.3000    -2067.1383
       181.1281                 24.1472             316.6           1898.2511     4081.5000    -2183.2489
       181.1797                 24.1541             302.0           1926.2342     3943.6200    -2017.3858
       181.2312                 24.1610             306.6           1912.8117     3986.6400    -2073.8283
       181.2500                 24.1636             316.6           2131.7923     4080.7800    -1948.9877
       181.3017                 24.1705             311.0           1869.0986     4028.5800    -2159.4814
       181.3534                 24.1774             305.8           1579.0460     3979.4400    -2400.3940
       181.4052                 24.1843             289.9           1653.9734     3828.7800    -2174.8066
       181.4569                 24.1913             309.9           1953.3711     4017.9600    -2064.5889
       181.5085                 24.1982             299.0           1899.6371     3915.3600    -2015.7229
       181.5601                 24.2051             296.3           1829.9638     3889.9800    -2060.0162
       181.6119                 24.2121             316.3           2159.1209     4078.8000    -1919.6791
       181.6634                 24.2190             311.4           1868.3607     4032.5400    -2164.1793
       181.7151                 24.2259             302.8           1943.8684     3951.0000    -2007.1316
       181.7667                 24.2328             327.2           2133.2597     4181.4000    -2048.1403
       181.8183                 24.2398             320.3           2051.2459     4115.7000    -2064.4541
       181.8699                 24.2467             321.4           1953.8196     4126.6800    -2172.8604
       181.9216                 24.2536             296.0           1842.7150     3887.1000    -2044.3850
       181.9733                 24.2605             306.9           1895.6938     3989.1600    -2093.4662
       182.0249                 24.2675             303.4           1943.0832     3956.7600    -2013.6768
       182.0766                 24.2744             305.0           1938.3471     3971.5200    -2033.1729
       182.1284                 24.2813             299.5           1627.5159     3919.6800    -2292.1641
       182.1800                 24.2883             300.8           1859.3159     3931.9200    -2072.6041
       182.2316                 24.2952             307.9           2114.6917     3999.2400    -1884.5483
       182.2500                 24.2977             297.4           1791.1154     3899.7000    -2108.5846
       182.3017                 24.3046             304.3           1767.9214     3964.8600    -2196.9386
       182.3536                 24.3115             308.5           2087.8835     4005.0000    -1917.1165
       182.4051                 24.3184             308.7           2081.7018     4006.6200    -1924.9182
       182.4567                 24.3254             310.9           2022.8555     4027.1400    -2004.2845
       182.5083                 24.3323             299.1           1878.3182     3916.0800    -2037.7618
       182.5601                 24.3392             309.8           2314.2733     4017.0600    -1702.7867
       182.6117                 24.3462             314.2           2175.3892     4058.1000    -1882.7108
       182.6635                 24.3531             290.8           1874.6111     3837.6000    -1962.9889
       182.7151                 24.3600             318.6           2155.5566     4099.8600    -1944.3034
       182.7668                 24.3669             329.9           2295.8749     4206.7800    -1910.9051
       182.8185                 24.3739             309.3           2155.4217     4012.7400    -1857.3183
       182.8702                 24.3808             293.5           1929.5778     3863.1600    -1933.5822
       182.9217                 24.3877             306.7           2074.2780     3987.9000    -1913.6220
       182.9733                 24.3947             307.6           1989.7222     3996.5400    -2006.8178
       183.0251                 24.4016             301.7           1968.0814     3940.3800    -1972.2986
       183.0768                 24.4085             324.8           2077.6363     4158.3600    -2080.7237
       183.1285                 24.4154             317.9           2162.2311     4093.0200    -1930.7889
       183.1802                 24.4224             310.7           2136.9013     4025.7000    -1888.7987
       183.2319                 24.4293             277.0           1925.2003     3707.4600    -1782.2597
       183.2500                 24.4317             298.3           2031.8346     3908.8800    -1877.0454
       183.3017                 24.4387             299.5           2074.2645     3920.0400    -1845.7755
       183.3532                 24.4456             293.1           1780.3012     3859.7400    -2079.4388
       183.4048                 24.4525             298.9           1905.3244     3914.2800    -2008.9556
       183.4564                 24.4594             292.2           2012.9376     3851.2800    -1838.3424
       183.5080                 24.4664             307.8           2019.9248     3998.1600    -1978.2352
       183.5598                 24.4733             313.3           2093.5387     4049.8200    -1956.2813
       183.6113                 24.4802             302.8           1996.9264     3950.4600    -1953.5336
       183.6630                 24.4871             301.9           1948.8275     3942.0000    -1993.1725
       183.7146                 24.4941             298.3           1896.8602     3908.7000    -2011.8398
       183.7663                 24.5010             325.0           2307.7142     4160.3400    -1852.6258
       183.8179                 24.5079             313.9           2059.7279     4055.5800    -1995.8521
       183.8696                 24.5149             294.6           1955.2233     3873.0600    -1917.8367
       183.9213                 24.5218             306.8           2144.3656     3988.2600    -1843.8944
       183.9728                 24.5287             321.0           2142.2438     4122.5400    -1980.2962
       184.0245                 24.5356             321.1           2087.5110     4123.4400    -2035.9290
       184.0761                 24.5426             295.7           1962.7870     3883.5000    -1920.7130
       184.1278                 24.5495             314.8           2236.9607     4064.4000    -1827.4393
       184.1794                 24.5564             307.1           1973.4684     3991.8600    -2018.3916
       184.2311                 24.5633             306.7           2033.2843     3988.0800    -1954.7957
       184.2500                 24.5659             322.3           2193.3591     4134.6000    -1941.2409
       184.3016                 24.5728             300.2           1921.1906     3926.5200    -2005.3294
       184.3532                 24.5797             316.3           2163.7755     4078.2600    -1914.4845
       184.4049                 24.5867             308.3           2035.6950     4003.0200    -1967.3250
       184.4565                 24.5936             312.8           2203.3368     4045.1400    -1841.8032
       184.5081                 24.6005             311.8           2226.3401     4036.3200    -1809.9799
       184.5598                 24.6075             304.5           2007.0648     3966.6600    -1959.5952
       184.6115                 24.6144             307.5           2076.3809     3995.6400    -1919.2591
       184.6631                 24.6213             303.4           2090.3650     3956.4000    -1866.0350
       184.7148                 24.6282             323.0           2378.2844     4141.4400    -1763.1556
       184.7664                 24.6352             308.9           2102.1963     4008.7800    -1906.5837
       184.8180                 24.6421             308.6           2272.0491     4005.9000    -1733.8509
       184.8695                 24.6490             310.6           2092.2996     4024.0800    -1931.7804
       184.9212                 24.6560             310.4           2003.6595     4022.6400    -2018.9805
       184.9730                 24.6629             325.1           2258.2611     4161.6000    -1903.3389
       185.0247                 24.6698             305.7           2047.4657     3978.1800    -1930.7143
       185.0763                 24.6767             292.5           2072.2269     3853.2600    -1781.0331
       185.1281                 24.6837             300.0           2057.4538     3924.9000    -1867.4462
       185.1798                 24.6906             303.2           2066.5490     3954.6000    -1888.0510
       185.2314                 24.6975             302.7           2210.9703     3950.1000    -1739.1297
       185.2500                 24.7000             306.1           2129.3451     3982.3200    -1852.9749
       185.3017                 24.7069             301.4           1841.7685     3937.6800    -2095.9115
       185.3534                 24.7139             306.8           2101.0231     3988.6200    -1887.5969
       185.4053                 24.7208             326.9           2208.4727     4177.9800    -1969.5073
       185.4569                 24.7277             315.2           2236.4353     4068.0000    -1831.5647
       185.5084                 24.7346             307.3           2207.6800     3993.1200    -1785.4400
       185.5599                 24.7416             316.8           2238.2930     4082.9400    -1844.6470
       185.6117                 24.7485             323.9           2465.5750     4150.4400    -1684.8650
       185.6632                 24.7554             309.3           2197.8372     4011.8400    -1814.0028
       185.7148                 24.7624             307.0           1922.9421     3990.2400    -2067.2979
       185.7663                 24.7693             296.9           1972.0814     3895.5600    -1923.4786
       185.8179                 24.7762             303.2           2189.2919     3955.1400    -1765.8481
       185.8695                 24.7831             313.2           2381.5510     4049.1000    -1667.5490
       185.9211                 24.7901             306.2           2217.6425     3982.8600    -1765.2175
       185.9728                 24.7970             303.4           2360.0961     3956.2200    -1596.1239
       186.0244                 24.8039             296.2           2172.9589     3888.9000    -1715.9411
       186.0761                 24.8108             320.0           2315.2031     4113.5400    -1798.3369
       186.1277                 24.8178             295.8           2028.6559     3884.7600    -1856.1041
       186.1792                 24.8247             303.9           2016.4821     3960.9000    -1944.4179
       186.2308                 24.8316             314.3           2156.6270     4059.7200    -1903.0930
       186.2500                 24.8342             291.0           2055.6618     3839.4000    -1783.7382
       186.3015                 24.8411             308.6           2283.2458     4005.7200    -1722.4742
       186.3531                 24.8481             315.1           2206.6575     4067.2800    -1860.6225
       186.4047                 24.8550             297.1           2008.7632     3897.3600    -1888.5968
       186.4562                 24.8619             303.6           2311.6566     3958.3800    -1646.7234
       186.5078                 24.8688             316.0           2168.0623     4075.7400    -1907.6777
       186.5594                 24.8758             317.7           2173.5383     4091.2200    -1917.6817
       186.6110                 24.8827             300.1           2008.8024     3925.8000    -1916.9976
       186.6626                 24.8896             333.7           2311.6170     4242.2400    -1930.6230
       186.7142                 24.8966             299.8           2219.1931     3922.7400    -1703.5469
       186.7658                 24.9035             307.4           2149.3184     3994.0200    -1844.7016
       186.8175                 24.9104             298.0           1896.9021     3905.8200    -2008.9179
       186.8690                 24.9173             301.6           2266.6210     3940.0200    -1673.3990
       186.9206                 24.9243             314.7           2412.0706     4063.5000    -1651.4294
       186.9721                 24.9312             300.3           2311.1411     3926.8800    -1615.7389
       187.0239                 24.9381             299.4           2093.2775     3918.9600    -1825.6825
       187.0754                 24.9450             302.0           2288.6951     3943.8000    -1655.1049
       187.1269                 24.9520             302.0           2275.5160     3943.0800    -1667.5640
       187.1784                 24.9589             315.2           2151.3326     4068.1800    -1916.8474
       187.2300                 24.9658             309.0           2111.0025     4009.1400    -1898.1375
       187.2500                 24.9685             310.0           2275.6224     4018.8600    -1743.2376
       187.3016                 24.9754             324.6           2299.1306     4156.5600    -1857.4294
       187.3533                 24.9824             307.8           2103.5456     3998.3400    -1894.7944
       187.4048                 24.9893             309.7           2245.9694     4015.6200    -1769.6506
       187.4565                 24.9962             306.8           2187.7360     3988.9800    -1801.2440
       187.5081                 25.0031             315.0           2141.6190     4066.3800    -1924.7610
       187.5598                 25.0101             307.8           2084.1194     3997.9800    -1913.8606
       187.6116                 25.0170             310.7           2097.3906     4025.3400    -1927.9494
       187.6632                 25.0239             296.1           2013.1987     3887.4600    -1874.2613
       187.7147                 25.0309             303.2           2177.1800     3955.1400    -1777.9600
       187.7661                 25.0378             276.4           1658.0088     3701.8800    -2043.8712
       187.8176                 25.0447             299.2           2005.6261     3917.3400    -1911.7139
       187.8692                 25.0516             301.8           2038.1032     3941.1000    -1902.9968
       187.9209                 25.0586             316.5           2178.1025     4080.0600    -1901.9575
       187.9725                 25.0655             309.7           2108.5843     4016.1600    -1907.5757
       188.0240                 25.0724             316.3           2011.0237     4078.6200    -2067.5963
       188.0757                 25.0794             305.2           2003.8451     3973.1400    -1969.2949
       188.1272                 25.0863             298.4           2201.0263     3909.6000    -1708.5737
       188.1787                 25.0932             314.3           2163.3297     4059.5400    -1896.2103
       188.2305                 25.1001             314.2           1980.8067     4058.4600    -2077.6533
       188.2500                 25.1028             308.7           2036.3752     4006.6200    -1970.2448
       188.3015                 25.1097             297.7           1890.6527     3902.7600    -2012.1073
       188.3529                 25.1166             308.9           1963.9917     4008.2400    -2044.2483
       188.4045                 25.1235             294.4           1997.9849     3871.2600    -1873.2751
       188.4561                 25.1305             304.0           1874.9639     3962.3400    -2087.3761
       188.5077                 25.1374             304.8           1872.3595     3969.7200    -2097.3605
       188.5594                 25.1443             308.3           1894.4700     4003.0200    -2108.5500
       188.6108                 25.1512             303.7           1695.9366     3959.4600    -2263.5234
       188.6624                 25.1582             302.8           1677.0556     3950.4600    -2273.4044
       188.7139                 25.1651             294.1           1632.5635     3869.1000    -2236.5365
       188.7657                 25.1720             308.4           1686.7520     4003.5600    -2316.8080
       188.8174                 25.1790             314.6           1802.1483     4062.6000    -2260.4517
       188.8689                 25.1859             316.0           1925.6071     4075.2000    -2149.5929
       188.9205                 25.1928             321.1           2065.6504     4123.4400    -2057.7896
       188.9720                 25.1997             304.6           1852.4102     3968.1000    -2115.6898
       189.0237                 25.2067             331.6           2064.6105     4222.6200    -2158.0095
       189.0752                 25.2136             304.0           2025.1759     3962.7000    -1937.5241
       189.1268                 25.2205             303.8           1949.3032     3960.5400    -2011.2368
       189.1783                 25.2275             335.0           2157.5442     4254.8400    -2097.2958
       189.2299                 25.2344             317.7           1701.6108     4091.2200    -2389.6092
       189.2500                 25.2371             297.3           1709.2841     3898.9800    -2189.6959
       189.3016                 25.2440             310.5           1858.1139     4023.5400    -2165.4261
       189.3531                 25.2509             321.4           2056.2186     4126.1400    -2069.9214
       189.4046                 25.2579             302.4           1713.0709     3947.2200    -2234.1491
       189.4561                 25.2648             326.2           2024.5168     4171.3200    -2146.8032
       189.5077                 25.2717             303.6           1896.9753     3958.0200    -2061.0447
       189.5592                 25.2786             302.9           1959.6427     3952.0800    -1992.4373
       189.6109                 25.2856             295.0           1740.3116     3877.2000    -2136.8884
       189.6625                 25.2925             325.2           2076.7806     4162.1400    -2085.3594
       189.7141                 25.2994             319.2           2043.0989     4105.9800    -2062.8811
       189.7657                 25.3064             301.6           1892.7454     3940.0200    -2047.2746
       189.8171                 25.3133             292.1           1772.4821     3849.8400    -2077.3579
       189.8686                 25.3202             302.8           1908.2122     3950.6400    -2042.4278
       189.9201                 25.3271             315.5           1877.2734     4070.7000    -2193.4266
       189.9717                 25.3341             331.6           2220.2568     4222.6200    -2002.3632
       190.0231                 25.3410             294.3           1918.8676     3870.9000    -1952.0324
       190.0746                 25.3479             299.9           1858.1068     3923.8200    -2065.7132
       190.1262                 25.3549             310.2           1844.5922     4020.3000    -2175.7078
       190.1779                 25.3618             307.0           1734.9304     3990.6000    -2255.6696
       190.2295                 25.3687             307.4           1978.9715     3994.7400    -2015.7685
       190.2500                 25.3715             310.0           1867.5485     4018.6800    -2151.1315
       190.3016                 25.3784             310.9           1870.2678     4027.6800    -2157.4122
       190.3532                 25.3853             301.4           1784.7666     3938.0400    -2153.2734
       190.4048                 25.3922             306.4           1918.6828     3984.4800    -2065.7972
       190.4564                 25.3992             313.6           2132.8524     4052.8800    -1920.0276
       190.5079                 25.4061             309.5           2055.1486     4014.1800    -1959.0314
       190.5594                 25.4130             321.0           2091.5203     4122.3600    -2030.8397
       190.6110                 25.4200             308.2           1800.6825     4001.5800    -2200.8975
       190.6626                 25.4269             313.8           1997.1583     4054.6800    -2057.5217
       190.7143                 25.4338             306.5           1598.7252     3985.3800    -2386.6548
       190.7660                 25.4407             299.4           1600.3729     3918.7800    -2318.4071
       190.8177                 25.4477             314.3           1833.1325     4059.9000    -2226.7675
       190.8693                 25.4546             306.4           1989.9669     3984.6600    -1994.6931
       190.9210                 25.4615             300.9           1669.2225     3933.3600    -2264.1375
       190.9727                 25.4685             305.8           1897.7229     3978.9000    -2081.1771
       191.0243                 25.4754             289.2           1755.0633     3822.1200    -2067.0567
       191.0758                 25.4823             300.1           1709.7873     3925.6200    -2215.8327
       191.1273                 25.4892             307.1           1949.7730     3991.5000    -2041.7270
       191.1789                 25.4962             309.8           1952.1413     4017.2400    -2065.0987
       191.2305                 25.5031             302.9           1650.3142     3952.0800    -2301.7658
       191.2500                 25.5057             298.9           1912.2497     3914.4600    -2002.2103
       191.3016                 25.5126             299.8           1835.8622     3922.2000    -2086.3378
       191.3531                 25.5196             320.2           1982.9233     4115.5200    -2132.5967
       191.4047                 25.5265             299.9           1775.7987     3923.1000    -2147.3013
       191.4562                 25.5334             289.7           1765.3368     3826.9800    -2061.6432
       191.5079                 25.5403             304.1           1882.4909     3963.4200    -2080.9291
       191.5595                 25.5473             312.3           1884.7408     4040.4600    -2155.7192
       191.6110                 25.5542             304.7           1829.6657     3968.6400    -2138.9743
       191.6624                 25.5611             300.6           1883.9172     3930.4800    -2046.5628
       191.7139                 25.5681             308.9           2120.7171     4008.4200    -1887.7029
       191.7654                 25.5750             311.0           2110.0361     4028.4000    -1918.3639
       191.8170                 25.5819             315.1           1872.2058     4066.9200    -2194.7142
       191.8687                 25.5888             311.5           1794.2196     4033.0800    -2238.8604
       191.9204                 25.5958             307.5           1854.1712     3994.9200    -2140.7488
       191.9719                 25.6027             307.6           1860.4997     3996.1800    -2135.6803
       192.0234                 25.6096             312.4           1858.8604     4041.5400    -2182.6796
       192.0749                 25.6166             325.1           2101.6909     4161.7800    -2060.0891
       192.1266                 25.6235             320.4           1948.3408     4117.3200    -2168.9792
       192.1781                 25.6304             310.1           1991.8117     4019.5800    -2027.7683
       192.2298                 25.6373             305.7           1925.6474     3978.3600    -2052.7126
       192.2500                 25.6401             313.1           1881.0241     4048.5600    -2167.5359
       192.3016                 25.6470             314.5           2041.0789     4060.9800    -2019.9011
       192.3532                 25.6539             323.6           2160.5647     4147.5600    -1986.9953
       192.4048                 25.6608             294.6           1814.6226     3873.9600    -2059.3374
       192.4564                 25.6678             306.1           1799.5357     3981.9600    -2182.4243
       192.5079                 25.6747             305.3           1822.3966     3974.7600    -2152.3634
       192.5594                 25.6816             301.8           2026.6294     3941.1000    -1914.4706
       192.6109                 25.6885             310.9           2018.9051     4026.9600    -2008.0549
       192.6624                 25.6955             317.9           2071.8322     4093.7400    -2021.9078
       192.7138                 25.7024             314.0           2071.8788     4056.8400    -1984.9612
       192.7654                 25.7093             296.0           1935.4916     3886.7400    -1951.2484
       192.8168                 25.7163             306.7           1991.6715     3987.3600    -1995.6885
       192.8683                 25.7232             305.2           1900.0384     3974.0400    -2074.0016
       192.9199                 25.7301             305.5           1916.4012     3976.3800    -2059.9788
       192.9714                 25.7370             317.8           2022.1179     4092.8400    -2070.7221
       193.0230                 25.7440             312.7           1844.3539     4044.7800    -2200.4261
       193.0746                 25.7509             325.3           2250.7229     4163.0400    -1912.3171
       193.1262                 25.7578             299.9           1922.2571     3924.0000    -2001.7429
       193.1777                 25.7648             306.1           1885.2817     3982.3200    -2097.0383
       193.2293                 25.7717             300.4           1825.7789     3928.5000    -2102.7211
       193.2500                 25.7745             308.6           1859.9145     4005.5400    -2145.6255
       193.3016                 25.7814             309.7           1872.3177     4015.8000    -2143.4823
       193.3530                 25.7883             304.9           1868.0072     3970.9800    -2102.9728
       193.4046                 25.7952             298.7           1695.2200     3912.4800    -2217.2600
       193.4560                 25.8022             314.5           1984.6477     4061.3400    -2076.6923
       193.5075                 25.8091             297.7           1938.5025     3902.4000    -1963.8975
       193.5591                 25.8160             302.5           1878.6742     3948.1200    -2069.4458
       193.6106                 25.8230             307.3           1944.8231     3993.1200    -2048.2969
       193.6621                 25.8299             295.4           1927.8732     3881.1600    -1953.2868
       193.7134                 25.8368             300.3           2070.0207     3926.8800    -1856.8593
       193.7649                 25.8437             310.5           2097.9124     4023.3600    -1925.4476
       193.8163                 25.8507             314.1           2059.2005     4057.7400    -1998.5395
       193.8678                 25.8576             300.5           2049.2411     3929.5800    -1880.3389
       193.9193                 25.8645             314.4           1935.5996     4060.2600    -2124.6604
       193.9706                 25.8715             305.3           1807.7207     3974.4000    -2166.6793
       194.0220                 25.8784             290.9           1905.5993     3838.5000    -1932.9007
       194.0734                 25.8853             314.8           2191.3250     4064.2200    -1872.8950
       194.1249                 25.8922             280.0           1758.5732     3736.0800    -1977.5068
       194.1764                 25.8992             301.2           1868.7475     3936.2400    -2067.4925
       194.2279                 25.9061             300.3           1964.9333     3927.7800    -1962.8467
       194.2500                 25.9091             306.5           2102.0700     3986.1000    -1884.0300
       194.3015                 25.9160             299.3           2040.5008     3918.0600    -1877.5592
       194.3529                 25.9229             320.7           2150.8983     4119.6600    -1968.7617
       194.4045                 25.9299             299.5           2026.6146     3919.3200    -1892.7054
       194.4561                 25.9368             318.9           2148.3737     4102.5600    -1954.1863
       194.5077                 25.9437             306.4           1937.3544     3985.0200    -2047.6656
       194.5592                 25.9506             304.0           1770.6236     3962.3400    -2191.7164
       194.6107                 25.9576             310.5           1869.5685     4023.1800    -2153.6115
       194.6625                 25.9645             290.0           1796.7826     3830.4000    -2033.6174
       194.7139                 25.9714             306.9           2033.4989     3989.1600    -1955.6611
       194.7655                 25.9783             299.4           1844.0419     3918.6000    -2074.5581
       194.8171                 25.9853             299.9           1858.1417     3923.1000    -2064.9583
       194.8686                 25.9922             315.1           2010.1591     4066.5600    -2056.4009
       194.9202                 25.9991             316.2           1969.6511     4077.1800    -2107.5289
       194.9716                 26.0061             303.8           1817.2692     3960.3600    -2143.0908
       195.0232                 26.0130             304.4           1902.2684     3965.5800    -2063.3116
       195.0747                 26.0199             310.8           1821.9278     4026.2400    -2204.3122
       195.1263                 26.0268             307.3           1929.7737     3993.3000    -2063.5263
       195.1778                 26.0338             308.8           2035.6595     4007.1600    -1971.5005
       195.2294                 26.0407             320.8           1884.9355     4120.5600    -2235.6245
       195.2500                 26.0435             309.6           1769.4713     4015.2600    -2245.7887
       195.3017                 26.0504             313.1           2037.2365     4048.0200    -2010.7835
       195.3532                 26.0573             304.3           1730.6385     3964.6800    -2234.0415
       195.4047                 26.0643             293.6           1745.1262     3864.0600    -2118.9338
       195.4561                 26.0712             294.0           1735.0522     3867.4800    -2132.4278
       195.5078                 26.0781             308.4           1876.6870     4003.3800    -2126.6930
       195.5593                 26.0850             322.6           2007.7646     4137.8400    -2130.0754
       195.6107                 26.0920             318.3           1939.7306     4096.9800    -2157.2494
       195.6624                 26.0989             315.1           1982.4899     4066.9200    -2084.4301
       195.7140                 26.1058             313.0           1884.8741     4046.9400    -2162.0659
       195.7654                 26.1127             300.3           1843.1372     3927.0600    -2083.9228
       195.8168                 26.1197             307.9           1842.8026     3998.8800    -2156.0774
       195.8683                 26.1266             322.1           2026.0159     4133.1600    -2107.1441
       195.9198                 26.1335             313.2           2066.3384     4048.7400    -1982.4016
       195.9713                 26.1405             320.8           1951.5443     4120.7400    -2169.1957
       196.0228                 26.1474             315.1           1777.7629     4067.4600    -2289.6971
       196.0744                 26.1543             310.6           1949.6693     4024.0800    -2074.4107
       196.1257                 26.1612             309.5           1815.3007     4014.5400    -2199.2393
       196.1773                 26.1682             315.2           1787.3447     4068.1800    -2280.8353
       196.2289                 26.1751             283.1           1608.0476     3765.4200    -2157.3724
       196.2500                 26.1779             302.4           1615.8965     3947.0400    -2331.1435
       196.3016                 26.1849             307.5           1826.1011     3995.4600    -2169.3589
       196.3531                 26.1918             298.6           1479.7483     3911.4000    -2431.6517
       196.4048                 26.1987             306.5           1637.4299     3985.3800    -2347.9501
       196.4563                 26.2057             318.9           1940.3541     4103.2800    -2162.9259
       196.5079                 26.2126             312.5           1730.8561     4042.2600    -2311.4039
       196.5594                 26.2195             307.7           1793.5618     3996.9000    -2203.3382
       196.6108                 26.2264             291.5           1684.0688     3844.0800    -2160.0112
       196.6624                 26.2334             311.0           1796.0186     4028.5800    -2232.5614
       196.7141                 26.2403             312.3           1827.1703     4040.6400    -2213.4697
       196.7656                 26.2472             299.2           1730.1098     3917.3400    -2187.2302
       196.8171                 26.2541             295.7           1600.5537     3883.6800    -2283.1263
       196.8688                 26.2611             315.0           1842.8204     4065.6600    -2222.8396
       196.9204                 26.2680             316.2           1754.0870     4077.3600    -2323.2730
       196.9719                 26.2749             315.5           1840.6569     4070.7000    -2230.0431
       197.0235                 26.2819             311.8           1819.6135     4035.4200    -2215.8065
       197.0750                 26.2888             300.5           1623.6289     3928.8600    -2305.2311
       197.1265                 26.2957             294.9           1523.8207     3876.3000    -2352.4793
       197.1781                 26.3026             302.5           1709.1806     3948.4800    -2239.2994
       197.2297                 26.3096             288.2           1400.9102     3812.9400    -2412.0298
       197.2500                 26.3123             294.9           1607.6240     3876.6600    -2269.0360
       197.3017                 26.3192             305.6           1686.0066     3977.2800    -2291.2734
       197.3532                 26.3262             302.6           1644.6518     3948.8400    -2304.1882
       197.4048                 26.3331             306.5           1871.5541     3985.5600    -2114.0059
       197.4562                 26.3400             296.1           1690.7215     3887.4600    -2196.7385
       197.5077                 26.3469             310.0           1865.3048     4018.6800    -2153.3752
       197.5593                 26.3539             301.3           1650.5240     3936.4200    -2285.8960
       197.6108                 26.3608             317.5           1550.2148     4089.6000    -2539.3852
       197.6623                 26.3677             303.4           1610.6969     3956.4000    -2345.7031
       197.7137                 26.3746             300.7           1597.5359     3931.2000    -2333.6641
       197.7652                 26.3816             293.9           1565.2612     3867.3000    -2302.0388
       197.8167                 26.3885             301.6           1633.5737     3939.1200    -2305.5463
       197.8681                 26.3954             303.8           1704.3507     3960.5400    -2256.1893
       197.9196                 26.4024             297.9           1703.3822     3904.5600    -2201.1778
       197.9710                 26.4093             311.4           1657.8237     4031.8200    -2373.9963
       198.0225                 26.4162             295.2           1654.9796     3879.1800    -2224.2004
       198.0741                 26.4231             299.5           1560.1789     3919.6800    -2359.5011
       198.1257                 26.4301             305.6           1707.1328     3976.9200    -2269.7872
       198.1773                 26.4370             299.4           1690.7314     3918.6000    -2227.8686
       198.2286                 26.4439             304.1           1809.6116     3963.0600    -2153.4484
       198.2500                 26.4468             322.8           2113.2667     4139.4600    -2026.1933
       198.3014                 26.4537             297.5           1921.5367     3900.9600    -1979.4233
       198.3529                 26.4606             306.6           1868.0098     3987.0000    -2118.9902
       198.4044                 26.4676             312.0           1962.7814     4037.7600    -2074.9786
       198.4558                 26.4745             324.1           2101.7865     4152.2400    -2050.4535
       198.5071                 26.4814             301.5           1920.0492     3938.5800    -2018.5308
       198.5585                 26.4884             313.1           1889.0268     4048.0200    -2158.9932
       198.6100                 26.4953             318.8           2068.6762     4102.2000    -2033.5238
       198.6615                 26.5022             306.7           1909.6224     3987.5400    -2077.9176
       198.7131                 26.5091             280.9           1838.9592     3743.8200    -1904.8608
       198.7645                 26.5161             308.9           2052.0217     4008.2400    -1956.2183
       198.8160                 26.5230             315.1           1881.8250     4067.1000    -2185.2750
       198.8675                 26.5299             312.8           2020.4987     4044.9600    -2024.4613
       198.9190                 26.5368             313.0           2007.2600     4047.6600    -2040.4000
       198.9707                 26.5438             307.4           1643.5693     3994.0200    -2350.4507
       199.0224                 26.5507             317.9           2097.7598     4093.7400    -1995.9802
       199.0741                 26.5576             307.5           1695.5214     3995.2800    -2299.7586
       199.1258                 26.5646             294.9           1629.4531     3876.4800    -2247.0269
       199.1773                 26.5715             319.6           2040.0056     4109.4000    -2069.3944
       199.2289                 26.5784             323.8           2097.9203     4149.0000    -2051.0797
       199.2500                 26.5813             322.8           2162.8001     4140.0000    -1977.1999
       199.3015                 26.5882             312.6           1955.6628     4043.8800    -2088.2172
       199.3531                 26.5951             297.6           2072.0187     3901.8600    -1829.8413
       199.4047                 26.6020             305.5           1973.7091     3976.7400    -2003.0309
       199.4563                 26.6090             305.6           1929.2802     3976.9200    -2047.6398
       199.5078                 26.6159             300.8           1649.6419     3931.9200    -2282.2781
       199.5594                 26.6228             301.9           1726.0530     3942.7200    -2216.6670
       199.6109                 26.6297             299.7           1865.7479     3921.8400    -2056.0921
       199.6623                 26.6367             296.8           1793.1562     3894.1200    -2100.9638
       199.7137                 26.6436             301.6           1941.1282     3939.4800    -1998.3518
       199.7651                 26.6505             326.3           1983.1511     4172.9400    -2189.7889
       199.8167                 26.6575             327.9           2118.3636     4188.2400    -2069.8764
       199.8683                 26.6644             288.7           1732.4760     3818.1600    -2085.6840
       199.9198                 26.6713             311.3           2095.4573     4031.2800    -1935.8227
       199.9715                 26.6782             322.7           2233.7996     4138.3800    -1904.5804
       200.0230                 26.6852             310.5           2078.4706     4023.7200    -1945.2494
       200.0746                 26.6921             310.0           2052.9322     4019.2200    -1966.2878
       200.1261                 26.6990             302.5           1939.2469     3947.9400    -2008.6931
       200.1776                 26.7060             305.9           1989.4152     3979.8000    -1990.3848
       200.2291                 26.7129             309.4           1882.1731     4013.1000    -2130.9269
       200.2500                 26.7157             307.5           2027.2518     3994.9200    -1967.6682
       200.3015                 26.7226             322.2           2106.2446     4133.8800    -2027.6354
       200.3531                 26.7295             309.4           1786.9214     4013.6400    -2226.7186
       200.4047                 26.7365             299.2           1778.5248     3917.3400    -2138.8152
       200.4562                 26.7434             304.1           1977.3448     3963.4200    -1986.0752
       200.5078                 26.7503             302.4           1865.5901     3947.4000    -2081.8099
       200.5593                 26.7572             292.7           1928.7539     3855.6000    -1926.8461
       200.6108                 26.7642             308.7           2024.5545     4006.9800    -1982.4255
       200.6624                 26.7711             305.6           1970.2500     3977.6400    -2007.3900
       200.7140                 26.7780             306.1           1964.2600     3981.7800    -2017.5200
       200.7655                 26.7850             311.0           1883.7219     4028.2200    -2144.4981
       200.8171                 26.7919             308.4           1890.9049     4003.3800    -2112.4751
       200.8685                 26.7988             310.3           1808.6903     4021.9200    -2213.2297
       200.9201                 26.8057             301.9           1916.1422     3942.7200    -2026.5778
       200.9716                 26.8127             302.5           1971.3472     3947.7600    -1976.4128
       201.0231                 26.8196             302.1           1683.1734     3944.1600    -2260.9866
       201.0746                 26.8265             304.4           1898.2836     3966.3000    -2068.0164
       201.1263                 26.8334             299.3           1914.1533     3918.2400    -2004.0867
       201.1778                 26.8404             298.7           1908.0329     3911.7600    -2003.7271
       201.2292                 26.8473             321.7           2188.2160     4129.3800    -1941.1640
       201.2500                 26.8501             297.6           2016.2391     3901.6800    -1885.4409
       201.3014                 26.8570             311.7           2019.0023     4034.5200    -2015.5177
       201.3530                 26.8639             309.1           1996.7334     4010.2200    -2013.4866
       201.4045                 26.8709             331.4           2203.1228     4220.6400    -2017.5172
       201.4561                 26.8778             298.9           1921.2778     3914.4600    -1993.1822
       201.5076                 26.8847             310.3           1868.2759     4021.5600    -2153.2841
       201.5593                 26.8916             303.0           1915.1775     3952.9800    -2037.8025
       201.6109                 26.8986             296.0           1918.3071     3886.9200    -1968.6129
       201.6625                 26.9055             295.9           1990.6625     3886.0200    -1895.3575
       201.7140                 26.9124             296.2           1767.2136     3889.0800    -2121.8664
       201.7655                 26.9194             313.9           1889.9154     4055.9400    -2166.0246
       201.8170                 26.9263             321.1           2026.5707     4123.4400    -2096.8693
       201.8685                 26.9332             296.5           1786.1388     3891.6000    -2105.4612
       201.9201                 26.9401             317.0           2098.6977     4084.7400    -1986.0423
       201.9717                 26.9471             301.6           1849.0224     3939.8400    -2090.8176
       202.0233                 26.9540             308.4           1726.4754     4003.7400    -2277.2646
       202.0749                 26.9609             302.6           1715.2174     3948.6600    -2233.4426
       202.1263                 26.9679             294.9           1810.0881     3876.3000    -2066.2119
       202.1777                 26.9748             301.5           1873.6044     3938.2200    -2064.6156
       202.2293                 26.9817             310.5           1767.2351     4023.1800    -2255.9449
       202.2500                 26.9845             295.4           1846.4722     3881.1600    -2034.6878
       202.3015                 26.9914             315.9           1900.3658     4074.6600    -2174.2942
       202.3530                 26.9983             306.6           1832.6212     3987.0000    -2154.3788
       202.4045                 27.0053             320.7           1813.2081     4120.2000    -2306.9919
       202.4559                 27.0122             306.8           1687.7992     3988.4400    -2300.6408
       202.5075                 27.0191             316.3           1833.3863     4078.8000    -2245.4137
       202.5589                 27.0261             311.4           1755.4114     4032.3600    -2276.9486
       202.6104                 27.0330             306.2           1912.2069     3983.0400    -2070.8331
       202.6619                 27.0399             313.6           1840.9303     4053.0600    -2212.1297
       202.7134                 27.0468             316.6           2058.0970     4080.9600    -2022.8630
       202.7648                 27.0538             318.6           1937.2631     4100.0400    -2162.7769
       202.8163                 27.0607             291.7           1868.6629     3846.0600    -1977.3971
       202.8677                 27.0676             319.4           2015.1472     4107.6000    -2092.4528
       202.9193                 27.0745             330.2           2026.2318     4209.4800    -2183.2482
       202.9708                 27.0815             320.5           1972.5145     4117.6800    -2145.1655
       203.0223                 27.0884             313.4           1963.2676     4050.5400    -2087.2724
       203.0738                 27.0953             309.7           1839.7749     4015.6200    -2175.8451
       203.1253                 27.1023             294.8           1707.6306     3875.2200    -2167.5894
       203.1767                 27.1092             321.9           1869.8244     4131.0000    -2261.1756
       203.2282                 27.1161             299.1           1903.2551     3916.4400    -2013.1849
       203.2500                 27.1190             311.6           1866.7559     4034.3400    -2167.5841
       203.3016                 27.1260             305.3           1732.9067     3974.2200    -2241.3133
       203.3530                 27.1329             292.8           1664.5315     3856.6800    -2192.1485
       203.4045                 27.1398             293.1           1826.1712     3859.2000    -2033.0288
       203.4560                 27.1468             305.7           1832.8305     3978.7200    -2145.8895
       203.5076                 27.1537             305.5           1808.1439     3976.3800    -2168.2361
       203.5591                 27.1606             299.5           1807.6495     3919.3200    -2111.6705
       203.6105                 27.1675             310.1           1904.5128     4019.5800    -2115.0672
       203.6621                 27.1745             303.1           1676.3360     3953.8800    -2277.5440
       203.7136                 27.1814             316.8           1967.8047     4083.1200    -2115.3153
       203.7651                 27.1883             304.3           1778.0744     3965.0400    -2186.9656
       203.8166                 27.1952             302.0           1934.2233     3943.4400    -2009.2167
       203.8681                 27.2022             306.9           1734.0036     3989.8800    -2255.8764
       203.9196                 27.2091             301.4           1725.2203     3937.8600    -2212.6397
       203.9711                 27.2160             304.9           1727.7910     3970.8000    -2243.0090
       204.0227                 27.2230             315.3           2048.1454     4069.2600    -2021.1146
       204.0743                 27.2299             292.5           1703.9282     3854.1600    -2150.2318
       204.1258                 27.2368             321.5           2006.7035     4127.0400    -2120.3365
       204.1773                 27.2437             287.8           1750.2205     3809.3400    -2059.1195
       204.2287                 27.2507             309.8           2042.8533     4017.0600    -1974.2067
       204.2500                 27.2535             302.1           1719.0939     3943.9800    -2224.8861
       204.3014                 27.2605             302.0           1868.9236     3942.9000    -2073.9764
       204.3530                 27.2674             302.5           1847.2192     3948.4800    -2101.2608
       204.4045                 27.2743             315.3           1781.0249     4068.7200    -2287.6951
       204.4560                 27.2812             319.8           1952.2642     4111.3800    -2159.1158
       204.5074                 27.2882             282.5           1650.7139     3759.6600    -2108.9461
       204.5588                 27.2951             305.0           1796.7612     3971.7000    -2174.9388
       204.6104                 27.3020             278.2           1547.5688     3718.2600    -2170.6912
       204.6620                 27.3089             306.8           1830.5210     3988.9800    -2158.4590
       204.7136                 27.3159             316.5           2008.4198     4080.2400    -2071.8202
       204.7652                 27.3228             321.4           1906.7983     4126.5000    -2219.7017
       204.8169                 27.3297             306.8           1868.3805     3988.9800    -2120.5995
       204.8683                 27.3367             314.9           1899.5745     4064.7600    -2165.1855
       204.9199                 27.3436             301.1           1882.1643     3934.9800    -2052.8157
       204.9714                 27.3505             318.4           1904.5133     4097.7000    -2193.1867
       205.0230                 27.3574             292.9           1572.1376     3857.4000    -2285.2624
       205.0745                 27.3644             297.1           1586.2982     3897.3600    -2311.0618
       205.1260                 27.3713             317.8           2020.8385     4092.4800    -2071.6415
       205.1775                 27.3782             317.7           1821.3938     4091.7600    -2270.3662
       205.2290                 27.3852             309.6           1912.7250     4014.7200    -2101.9950
       205.2500                 27.3880             296.6           1782.7006     3892.1400    -2109.4394
       205.3016                 27.3949             316.2           1845.0526     4077.0000    -2231.9474
       205.3532                 27.4018             290.1           1781.4339     3831.1200    -2049.6861
       205.4046                 27.4088             316.4           1923.4721     4079.7000    -2156.2279
       205.4562                 27.4157             290.8           1653.8692     3837.9600    -2184.0908
       205.5077                 27.4226             296.9           1805.4286     3895.5600    -2090.1314
       205.5593                 27.4295             321.3           1965.2465     4125.4200    -2160.1735
       205.6108                 27.4365             318.2           1915.2538     4096.4400    -2181.1862
       205.6623                 27.4434             315.8           1929.8991     4073.2200    -2143.3209
       205.7139                 27.4503             303.0           1850.9256     3952.6200    -2101.6944
       205.7655                 27.4572             307.2           1862.4628     3992.7600    -2130.2972
       205.8169                 27.4642             303.0           1802.9760     3952.4400    -2149.4640
       205.8683                 27.4711             301.8           1820.9364     3941.4600    -2120.5236
       205.9198                 27.4780             301.2           1800.6607     3936.0600    -2135.3993
       205.9713                 27.4850             298.1           1782.6382     3906.5400    -2123.9018
       206.0228                 27.4919             307.9           1924.3288     3998.8800    -2074.5512
       206.0743                 27.4988             299.1           1874.0659     3916.2600    -2042.1941
       206.1258                 27.5057             307.2           1855.4419     3992.7600    -2137.3181
       206.1772                 27.5127             316.2           1817.7124     4077.1800    -2259.4676
       206.2287                 27.5196             311.3           1925.6954     4030.9200    -2105.2246
       206.2500                 27.5225             304.9           1903.0095     3971.1600    -2068.1505
       206.3015                 27.5294             288.4           1796.9556     3815.4600    -2018.5044
       206.3530                 27.5363             319.1           2066.2266     4104.9000    -2038.6734
       206.4045                 27.5432             306.4           1930.9833     3984.8400    -2053.8567
       206.4559                 27.5502             302.4           1885.0649     3947.4000    -2062.3351
       206.5076                 27.5571             299.9           1841.7048     3923.8200    -2082.1152
       206.5590                 27.5640             322.5           1941.5256     4136.9400    -2195.4144
       206.6105                 27.5709             302.0           1857.1652     3943.4400    -2086.2748
       206.6619                 27.5779             297.8           1827.1290     3903.4800    -2076.3510
       206.7134                 27.5848             291.2           1834.7141     3841.2000    -2006.4859
       206.7648                 27.5917             308.9           1833.4246     4008.9600    -2175.5354
       206.8162                 27.5987             298.3           1800.0257     3908.3400    -2108.3143
       206.8677                 27.6056             302.0           1756.9474     3943.2600    -2186.3126
       206.9192                 27.6125             317.1           2032.5952     4085.8200    -2053.2248
       206.9706                 27.6194             312.5           1884.2103     4042.6200    -2158.4097
       207.0221                 27.6264             298.1           1664.5608     3906.9000    -2242.3392
       207.0736                 27.6333             305.6           2018.7139     3977.6400    -1958.9261
       207.1253                 27.6402             306.4           1816.7461     3985.0200    -2168.2739
       207.1769                 27.6472             308.5           1667.8234     4004.8200    -2336.9966
       207.2284                 27.6541             324.4           1945.3979     4154.4000    -2209.0021
       207.2500                 27.6570             286.5           1854.4808     3796.7400    -1942.2592
       207.3015                 27.6639             297.0           1705.1192     3895.7400    -2190.6208
       207.3530                 27.6708             308.0           1880.5955     3999.7800    -2119.1845
       207.4045                 27.6778             298.4           1838.8803     3909.2400    -2070.3597
       207.4560                 27.6847             308.8           1965.3079     4007.5200    -2042.2121
       207.5075                 27.6916             312.1           1936.0125     4038.4800    -2102.4675
       207.5589                 27.6985             315.6           1975.1511     4071.6000    -2096.4489
       207.6105                 27.7055             316.8           1798.3135     4083.3000    -2284.9865
       207.6620                 27.7124             307.4           1724.0036     3994.3800    -2270.3764
       207.7135                 27.7193             333.1           2052.6087     4236.6600    -2184.0513
       207.7649                 27.7263             309.8           1793.9636     4016.8800    -2222.9164
       207.8163                 27.7332             297.7           1698.3843     3902.7600    -2204.3757
       207.8678                 27.7401             306.0           1801.5363     3980.7000    -2179.1637
       207.9192                 27.7470             313.9           1803.0051     4055.2200    -2252.2149
       207.9707                 27.7540             302.6           1651.2232     3949.3800    -2298.1568
       208.0222                 27.7609             303.8           1501.7562     3960.0000    -2458.2438
       208.0738                 27.7678             318.2           2041.2633     4096.0800    -2054.8167
       208.1253                 27.7747             308.4           1721.3600     4003.5600    -2282.2000
       208.1768                 27.7817             318.9           1714.4092     4103.1000    -2388.6908
       208.2283                 27.7886             306.4           1702.7029     3985.2000    -2282.4971
       208.2500                 27.7915             318.1           1933.0079     4095.3600    -2162.3521
       208.3016                 27.7984             303.4           1639.2735     3956.5800    -2317.3065
       208.3532                 27.8054             298.4           1520.6800     3909.0600    -2388.3800
       208.4048                 27.8123             300.7           1705.7876     3931.0200    -2225.2324
       208.4566                 27.8192             304.9           1778.1859     3970.4400    -2192.2541
       208.5081                 27.8261             291.3           1678.6339     3842.6400    -2164.0061
       208.5596                 27.8331             314.6           1850.8815     4062.2400    -2211.3585
       208.6112                 27.8400             301.7           2007.8470     3940.7400    -1932.8930
       208.6627                 27.8469             310.6           1904.7026     4024.0800    -2119.3774
       208.7142                 27.8539             316.2           2066.2811     4077.0000    -2010.7189
       208.7656                 27.8608             298.1           1797.8152     3906.9000    -2109.0848
       208.8171                 27.8677             314.3           1846.1945     4059.7200    -2213.5255
       208.8687                 27.8746             311.8           1825.8518     4036.1400    -2210.2882
       208.9202                 27.8816             310.7           1864.1433     4025.7000    -2161.5567
       208.9717                 27.8885             299.2           1772.0052     3916.6200    -2144.6148
       209.0232                 27.8954             315.1           2111.2138     4067.2800    -1956.0662
       209.0748                 27.9024             303.1           1882.4255     3953.8800    -2071.4545
       209.1264                 27.9093             299.6           1943.7339     3920.5800    -1976.8461
       209.1781                 27.9162             285.7           1652.5158     3789.1800    -2136.6642
       209.2295                 27.9231             304.3           1899.6440     3965.0400    -2065.3960
       209.2500                 27.9259             312.5           1997.6570     4042.6200    -2044.9630
       209.3015                 27.9328             301.1           1764.1419     3934.9800    -2170.8381
       209.3529                 27.9397             292.0           1829.2634     3848.7600    -2019.4966
       209.4045                 27.9467             294.1           1866.0163     3869.1000    -2003.0837
       209.4559                 27.9536             309.2           1898.3436     4010.9400    -2112.5964
       209.5074                 27.9605             313.3           1915.4575     4050.0000    -2134.5425
       209.5590                 27.9675             301.2           1791.4101     3935.8800    -2144.4699
       209.6104                 27.9744             301.7           1818.8061     3940.2000    -2121.3939
       209.6619                 27.9813             284.6           1612.1145     3779.2800    -2167.1655
       209.7134                 27.9882             299.5           1681.7094     3919.3200    -2237.6106
       209.7650                 27.9952             315.8           1800.0771     4073.7600    -2273.6829
       209.8165                 28.0021             313.3           1774.3663     4050.3600    -2275.9937
       209.8679                 28.0090             294.6           1645.2574     3873.4200    -2228.1626
       209.9194                 28.0159             305.0           1785.2609     3971.7000    -2186.4391
       209.9710                 28.0229             302.5           1605.2951     3947.7600    -2342.4649
       210.0227                 28.0298             295.4           1700.2985     3881.3400    -2181.0415
       210.0744                 28.0367             310.9           2025.8213     4027.1400    -2001.3187
       210.1259                 28.0437             308.8           1971.9566     4007.8800    -2035.9234
       210.1774                 28.0506             310.3           2002.6054     4022.1000    -2019.4946
       210.2289                 28.0575             304.0           1891.9274     3961.8000    -2069.8726
       210.2500                 28.0603             313.0           2147.5844     4047.6600    -1900.0756
       210.3017                 28.0673             323.7           2115.6062     4148.6400    -2033.0338
       210.3533                 28.0742             292.3           1663.9974     3852.0000    -2188.0026
       210.4049                 28.0811             320.5           2082.3776     4118.0400    -2035.6624
       210.4565                 28.0880             309.1           1761.0005     4010.7600    -2249.7595
       210.5080                 28.0950             305.7           1887.0866     3977.8200    -2090.7334
       210.5595                 28.1019             311.4           1930.6113     4032.3600    -2101.7487
       210.6110                 28.1088             305.8           1799.4465     3979.2600    -2179.8135
       210.6625                 28.1158             290.8           1829.4742     3837.6000    -2008.1258
       210.7141                 28.1227             313.2           2007.9257     4049.4600    -2041.5343
       210.7656                 28.1296             294.9           1854.0651     3876.1200    -2022.0549
       210.8173                 28.1365             311.4           1936.1336     4031.8200    -2095.6864
       210.8690                 28.1435             318.9           2033.2155     4102.5600    -2069.3445
       210.9205                 28.1504             302.7           1788.3494     3949.5600    -2161.2106
       210.9721                 28.1573             301.3           1810.4526     3937.1400    -2126.6874
       211.0237                 28.1643             298.3           1908.2797     3908.1600    -1999.8803
       211.0752                 28.1712             323.3           2185.9599     4144.8600    -1958.9001
       211.1266                 28.1781             320.4           2234.5689     4116.6000    -1882.0311
       211.1780                 28.1850             309.8           1886.7601     4017.0600    -2130.2999
       211.2296                 28.1920             315.3           1925.9193     4068.5400    -2142.6207
       211.2500                 28.1947             300.9           1837.8280     3933.1800    -2095.3520
       211.3015                 28.2016             309.2           1856.3892     4011.3000    -2154.9108
       211.3530                 28.2086             312.0           1919.9523     4037.4000    -2117.4477
       211.4045                 28.2155             297.4           1803.7427     3900.0600    -2096.3173
       211.4559                 28.2224             334.3           2136.1065     4248.1800    -2112.0735
       211.5074                 28.2294             301.2           1761.8407     3935.5200    -2173.6793
       211.5590                 28.2363             296.6           1793.7374     3892.8600    -2099.1226
       211.6106                 28.2432             308.3           1933.3386     4003.2000    -2069.8614
       211.6620                 28.2501             321.8           2090.2852     4129.9200    -2039.6348
       211.7136                 28.2571             306.6           2040.8163     3986.6400    -1945.8237
       211.7652                 28.2640             305.4           1842.6285     3975.6600    -2133.0315
       211.8167                 28.2709             309.9           2041.0677     4017.6000    -1976.5323
       211.8683                 28.2779             319.0           1861.1191     4104.0000    -2242.8809
       211.9198                 28.2848             327.7           2080.5693     4185.9000    -2105.3307
       211.9714                 28.2917             300.7           1888.0755     3931.3800    -2043.3045
       212.0231                 28.2986             308.4           1884.9060     4004.1000    -2119.1940
       212.0746                 28.3056             307.3           2090.7557     3992.9400    -1902.1843
       212.1262                 28.3125             306.3           2038.1280     3983.5800    -1945.4520
       212.1778                 28.3194             321.8           2111.7699     4130.4600    -2018.6901
       212.2293                 28.3263             318.7           2259.7767     4101.3000    -1841.5233
       212.2500                 28.3291             302.6           2059.3173     3949.3800    -1890.0627
       212.3016                 28.3361             307.6           1966.9516     3996.5400    -2029.5884
       212.3531                 28.3430             303.4           1865.8778     3956.5800    -2090.7022
       212.4045                 28.3499             312.2           2138.6691     4039.2000    -1900.5309
       212.4562                 28.3569             307.8           1904.5579     3998.3400    -2093.7821
       212.5078                 28.3638             309.3           1983.7199     4011.8400    -2028.1201
       212.5593                 28.3707             317.1           2088.7708     4085.4600    -1996.6892
       212.6109                 28.3776             303.9           1785.4263     3961.0800    -2175.6537
       212.6624                 28.3846             279.3           1654.9879     3728.7000    -2073.7121
       212.7139                 28.3915             311.1           2134.8057     4028.9400    -1894.1343
       212.7655                 28.3984             304.5           1898.5352     3967.3800    -2068.8448
       212.8170                 28.4053             303.4           2074.7914     3956.5800    -1881.7886
       212.8684                 28.4123             305.8           2183.8843     3979.4400    -1795.5557
       212.9199                 28.4192             309.5           2158.2362     4014.5400    -1856.3038
       212.9715                 28.4261             313.4           2062.0491     4051.2600    -1989.2109
       213.0230                 28.4331             302.6           1869.3630     3949.0200    -2079.6570
       213.0746                 28.4400             290.5           1814.5974     3835.2600    -2020.6626
       213.1262                 28.4469             302.4           1845.5274     3947.5800    -2102.0526
       213.1777                 28.4538             325.2           2109.3796     4161.9600    -2052.5804
       213.2291                 28.4608             299.3           1833.5536     3918.2400    -2084.6864
       213.2500                 28.4636             291.1           1707.7329     3840.3000    -2132.5671
       213.3015                 28.4705             325.1           2088.0745     4161.4200    -2073.3455
       213.3530                 28.4774             307.7           1955.5340     3997.2600    -2041.7260
       213.4044                 28.4844             319.7           2289.6084     4110.6600    -1821.0516
       213.4558                 28.4913             305.7           1920.8219     3977.8200    -2056.9981
       213.5075                 28.4982             301.4           1909.3478     3937.5000    -2028.1522
       213.5590                 28.5051             296.7           1812.8547     3893.4000    -2080.5453
       213.6105                 28.5121             297.5           1855.8613     3900.9600    -2045.0987
       213.6621                 28.5190             310.3           1951.3564     4021.3800    -2070.0236
       213.7137                 28.5259             300.3           1896.7389     3927.4200    -2030.6811
       213.7653                 28.5328             317.9           2104.5205     4093.0200    -1988.4995
       213.8168                 28.5398             316.7           2172.5751     4082.4000    -1909.8249
       213.8683                 28.5467             308.6           2040.0443     4005.9000    -1965.8557
       213.9198                 28.5536             313.5           2073.7739     4051.8000    -1978.0261
       213.9713                 28.5606             302.6           1667.9491     3949.0200    -2281.0709
       214.0228                 28.5675             321.4           2020.7318     4126.3200    -2105.5882
       214.0744                 28.5744             310.0           1815.2431     4019.0400    -2203.7969
       214.1260                 28.5813             311.8           2083.0385     4035.6000    -1952.5615
       214.1775                 28.5883             300.6           1854.3815     3930.4800    -2076.0985
       214.2291                 28.5952             303.6           1956.1638     3958.5600    -2002.3962
       214.2500                 28.5980             318.6           2102.2277     4100.4000    -1998.1723
       214.3015                 28.6049             296.8           1848.7035     3893.9400    -2045.2365
       214.3530                 28.6119             303.8           1915.9881     3960.0000    -2044.0119
       214.4045                 28.6188             300.4           1740.6184     3927.9600    -2187.3416
       214.4562                 28.6257             295.3           1821.5914     3880.0800    -2058.4886
       214.5076                 28.6326             304.7           1896.6493     3968.4600    -2071.8107
       214.5589                 28.6396             309.6           1840.8098     4015.0800    -2174.2702
       214.6104                 28.6465             313.0           1924.4714     4047.4800    -2123.0086
       214.6620                 28.6534             314.7           1886.7628     4062.9600    -2176.1972
       214.7135                 28.6603             312.1           1982.8009     4039.0200    -2056.2191
       214.7651                 28.6673             308.7           1945.5321     4006.8000    -2061.2679
       214.8166                 28.6742             313.9           1970.1127     4055.7600    -2085.6473
       214.8682                 28.6811             311.4           1756.8155     4031.8200    -2275.0045
       214.9199                 28.6881             311.2           1884.2257     4030.3800    -2146.1543
       214.9715                 28.6950             302.3           1846.0896     3946.3200    -2100.2304
       215.0231                 28.7019             314.4           1811.4330     4060.2600    -2248.8270
       215.0748                 28.7088             301.5           1662.2475     3938.2200    -2275.9725
       215.1264                 28.7158             304.0           1805.8761     3962.5200    -2156.6439
       215.1778                 28.7227             306.9           1996.8442     3989.1600    -1992.3158
       215.2294                 28.7296             306.8           1807.7560     3988.9800    -2181.2240
       215.2500                 28.7324             307.3           1800.6742     3992.9400    -2192.2658
       215.3015                 28.7393             314.4           1841.8096     4060.8000    -2218.9904
       215.3530                 28.7462             312.2           1814.8799     4039.2000    -2224.3201
       215.4046                 28.7532             301.5           1902.0131     3938.9400    -2036.9269
       215.4561                 28.7601             291.7           1732.6936     3846.6000    -2113.9064
       215.5076                 28.7670             294.5           1911.6387     3872.7000    -1961.0613
       215.5592                 28.7739             308.8           1904.6092     4007.1600    -2102.5508
       215.6108                 28.7809             299.5           1699.6383     3919.8600    -2220.2217
       215.6623                 28.7878             311.6           1969.8312     4033.8000    -2063.9688
       215.7138                 28.7947             308.9           1972.6114     4008.7800    -2036.1686
       215.7654                 28.8017             308.2           1867.3181     4001.9400    -2134.6219
       215.8170                 28.8086             320.6           2074.3232     4119.1200    -2044.7968
       215.8685                 28.8155             300.3           1859.0426     3927.0600    -2068.0174
       215.9200                 28.8224             303.5           1796.0857     3957.3000    -2161.2143
       215.9716                 28.8294             321.4           2081.8663     4126.6800    -2044.8137
       216.0232                 28.8363             309.3           2087.1289     4012.3800    -1925.2511
       216.0747                 28.8432             326.3           2101.9341     4172.7600    -2070.8259
       216.1263                 28.8501             314.7           2077.9036     4063.3200    -1985.4164
       216.1778                 28.8571             316.1           2037.4078     4076.1000    -2038.6922
       216.2294                 28.8640             292.7           1829.0162     3855.4200    -2026.4038
       216.2500                 28.8668             300.0           1816.0632     3924.1800    -2108.1168
       216.3015                 28.8737             299.7           1859.5623     3921.3000    -2061.7377
       216.3531                 28.8806             310.2           1783.1630     4021.0200    -2237.8570
       216.4047                 28.8876             306.3           1705.8006     3983.5800    -2277.7794
       216.4562                 28.8945             294.0           1681.9668     3867.8400    -2185.8732
       216.5077                 28.9014             322.5           2004.8007     4136.4000    -2131.5993
       216.5592                 28.9084             300.5           1663.3292     3929.4000    -2266.0708
       216.6108                 28.9153             322.9           1956.7662     4141.0800    -2184.3138
       216.6622                 28.9222             316.4           1847.4193     4079.1600    -2231.7407
       216.7136                 28.9291             302.4           1711.7128     3947.2200    -2235.5072
       216.7652                 28.9361             302.9           1623.8757     3951.5400    -2327.6643
       216.8167                 28.9430             295.8           1708.2953     3884.7600    -2176.4647
       216.8681                 28.9499             314.1           1962.2687     4057.7400    -2095.4713
       216.9197                 28.9568             334.4           1921.8761     4249.4400    -2327.5639
       216.9713                 28.9638             297.7           1652.8970     3903.1200    -2250.2230
       217.0229                 28.9707             300.5           1778.6314     3929.5800    -2150.9486
       217.0744                 28.9776             314.7           1718.4308     4063.5000    -2345.0692
       217.1259                 28.9846             322.4           1754.0263     4135.5000    -2381.4737
       217.1775                 28.9915             301.3           1759.2509     3937.1400    -2177.8891
       217.2290                 28.9984             295.3           1588.2265     3879.9000    -2291.6735
       217.2500                 29.0012             295.3           1555.2789     3879.9000    -2324.6211
       217.3015                 29.0082             305.9           1793.2392     3980.3400    -2187.1008
       217.3532                 29.0151             307.9           1732.2519     3999.2400    -2266.9881
       217.4048                 29.0220             299.9           1587.5539     3923.1000    -2335.5461
       217.4563                 29.0289             315.6           1935.4547     4071.6000    -2136.1453
       217.5078                 29.0359             314.6           1791.3138     4062.2400    -2270.9262
       217.5594                 29.0428             327.1           1903.3919     4179.9600    -2276.5681
       217.6109                 29.0497             308.3           1736.9166     4002.6600    -2265.7434
       217.6624                 29.0567             316.2           1804.0308     4077.5400    -2273.5092
       217.7138                 29.0636             310.7           1803.3331     4025.8800    -2222.5469
       217.7653                 29.0705             321.8           1793.0145     4130.4600    -2337.4455
       217.8168                 29.0774             300.8           1657.1824     3931.7400    -2274.5576
       217.8683                 29.0844             310.6           1797.6150     4024.2600    -2226.6450
       217.9198                 29.0913             297.7           1732.7273     3903.1200    -2170.3927
       217.9713                 29.0982             308.0           1892.2383     3999.6000    -2107.3617
       218.0228                 29.1052             289.6           1538.3031     3826.4400    -2288.1369
       218.0744                 29.1121             297.5           1631.4176     3901.3200    -2269.9024
       218.1260                 29.1190             298.7           1599.0610     3911.9400    -2312.8790
       218.1775                 29.1259             314.0           1656.6491     4056.6600    -2400.0109
       218.2291                 29.1329             286.4           1497.4764     3796.0200    -2298.5436
       218.2500                 29.1357             304.6           1703.8012     3967.9200    -2264.1188
       218.3014                 29.1426             302.9           1624.1042     3951.7200    -2327.6158
       218.3528                 29.1495             286.1           1479.0539     3792.9600    -2313.9061
       218.4044                 29.1565             317.6           1642.0348     4090.8600    -2448.8252
       218.4560                 29.1634             320.7           1626.4837     4119.6600    -2493.1763
       218.5075                 29.1703             329.3           1779.0896     4200.6600    -2421.5704
       218.5590                 29.1773             307.1           1434.3531     3991.1400    -2556.7869
       218.6106                 29.1842             304.5           1540.9027     3966.6600    -2425.7573
       218.6622                 29.1911             297.1           1382.1926     3897.1800    -2514.9874
       218.7138                 29.1980             293.6           1562.3319     3864.4200    -2302.0881
       218.7653                 29.2050             296.4           1444.0457     3890.7000    -2446.6543
       218.8169                 29.2119             327.8           2030.1257     4186.8000    -2156.6743
       218.8685                 29.2188             307.9           1725.9924     3999.0600    -2273.0676
       218.9201                 29.2257             323.7           1871.2456     4148.1000    -2276.8544
       218.9717                 29.2327             307.9           1778.0386     3998.7000    -2220.6614
       219.0231                 29.2396             327.3           2027.8614     4182.3000    -2154.4386
       219.0746                 29.2465             305.3           1675.4445     3974.7600    -2299.3155
       219.1261                 29.2535             312.2           1801.0337     4039.9200    -2238.8863
       219.1775                 29.2604             289.2           1500.6020     3822.4800    -2321.8780
       219.2289                 29.2673             325.8           1862.7395     4168.4400    -2305.7005
       219.2500                 29.2701             306.3           1514.5356     3983.9400    -2469.4044
       219.3015                 29.2771             312.1           1741.6348     4038.3000    -2296.6652
       219.3529                 29.2840             309.1           1577.4253     4010.4000    -2432.9747
       219.4046                 29.2909             295.3           1332.0848     3880.2600    -2548.1752
       219.4561                 29.2979             303.6           1432.0912     3958.5600    -2526.4688
       219.5074                 29.3048             309.6           1419.9231     4015.4400    -2595.5169
       219.5589                 29.3117             324.4           1762.5367     4155.1200    -2392.5833
       219.6105                 29.3186             297.8           1346.4611     3903.4800    -2557.0189
       219.6619                 29.3256             287.6           1323.4673     3807.9000    -2484.4327
       219.7134                 29.3325             312.1           1570.0072     4038.8400    -2468.8328
       219.7649                 29.3394             316.1           1518.6778     4076.6400    -2557.9622
       219.8162                 29.3464             305.2           1431.2894     3973.1400    -2541.8506
       219.8677                 29.3533             310.8           1605.7230     4026.0600    -2420.3370
       219.9191                 29.3602             312.4           1606.1293     4041.1800    -2435.0507
       219.9706                 29.3671             310.1           1408.3874     4019.5800    -2611.1926
       220.0220                 29.3741             303.7           1434.3793     3959.6400    -2525.2607
       220.0735                 29.3810             314.7           1590.0634     4062.9600    -2472.8966
       220.1251                 29.3879             304.8           1384.1431     3969.5400    -2585.3969
       220.1766                 29.3948             309.4           1483.5307     4013.6400    -2530.1093
       220.2281                 29.4018             291.3           1346.8691     3842.1000    -2495.2309
       220.2500                 29.4047             297.1           1486.4308     3897.1800    -2410.7492
       220.3014                 29.4116             310.6           1501.2149     4024.6200    -2523.4051
       220.3529                 29.4186             304.0           1345.3895     3961.9800    -2616.5905
       220.4044                 29.4255             316.0           1603.9440     4075.3800    -2471.4360
       220.4559                 29.4324             320.4           1618.1074     4117.1400    -2499.0326
       220.5073                 29.4394             306.4           1426.2986     3985.0200    -2558.7214
       220.5588                 29.4463             294.3           1376.8602     3871.0800    -2494.2198
       220.6102                 29.4532             303.8           1535.4362     3960.0000    -2424.5638
       220.6616                 29.4601             320.2           1729.1260     4114.8000    -2385.6740
       220.7131                 29.4671             296.6           1403.0624     3892.1400    -2489.0776
       220.7646                 29.4740             301.1           1705.0616     3934.8000    -2229.7384
       220.8160                 29.4809             325.2           1937.2106     4162.6800    -2225.4694
       220.8674                 29.4879             305.9           1588.2356     3979.8000    -2391.5644
       220.9188                 29.4948             309.8           1724.4480     4017.2400    -2292.7920
       220.9702                 29.5017             307.9           1609.6383     3998.7000    -2389.0617
       221.0216                 29.5086             316.7           1773.1352     4082.4000    -2309.2648
       221.0730                 29.5156             314.2           1747.8127     4058.6400    -2310.8273
       221.1244                 29.5225             306.9           1895.2399     3989.8800    -2094.6401
       221.1760                 29.5294             317.0           1855.9346     4084.5600    -2228.6254
       221.2274                 29.5363             301.4           1556.3102     3937.3200    -2381.0098
       221.2500                 29.5394             327.6           1875.9711     4185.0000    -2309.0289
       221.3014                 29.5463             293.3           1715.1790     3861.5400    -2146.3610
       221.3529                 29.5532             300.0           1728.6258     3924.1800    -2195.5542
       221.4044                 29.5602             306.5           1631.6490     3986.2800    -2354.6310
       221.4560                 29.5671             305.6           1697.0189     3976.9200    -2279.9011
       221.5075                 29.5740             302.7           1577.3870     3949.9200    -2372.5330
       221.5590                 29.5810             298.4           1741.0914     3909.0600    -2167.9686
       221.6104                 29.5879             304.0           1747.9773     3961.9800    -2214.0027
       221.6619                 29.5948             292.9           1682.4779     3857.4000    -2174.9221
       221.7133                 29.6017             324.8           1859.2770     4158.9000    -2299.6230
       221.7648                 29.6087             310.6           1824.2615     4024.2600    -2199.9985
       221.8163                 29.6156             297.6           1728.4686     3902.0400    -2173.5714
       221.8679                 29.6225             312.0           1848.4303     4038.1200    -2189.6897
       221.9194                 29.6294             302.2           1882.4407     3944.8800    -2062.4393
       221.9709                 29.6364             296.2           1688.7877     3888.1800    -2199.3923
       222.0223                 29.6433             299.1           1846.0453     3916.4400    -2070.3947
       222.0737                 29.6502             303.5           1881.2892     3957.4800    -2076.1908
       222.1253                 29.6572             291.5           1687.7406     3844.6200    -2156.8794
       222.1769                 29.6641             312.5           1914.3228     4042.8000    -2128.4772
       222.2282                 29.6710             322.8           2018.7385     4139.4600    -2120.7215
       222.2500                 29.6739             307.1           1864.8886     3991.5000    -2126.6114
       222.3016                 29.6809             329.8           1861.6484     4205.8800    -2344.2316
       222.3531                 29.6878             302.0           1766.1869     3942.9000    -2176.7131
       222.4046                 29.6947             289.5           1671.2212     3825.3600    -2154.1388
       222.4562                 29.7016             292.4           1699.9193     3853.0800    -2153.1607
       222.5076                 29.7086             310.5           1766.9745     4023.1800    -2256.2055
       222.5592                 29.7155             310.9           1818.0863     4027.3200    -2209.2337
       222.6107                 29.7224             296.5           1751.3242     3891.7800    -2140.4558
       222.6622                 29.7294             301.2           1748.3666     3935.7000    -2187.3334
       222.7137                 29.7363             287.7           1672.1676     3808.4400    -2136.2724
       222.7652                 29.7432             303.5           1718.8061     3957.3000    -2238.4939
       222.8166                 29.7501             297.6           1808.3867     3902.0400    -2093.6533
       222.8681                 29.7571             305.3           1765.0734     3974.2200    -2209.1466
       222.9197                 29.7640             305.3           1614.2170     3974.9400    -2360.7230
       222.9710                 29.7709             306.2           1674.9744     3983.2200    -2308.2456
       223.0226                 29.7778             306.9           1568.3612     3989.3400    -2420.9788
       223.0741                 29.7848             302.5           1678.7242     3948.1200    -2269.3958
       223.1255                 29.7917             306.0           1819.6996     3980.7000    -2161.0004
       223.1770                 29.7986             311.3           1725.3485     4031.4600    -2306.1115
       223.2285                 29.8056             304.1           1693.9297     3963.2400    -2269.3103
       223.2500                 29.8085             320.6           1907.5039     4118.5800    -2211.0761
       223.3014                 29.8154             317.6           1941.0265     4090.8600    -2149.8335
       223.3529                 29.8223             314.7           1969.3694     4063.3200    -2093.9506
       223.4044                 29.8292             306.9           1830.3918     3989.8800    -2159.4882
       223.4560                 29.8362             303.7           1741.4150     3959.2800    -2217.8650
       223.5075                 29.8431             327.8           1836.5921     4186.8000    -2350.2079
       223.5590                 29.8500             317.8           1760.4263     4092.6600    -2332.2337
       223.6106                 29.8569             294.2           1606.4645     3869.4600    -2262.9955
       223.6621                 29.8639             293.4           1600.3687     3862.6200    -2262.2513
       223.7137                 29.8708             301.6           1559.0645     3939.4800    -2380.4155
       223.7653                 29.8777             307.3           1750.0508     3993.8400    -2243.7892
       223.8170                 29.8847             311.8           1818.3280     4036.3200    -2217.9920
       223.8685                 29.8916             310.8           1894.0139     4026.2400    -2132.2261
       223.9200                 29.8985             303.8           1766.9940     3960.3600    -2193.3660
       223.9716                 29.9054             305.5           1826.1576     3976.0200    -2149.8624
       224.0231                 29.9124             320.2           1883.5928     4115.3400    -2231.7472
       224.0746                 29.9193             314.5           1752.0130     4061.3400    -2309.3270
       224.1262                 29.9262             299.1           1874.0574     3915.7200    -2041.6626
       224.1779                 29.9331             308.1           1886.5064     4001.2200    -2114.7136
       224.2294                 29.9401             307.3           1912.0144     3993.1200    -2081.1056
       224.2500                 29.9428             307.2           1714.2603     3992.7600    -2278.4997
       224.3015                 29.9498             338.9           1950.0975     4291.5600    -2341.4625
       224.3530                 29.9567             304.7           1672.3241     3968.8200    -2296.4959
       224.4045                 29.9636             298.5           1679.3837     3910.3200    -2230.9363
       224.4561                 29.9706             305.3           1693.3929     3974.7600    -2281.3671
       224.5076                 29.9775             295.7           1745.5067     3883.8600    -2138.3533
       224.5592                 29.9844             298.0           1642.0679     3905.2800    -2263.2121
       224.6106                 29.9913             313.6           2023.4449     4053.2400    -2029.7951
       224.6621                 29.9983             289.7           1616.4527     3827.5200    -2211.0673
       224.7137                 30.0052             303.1           1739.3911     3954.0600    -2214.6689
       224.7651                 30.0121             298.5           1598.1578     3910.6800    -2312.5222
       224.8167                 30.0190             331.4           2058.5801     4220.4600    -2161.8799
       224.8681                 30.0260             315.6           1875.2429     4071.7800    -2196.5371
       224.9197                 30.0329             307.7           1785.4756     3996.7200    -2211.2444
       224.9711                 30.0398             323.6           2000.3261     4147.2000    -2146.8739
       225.0226                 30.0468             310.2           1880.9038     4020.8400    -2139.9362
       225.0741                 30.0537             302.6           1947.1193     3948.6600    -2001.5407
       225.1255                 30.0606             292.5           1687.3878     3853.4400    -2166.0522
       225.1771                 30.0675             301.4           1732.2185     3937.3200    -2205.1015
       225.2287                 30.0745             306.0           1843.8958     3981.2400    -2137.3442
       225.2500                 30.0773             288.9           1642.0191     3819.6000    -2177.5809
       225.3016                 30.0843             300.0           1687.8344     3924.7200    -2236.8856
       225.3532                 30.0912             303.2           1811.2956     3955.1400    -2143.8444
       225.4045                 30.0981             301.8           1888.1526     3941.8200    -2053.6674
       225.4560                 30.1050             303.0           1806.3568     3952.9800    -2146.6232
       225.5075                 30.1120             318.7           1841.4519     4101.3000    -2259.8481
       225.5590                 30.1189             305.3           1848.3182     3974.2200    -2125.9018
       225.6105                 30.1258             302.1           1863.7552     3944.5200    -2080.7648
       225.6618                 30.1328             312.6           1942.5608     4043.3400    -2100.7792
       225.7132                 30.1397             308.0           1855.6447     3999.6000    -2143.9553
       225.7647                 30.1466             316.1           2019.6680     4076.1000    -2056.4320
       225.8163                 30.1535             306.8           1945.9476     3988.4400    -2042.4924
       225.8679                 30.1605             307.4           1817.5921     3994.7400    -2177.1479
       225.9194                 30.1674             330.2           1961.2195     4209.6600    -2248.4405
       225.9710                 30.1743             311.3           1795.7827     4031.4600    -2235.6773
       226.0225                 30.1812             318.6           1884.1421     4100.4000    -2216.2579
       226.0740                 30.1882             313.4           1866.5297     4050.7200    -2184.1903
       226.1255                 30.1951             308.1           1779.4239     4000.6800    -2221.2561
       226.1770                 30.2020             327.4           1872.5675     4182.6600    -2310.0925
       226.2284                 30.2090             323.4           1820.8135     4145.7600    -2324.9465
       226.2500                 30.2119             305.0           1806.0879     3971.8800    -2165.7921
       226.3014                 30.2188             302.5           1859.6341     3948.4800    -2088.8459
       226.3529                 30.2257             300.3           1828.7670     3927.0600    -2098.2930
       226.4044                 30.2327             289.1           1527.6655     3821.9400    -2294.2745
       226.4559                 30.2396             309.3           1847.3624     4012.7400    -2165.3776
       226.5075                 30.2465             324.7           1912.8523     4157.6400    -2244.7877
       226.5591                 30.2534             298.6           1763.4013     3911.2200    -2147.8187
       226.6106                 30.2604             300.4           1700.5047     3928.3200    -2227.8153
       226.6621                 30.2673             294.9           1736.3483     3876.6600    -2140.3117
       226.7135                 30.2742             301.3           1844.8796     3936.7800    -2091.9004
       226.7650                 30.2811             302.8           1781.1151     3951.3600    -2170.2449
       226.8165                 30.2881             307.3           1742.7904     3993.6600    -2250.8696
       226.8678                 30.2950             304.4           1875.4853     3966.3000    -2090.8147
       226.9193                 30.3019             304.2           2039.4623     3963.7800    -1924.3177
       226.9707                 30.3089             285.5           1533.5794     3787.9200    -2254.3406
       227.0223                 30.3158             305.8           1913.4071     3979.0800    -2065.6729
       227.0738                 30.3227             301.3           1718.9812     3937.1400    -2218.1588
       227.1253                 30.3296             319.9           1844.5424     4112.6400    -2268.0976
       227.1767                 30.3366             320.0           1764.9928     4113.5400    -2348.5472
       227.2282                 30.3435             294.1           1577.7232     3868.5600    -2290.8368
       227.2500                 30.3464             298.9           1517.0943     3913.7400    -2396.6457
       227.3015                 30.3534             303.4           1812.1377     3956.4000    -2144.2623
       227.3530                 30.3603             319.6           1958.7693     4109.9400    -2151.1707
       227.4046                 30.3672             312.6           1819.6288     4043.1600    -2223.5312
       227.4561                 30.3741             305.7           1701.2929     3978.1800    -2276.8871
       227.5075                 30.3811             308.1           1792.6781     4000.5000    -2207.8219
       227.5592                 30.3880             296.3           1801.2518     3889.2600    -2088.0082
       227.6108                 30.3949             306.9           1676.4764     3989.5200    -2313.0436
       227.6622                 30.4018             316.4           1729.4915     4079.1600    -2349.6685
       227.7137                 30.4088             312.1           1743.3425     4038.8400    -2295.4975
       227.7653                 30.4157             308.1           1841.5941     4001.4000    -2159.8059
       227.8166                 30.4226             292.1           1632.1116     3850.0200    -2217.9084
       227.8682                 30.4296             312.6           1631.8736     4042.9800    -2411.1064
       227.9197                 30.4365             309.6           1624.3299     4015.2600    -2390.9301
       227.9712                 30.4434             314.6           1808.4799     4062.2400    -2253.7601
       228.0227                 30.4503             307.6           1749.5651     3996.3600    -2246.7949
       228.0742                 30.4573             308.5           1796.8862     4005.0000    -2208.1138
       228.1256                 30.4642             298.1           1598.8256     3906.7200    -2307.8944
       228.1770                 30.4711             297.4           1554.0996     3899.8800    -2345.7804
       228.2284                 30.4781             317.1           1803.1348     4086.3600    -2283.2252
       228.2500                 30.4810             288.7           1488.1993     3817.8000    -2329.6007
       228.3014                 30.4879             315.8           1785.1171     4073.5800    -2288.4629
       228.3530                 30.4948             297.5           1615.9807     3901.1400    -2285.1593
       228.4044                 30.5017             301.0           1635.2966     3933.9000    -2298.6034
       228.4560                 30.5087             300.6           1659.7692     3930.1200    -2270.3508
       228.5075                 30.5156             318.1           1815.4069     4095.1800    -2279.7731
       228.5590                 30.5225             298.4           1680.0255     3909.6000    -2229.5745
       228.6106                 30.5295             314.8           1720.7474     4064.2200    -2343.4726
       228.6621                 30.5364             302.2           1784.2662     3945.4200    -2161.1538
       228.7136                 30.5433             316.3           1947.3140     4078.4400    -2131.1260
       228.7650                 30.5502             320.4           1874.8245     4117.3200    -2242.4955
       228.8164                 30.5572             302.8           1720.4658     3950.6400    -2230.1742
       228.8679                 30.5641             313.4           1920.4771     4050.9000    -2130.4229
       228.9193                 30.5710             312.3           1902.9908     4040.2800    -2137.2892
       228.9708                 30.5780             312.2           1816.4829     4039.2000    -2222.7171
       229.0224                 30.5849             301.0           1745.1029     3933.5400    -2188.4371
       229.0738                 30.5918             294.4           1505.8151     3871.9800    -2366.1649
       229.1252                 30.5987             299.7           1727.3614     3921.6600    -2194.2986
       229.1766                 30.6057             298.7           1682.9619     3911.7600    -2228.7981
       229.2281                 30.6126             323.0           1827.7003     4141.4400    -2313.7397
       229.2500                 30.6155             316.0           1833.3790     4075.9200    -2242.5410
       229.3016                 30.6225             322.3           1695.2667     4135.1400    -2439.8733
       229.3530                 30.6294             315.0           1866.5391     4066.3800    -2199.8409
       229.4044                 30.6363             322.3           1863.2022     4134.9600    -2271.7578
       229.4559                 30.6432             291.0           1622.1934     3839.5800    -2217.3866
       229.5073                 30.6502             301.6           1530.2528     3939.8400    -2409.5872
       229.5587                 30.6571             302.9           1865.4443     3952.0800    -2086.6357
       229.6101                 30.6640             312.1           1842.4013     4038.6600    -2196.2587
       229.6617                 30.6710             302.6           1691.4084     3948.6600    -2257.2516
       229.7131                 30.6779             314.2           1742.5610     4058.6400    -2316.0790
       229.7646                 30.6848             303.6           1746.4807     3958.2000    -2211.7193
       229.8162                 30.6917             293.2           1436.9680     3860.6400    -2423.6720
       229.8677                 30.6987             314.4           1703.3770     4060.0800    -2356.7030
       229.9192                 30.7056             289.2           1443.7937     3822.8400    -2379.0463
       229.9706                 30.7125             300.0           1580.6378     3924.5400    -2343.9022
       230.0223                 30.7194             311.3           1491.1690     4030.7400    -2539.5710
       230.0738                 30.7264             328.1           1947.4979     4189.6800    -2242.1821
       230.1252                 30.7333             294.4           1545.1148     3871.8000    -2326.6852
       230.1768                 30.7402             307.3           1699.7242     3993.6600    -2293.9358
       230.2284                 30.7472             311.9           1694.8630     4036.8600    -2341.9970
       230.2500                 30.7501             313.8           1690.4719     4054.6800    -2364.2081
       230.3014                 30.7570             307.3           1626.2915     3993.6600    -2367.3685
       230.3529                 30.7639             311.4           1752.9467     4032.0000    -2279.0533
       230.4044                 30.7709             298.1           1686.7713     3906.9000    -2220.1287
       230.4558                 30.7778             312.3           1806.7567     4040.4600    -2233.7033
       230.5073                 30.7847             312.8           1676.3631     4045.3200    -2368.9569
       230.5588                 30.7916             299.1           1747.6619     3916.4400    -2168.7781
       230.6104                 30.7986             312.8           1887.2307     4045.5000    -2158.2693
       230.6619                 30.8055             311.1           1668.4878     4029.4800    -2360.9922
       230.7134                 30.8124             319.8           1723.1754     4111.3800    -2388.2046
       230.7649                 30.8194             305.4           1714.7878     3975.3000    -2260.5122
       230.8165                 30.8263             304.5           1667.0559     3966.8400    -2299.7841
       230.8680                 30.8332             294.9           1582.6917     3876.4800    -2293.7883
       230.9194                 30.8401             314.9           1820.5140     4064.7600    -2244.2460
       230.9710                 30.8471             315.9           1798.3879     4074.4800    -2276.0921
       231.0224                 30.8540             307.6           1768.2630     3996.0000    -2227.7370
       231.0739                 30.8609             309.2           1624.0241     4011.3000    -2387.2759
       231.1253                 30.8678             290.7           1583.1056     3836.8800    -2253.7744
       231.1769                 30.8748             294.5           1668.1792     3872.7000    -2204.5208
       231.2283                 30.8817             320.1           2035.8624     4113.9000    -2078.0376
       231.2500                 30.8846             327.5           2086.3027     4183.9200    -2097.6173
       231.3015                 30.8915             308.1           1669.5962     4000.5000    -2330.9038
       231.3529                 30.8985             292.0           1514.8897     3848.9400    -2334.0503
       231.4044                 30.9054             313.5           1659.6163     4051.4400    -2391.8237
       231.4558                 30.9123             313.6           1883.4952     4053.2400    -2169.7448
       231.5072                 30.9192             324.0           1859.4775     4150.8000    -2291.3225
       231.5587                 30.9262             319.3           1858.5913     4106.8800    -2248.2887
       231.6102                 30.9331             309.7           1834.3225     4016.3400    -2182.0175
       231.6616                 30.9400             300.7           1670.7000     3931.3800    -2260.6800
       231.7130                 30.9470             299.7           1406.0046     3921.6600    -2515.6554
       231.7647                 30.9539             306.1           1787.5206     3981.9600    -2194.4394
       231.8161                 30.9608             296.2           1724.5313     3889.0800    -2164.5487
       231.8677                 30.9677             297.1           1501.3197     3896.8200    -2395.5003
       231.9192                 30.9747             302.6           1700.4044     3948.8400    -2248.4356
       231.9707                 30.9816             317.3           1730.4080     4087.9800    -2357.5720
       232.0222                 30.9885             315.1           1832.8220     4067.1000    -2234.2780
       232.0738                 30.9955             311.9           1584.5242     4036.8600    -2452.3358
       232.1255                 31.0024             309.3           1679.1898     4012.3800    -2333.1902
       232.1770                 31.0093             308.3           1627.8769     4003.0200    -2375.1431
       232.2285                 31.0162             302.4           1735.5929     3947.5800    -2211.9871
       232.2500                 31.0191             304.7           1846.7470     3968.8200    -2122.0730
       232.3016                 31.0261             303.2           1684.2225     3954.7800    -2270.5575
       232.3531                 31.0330             295.0           1550.2347     3876.8400    -2326.6053
       232.4045                 31.0399             293.9           1774.2376     3866.9400    -2092.7024
       232.4561                 31.0468             296.5           1716.3752     3891.7800    -2175.4048
       232.5076                 31.0538             315.3           1925.3957     4068.9000    -2143.5043
       232.5592                 31.0607             314.5           1741.4526     4061.1600    -2319.7074
       232.6107                 31.0676             301.2           1756.6976     3935.8800    -2179.1824
       232.6624                 31.0746             298.9           1636.2289     3914.4600    -2278.2311
       232.7138                 31.0815             303.6           1723.5516     3958.3800    -2234.8284
       232.7653                 31.0884             327.9           2042.0974     4188.0600    -2145.9626
       232.8168                 31.0953             311.6           1754.6432     4034.1600    -2279.5168
       232.8681                 31.1023             308.3           1765.3584     4002.4800    -2237.1216
       232.9195                 31.1092             292.0           1641.1219     3849.1200    -2207.9981
       232.9712                 31.1161             310.7           1756.5416     4025.8800    -2269.3384
       233.0227                 31.1231             313.6           1865.4398     4052.8800    -2187.4402
       233.0742                 31.1300             313.5           1860.0322     4052.1600    -2192.1278
       233.1256                 31.1369             303.3           1584.3318     3955.8600    -2371.5282
       233.1771                 31.1438             309.2           1845.4765     4011.6600    -2166.1835
       233.2287                 31.1508             311.3           1824.7990     4030.7400    -2205.9410
       233.2500                 31.1536             303.9           1749.0789     3961.2600    -2212.1811
       233.3015                 31.1606             302.6           1576.3724     3948.8400    -2372.4676
       233.3529                 31.1675             305.0           1563.6638     3971.8800    -2408.2162
       233.4043                 31.1744             312.7           1727.3166     4044.4200    -2317.1034
       233.4559                 31.1814             304.6           1590.7831     3968.2800    -2377.4969
       233.5073                 31.1883             303.6           1646.5905     3958.9200    -2312.3295
       233.5588                 31.1952             282.6           1598.3080     3760.5600    -2162.2520
       233.6103                 31.2021             306.7           1833.0551     3987.3600    -2154.3049
       233.6618                 31.2091             302.0           1718.0334     3943.8000    -2225.7666
       233.7132                 31.2160             306.4           1870.5882     3984.8400    -2114.2518
       233.7647                 31.2229             295.3           1748.5667     3879.9000    -2131.3333
       233.8161                 31.2299             303.2           1685.3877     3954.9600    -2269.5723
       233.8677                 31.2368             290.5           1399.9142     3834.3600    -2434.4458
       233.9192                 31.2437             295.4           1700.1847     3881.3400    -2181.1553
       233.9708                 31.2506             295.2           1606.5893     3878.8200    -2272.2307
       234.0223                 31.2576             308.1           1605.6619     4000.5000    -2394.8381
       234.0739                 31.2645             324.3           1850.5194     4153.6800    -2303.1606
       234.1253                 31.2714             297.0           1702.1303     3896.1000    -2193.9697
       234.1768                 31.2783             282.6           1384.9572     3760.5600    -2375.6028
       234.2283                 31.2853             305.2           1678.5266     3973.5000    -2294.9734
       234.2500                 31.2882             320.6           1822.4127     4118.5800    -2296.1673
       234.3015                 31.2951             331.4           1780.5185     4220.6400    -2440.1215
       234.3529                 31.3021             297.3           1625.9132     3899.3400    -2273.4268
       234.4043                 31.3090             322.4           1644.1258     4136.2200    -2492.0942
       234.4557                 31.3159             297.3           1523.6994     3899.1600    -2375.4606
       234.5074                 31.3228             327.7           1863.9231     4185.5400    -2321.6169
       234.5589                 31.3298             299.5           1626.3980     3920.2200    -2293.8220
       234.6104                 31.3367             302.8           1643.7680     3951.0000    -2307.2320
       234.6619                 31.3436             320.6           1759.2845     4118.9400    -2359.6555
       234.7133                 31.3506             305.0           1698.7945     3971.3400    -2272.5455
       234.7649                 31.3575             298.9           1566.1735     3913.9200    -2347.7465
       234.8162                 31.3644             304.5           1564.0472     3966.8400    -2402.7928
       234.8678                 31.3713             294.1           1429.3643     3869.1000    -2439.7357
       234.9193                 31.3783             298.7           1461.2399     3911.9400    -2450.7001
       234.9709                 31.3852             296.6           1456.2011     3892.8600    -2436.6589
       235.0224                 31.3921             300.9           1396.4567     3932.8200    -2536.3633
       235.0739                 31.3990             313.4           1595.7911     4050.5400    -2454.7489
       235.1253                 31.4060             312.1           1857.9343     4038.8400    -2180.9057
       235.1767                 31.4129             313.5           1455.8923     4051.4400    -2595.5477
       235.2284                 31.4198             300.5           1449.9553     3928.8600    -2478.9047
       235.2500                 31.4227             298.6           1535.0233     3911.5800    -2376.5567
       235.3016                 31.4296             305.9           1642.4221     3979.9800    -2337.5579
       235.3530                 31.4366             299.3           1576.8759     3917.8800    -2341.0041
       235.4046                 31.4435             314.9           1757.7303     4064.7600    -2307.0297
       235.4562                 31.4504             299.9           1590.4425     3923.2800    -2332.8375
       235.5077                 31.4574             314.3           1575.4619     4059.3600    -2483.8981
       235.5591                 31.4643             312.4           1628.0171     4041.5400    -2413.5229
       235.6108                 31.4712             292.6           1616.2870     3854.7000    -2238.4130
       235.6623                 31.4781             314.6           1738.8946     4062.0600    -2323.1654
       235.7140                 31.4851             314.2           1679.5693     4058.4600    -2378.8907
       235.7655                 31.4920             288.1           1526.2906     3812.2200    -2285.9294
       235.8170                 31.4989             307.3           1769.1208     3993.1200    -2223.9992
       235.8685                 31.5059             314.5           1820.7242     4061.3400    -2240.6158
       235.9199                 31.5128             310.6           1814.5574     4024.2600    -2209.7026
       235.9714                 31.5197             302.5           1717.8896     3948.1200    -2230.2304
       236.0229                 31.5266             304.9           1777.8219     3970.9800    -2193.1581
       236.0744                 31.5336             308.7           1773.7305     4006.6200    -2232.8895
       236.1260                 31.5405             298.4           1512.0871     3909.6000    -2397.5129
       236.1774                 31.5474             298.0           1687.9675     3905.6400    -2217.6725
       236.2289                 31.5543             318.8           1905.8034     4101.8400    -2196.0366
       236.2500                 31.5572             296.5           1659.4864     3891.7800    -2232.2936
       236.3016                 31.5641             303.7           1708.0513     3959.4600    -2251.4087
       236.3531                 31.5710             302.0           1619.5536     3943.6200    -2324.0664
       236.4047                 31.5780             307.0           1657.2550     3990.7800    -2333.5250
       236.4565                 31.5849             317.1           1834.4564     4086.1800    -2251.7236
       236.5080                 31.5918             316.3           1891.3425     4078.2600    -2186.9175
       236.5595                 31.5988             314.2           1783.2241     4058.2800    -2275.0559
       236.6111                 31.6057             307.5           1739.6359     3994.9200    -2255.2841
       236.6627                 31.6126             292.1           1512.3222     3849.8400    -2337.5178
       236.7141                 31.6195             295.3           1587.6571     3879.9000    -2292.2429
       236.7658                 31.6265             289.5           1566.3206     3825.1800    -2258.8594
       236.8171                 31.6334             277.8           1501.7866     3715.0200    -2213.2334
       236.8685                 31.6403             311.0           1741.7592     4028.5800    -2286.8208
       236.9201                 31.6473             311.0           1688.0713     4028.2200    -2340.1487
       236.9717                 31.6542             299.4           1551.8227     3918.4200    -2366.5973
       237.0232                 31.6611             315.2           1662.3281     4068.0000    -2405.6719
       237.0748                 31.6680             294.7           1563.3427     3874.6800    -2311.3373
       237.1263                 31.6750             320.2           1797.5713     4114.8000    -2317.2287
       237.1776                 31.6819             316.2           1682.7669     4077.0000    -2394.2331
       237.2291                 31.6888             303.4           1560.9282     3956.2200    -2395.2918
       237.2500                 31.6916             306.7           1690.5530     3987.3600    -2296.8070
       237.3015                 31.6986             306.5           1607.5058     3986.2800    -2378.7742
       237.3529                 31.7055             309.6           1676.2971     4015.0800    -2338.7829
       237.4043                 31.7124             312.6           1600.5444     4043.7000    -2443.1556
       237.4559                 31.7193             320.0           1834.9637     4113.1800    -2278.2163
       237.5074                 31.7263             293.5           1439.7742     3863.3400    -2423.5658
       237.5589                 31.7332             298.5           1477.8937     3910.5000    -2432.6063
       237.6104                 31.7401             301.7           1527.1651     3940.7400    -2413.5749
       237.6620                 31.7471             295.4           1346.2005     3881.3400    -2535.1395
       237.7135                 31.7540             322.3           1748.8344     4134.9600    -2386.1256
       237.7648                 31.7609             312.9           1792.1381     4046.0400    -2253.9019
       237.8162                 31.7678             306.3           1583.8567     3983.9400    -2400.0833
       237.8677                 31.7748             315.6           1759.8106     4071.6000    -2311.7894
       237.9194                 31.7817             320.1           1658.5143     4113.9000    -2455.3857
       237.9710                 31.7886             296.9           1431.1699     3895.0200    -2463.8501
       238.0224                 31.7955             286.1           1399.4695     3793.5000    -2394.0305
       238.0740                 31.8025             304.0           1468.9868     3961.9800    -2492.9932
       238.1255                 31.8094             317.1           1617.2883     4085.4600    -2468.1717
       238.1770                 31.8163             306.3           1418.3257     3984.3000    -2565.9743
       238.2286                 31.8233             310.4           1441.8166     4022.4600    -2580.6434
       238.2500                 31.8261             306.6           1512.3739     3986.8200    -2474.4461
       238.3015                 31.8331             303.7           1519.4054     3959.6400    -2440.2346
       238.3530                 31.8400             320.4           1810.1671     4117.5000    -2307.3329
       238.4044                 31.8469             304.4           1479.5720     3966.1200    -2486.5480
       238.4558                 31.8538             300.2           1526.8424     3925.9800    -2399.1376
       238.5072                 31.8608             315.0           1764.5615     4065.8400    -2301.2785
       238.5588                 31.8677             295.9           1350.5634     3885.6600    -2535.0966
       238.6104                 31.8746             308.7           1395.6302     4006.2600    -2610.6298
       238.6621                 31.8816             295.4           1388.1736     3881.1600    -2492.9864
       238.7136                 31.8885             308.3           1602.1198     4002.6600    -2400.5402
       238.7651                 31.8954             292.3           1537.8945     3852.0000    -2314.1055
       238.8166                 31.9023             309.0           1571.0645     4009.6800    -2438.6155
       238.8681                 31.9093             324.7           1645.9036     4157.4600    -2511.5564
       238.9196                 31.9162             315.3           1546.5506     4068.5400    -2521.9894
       238.9712                 31.9231             321.4           1771.6653     4126.3200    -2354.6547
       239.0228                 31.9300             307.1           1536.6284     3991.1400    -2454.5116
       239.0743                 31.9370             296.1           1411.1067     3887.4600    -2476.3533
       239.1259                 31.9439             307.3           1581.7306     3993.1200    -2411.3894
       239.1774                 31.9508             309.7           1487.1464     4015.6200    -2528.4736
       239.2289                 31.9578             309.9           1699.1662     4018.3200    -2319.1538
       239.2500                 31.9606             295.6           1501.8533     3882.6000    -2380.7467
       239.3014                 31.9675             309.3           1506.5256     4011.8400    -2505.3144
       239.3530                 31.9744             314.4           1681.5420     4060.2600    -2378.7180
       239.4046                 31.9814             315.1           1691.2853     4066.7400    -2375.4547
       239.4561                 31.9883             309.0           1478.2240     4009.3200    -2531.0960
       239.5077                 31.9952             320.1           1595.3604     4114.0800    -2518.7196
       239.5593                 32.0022             310.5           1823.0147     4023.5400    -2200.5253
       239.6109                 32.0091             313.9           1606.4379     4056.1200    -2449.6821
       239.6624                 32.0160             316.3           1791.5990     4078.6200    -2287.0210
       239.7138                 32.0229             318.5           1845.5316     4098.7800    -2253.2484
       239.7652                 32.0299             308.9           1561.9775     4008.7800    -2446.8025
       239.8166                 32.0368             296.6           1454.1784     3892.8600    -2438.6816
       239.8680                 32.0437             316.8           1552.5729     4083.3000    -2530.7271
       239.9195                 32.0506             306.6           1618.2070     3987.0000    -2368.7930
       239.9709                 32.0576             303.2           1609.1958     3954.6000    -2345.4042
       240.0224                 32.0645             278.6           1124.9128     3722.9400    -2598.0272
       240.0738                 32.0714             304.3           1533.5371     3965.2200    -2431.6829
       240.1253                 32.0784             308.6           1569.8459     4006.0800    -2436.2341
       240.1769                 32.0853             307.7           1629.8461     3996.9000    -2367.0539
       240.2283                 32.0922             296.9           1560.1397     3895.5600    -2335.4203
       240.2500                 32.0951             317.2           1651.6935     4086.5400    -2434.8465
       240.3016                 32.1021             293.9           1412.7774     3867.3000    -2454.5226
       240.3530                 32.1090             308.2           1581.0887     4002.1200    -2421.0313
       240.4044                 32.1159             304.0           1535.6196     3962.5200    -2426.9004
       240.4559                 32.1228             300.4           1418.6034     3928.1400    -2509.5366
       240.5075                 32.1298             311.1           1591.6724     4028.9400    -2437.2676
       240.5590                 32.1367             313.8           1761.5505     4054.8600    -2293.3095
       240.6106                 32.1436             333.8           1938.7364     4243.6800    -2304.9436
       240.6621                 32.1505             305.4           1559.5759     3975.8400    -2416.2641
       240.7136                 32.1575             303.0           1559.5865     3952.4400    -2392.8535
       240.7651                 32.1644             312.7           1579.8544     4044.2400    -2464.3856
       240.8166                 32.1713             298.4           1365.1023     3909.0600    -2543.9577
       240.8681                 32.1783             299.5           1603.9847     3920.0400    -2316.0553
       240.9197                 32.1852             290.8           1392.4302     3837.2400    -2444.8098
       240.9712                 32.1921             306.0           1632.0446     3980.8800    -2348.8354
       241.0226                 32.1990             288.0           1515.4157     3811.5000    -2296.0843
       241.0739                 32.2060             319.3           1779.7447     4106.8800    -2327.1353
       241.1254                 32.2129             311.3           1640.6211     4031.2800    -2390.6589
       241.1770                 32.2198             306.6           1578.0579     3987.1800    -2409.1221
       241.2284                 32.2268             302.9           1576.5312     3951.5400    -2375.0088
       241.2500                 32.2297             295.2           1555.6369     3879.0000    -2323.3631
       241.3015                 32.2366             292.1           1576.3166     3849.8400    -2273.5234
       241.3530                 32.2435             299.2           1459.3471     3917.3400    -2457.9929
       241.4046                 32.2504             317.8           1580.5064     4092.4800    -2511.9736
       241.4561                 32.2574             306.0           1493.5441     3980.7000    -2487.1559
       241.5075                 32.2643             297.0           1616.7948     3896.6400    -2279.8452
       241.5590                 32.2712             323.5           1929.5787     4146.1200    -2216.5413
       241.6105                 32.2781             293.9           1380.4959     3866.5800    -2486.0841
       241.6620                 32.2851             302.4           1674.7458     3946.8600    -2272.1142
       241.7135                 32.2920             320.8           1794.4613     4121.2800    -2326.8187
       241.7650                 32.2989             300.2           1473.0996     3926.7000    -2453.6004
       241.8165                 32.3059             317.0           1634.9644     4084.7400    -2449.7756
       241.8679                 32.3128             308.8           1598.5477     4007.5200    -2408.9723
       241.9195                 32.3197             306.1           1526.4164     3981.7800    -2455.3636
       241.9707                 32.3266             313.4           1709.9002     4051.0800    -2341.1798
       242.0222                 32.3336             304.9           1420.8355     3970.9800    -2550.1445
       242.0738                 32.3405             328.8           1767.3541     4196.1600    -2428.8059
       242.1252                 32.3474             320.5           1654.5249     4118.0400    -2463.5151
       242.1767                 32.3543             306.9           1581.9776     3989.3400    -2407.3624
       242.2281                 32.3613             290.3           1320.4644     3832.9200    -2512.4556
       242.2500                 32.3642             303.1           1594.9501     3954.0600    -2359.1099
       242.3015                 32.3711             291.2           1393.2144     3841.7400    -2448.5256
       242.3529                 32.3781             295.8           1601.3593     3884.5800    -2283.2207
       242.4043                 32.3850             319.9           1604.9682     4112.6400    -2507.6718
       242.4559                 32.3919             304.0           1561.4809     3962.1600    -2400.6791
       242.5074                 32.3989             310.2           1634.1491     4020.6600    -2386.5109
       242.5587                 32.4058             310.5           1483.2648     4023.5400    -2540.2752
       242.6101                 32.4127             300.1           1337.7481     3925.0800    -2587.3319
       242.6614                 32.4196             319.4           1699.6389     4107.7800    -2408.1411
       242.7128                 32.4266             293.6           1344.0556     3864.2400    -2520.1844
       242.7644                 32.4335             308.7           1532.7592     4006.2600    -2473.5008
       242.8159                 32.4404             309.4           1518.6739     4013.6400    -2494.9661
       242.8672                 32.4474             321.0           1640.5902     4122.7200    -2482.1298
       242.9188                 32.4543             314.8           1524.6225     4064.5800    -2539.9575
       242.9702                 32.4612             321.0           1627.4862     4122.9000    -2495.4138
       243.0218                 32.4681             301.3           1551.8080     3936.4200    -2384.6120
       243.0733                 32.4751             298.6           1390.1028     3911.2200    -2521.1172
       243.1247                 32.4820             299.4           1482.6078     3918.7800    -2436.1722
       243.1763                 32.4889             292.3           1302.9009     3851.6400    -2548.7391
       243.2278                 32.4958             299.8           1315.0967     3922.3800    -2607.2833
       243.2500                 32.4988             321.6           1515.2976     4127.9400    -2612.6424
       243.3014                 32.5058             296.9           1321.8524     3895.5600    -2573.7076
       243.3528                 32.5127             288.6           1192.2308     3816.7200    -2624.4892
       243.4043                 32.5196             315.4           1459.6974     4069.4400    -2609.7426
       243.4557                 32.5266             306.1           1467.5924     3981.6000    -2514.0076
       243.5072                 32.5335             302.7           1452.4330     3949.9200    -2497.4870
       243.5586                 32.5404             297.9           1417.6049     3904.9200    -2487.3151
       243.6101                 32.5473             322.6           1573.0401     4138.0200    -2564.9799
       243.6616                 32.5543             304.1           1441.9005     3963.6000    -2521.6995
       243.7131                 32.5612             308.5           1313.8749     4004.4600    -2690.5851
       243.7646                 32.5681             305.0           1373.3546     3972.0600    -2598.7054
       243.8161                 32.5750             311.0           1474.2263     4028.7600    -2554.5337
       243.8677                 32.5820             294.5           1315.6306     3872.3400    -2556.7094
       243.9191                 32.5889             316.7           1399.1159     4082.0400    -2682.9241
       243.9706                 32.5958             310.5           1439.4090     4023.9000    -2584.4910
       244.0221                 32.6028             286.3           1147.5469     3794.7600    -2647.2131
       244.0737                 32.6097             308.1           1392.0570     4001.4000    -2609.3430
       244.1251                 32.6166             309.3           1425.9559     4011.8400    -2585.8841
       244.1768                 32.6235             306.1           1560.5385     3982.3200    -2421.7815
       244.2282                 32.6305             312.2           1650.1439     4039.9200    -2389.7761
       244.2500                 32.6334             293.6           1401.2573     3864.4200    -2463.1627
       244.3015                 32.6403             299.3           1565.1364     3918.0600    -2352.9236
       244.3529                 32.6473             313.2           1691.1892     4049.1000    -2357.9108
       244.4044                 32.6542             295.7           1588.1179     3883.6800    -2295.5621
       244.4560                 32.6611             305.1           1354.1762     3972.4200    -2618.2438
       244.5074                 32.6680             297.6           1423.0644     3901.6800    -2478.6156
       244.5589                 32.6750             300.1           1399.7402     3925.6200    -2525.8798
       244.6105                 32.6819             313.6           1515.3590     4052.7000    -2537.3410
       244.6619                 32.6888             300.8           1316.0016     3931.7400    -2615.7384
       244.7135                 32.6957             298.4           1494.9246     3909.6000    -2414.6754
       244.7649                 32.7027             313.7           1409.7812     4054.1400    -2644.3588
       244.8163                 32.7096             305.2           1398.4814     3973.6800    -2575.1986
       244.8679                 32.7165             306.5           1616.2653     3985.7400    -2369.4747
       244.9192                 32.7235             302.5           1408.8370     3947.7600    -2538.9230
       244.9706                 32.7304             316.5           1400.1625     4080.4200    -2680.2575
       245.0219                 32.7373             309.1           1420.2315     4010.4000    -2590.1685
       245.0732                 32.7442             304.2           1381.1807     3964.3200    -2583.1393
       245.1246                 32.7512             295.6           1262.9728     3882.6000    -2619.6272
       245.1761                 32.7581             291.6           1269.1857     3844.8000    -2575.6143
       245.2276                 32.7650             294.6           1328.2904     3873.2400    -2544.9496
       245.2500                 32.7680             321.4           1547.8329     4126.1400    -2578.3071
       245.3014                 32.7750             310.1           1423.4969     4020.1200    -2596.6231
       245.3528                 32.7819             302.8           1379.3829     3951.3600    -2571.9771
       245.4042                 32.7888             297.3           1221.6491     3898.8000    -2677.1509
       245.4558                 32.7957             320.9           1647.8411     4122.0000    -2474.1589
       245.5072                 32.8027             326.3           1585.0959     4172.5800    -2587.4841
       245.5588                 32.8096             318.4           1594.7798     4098.4200    -2503.6402
       245.6102                 32.8165             317.9           1410.8803     4093.0200    -2682.1397
       245.6617                 32.8235             308.6           1503.5600     4005.5400    -2501.9800
       245.7131                 32.8304             316.9           1406.2790     4084.0200    -2677.7410
       245.7645                 32.8373             320.2           1588.7102     4115.1600    -2526.4498
       245.8159                 32.8442             304.9           1606.4792     3970.8000    -2364.3208
       245.8674                 32.8512             301.7           1482.5947     3940.2000    -2457.6053
       245.9187                 32.8581             310.2           1470.1735     4021.2000    -2551.0265
       245.9701                 32.8650             314.3           1335.4141     4059.0000    -2723.5859
       246.0215                 32.8719             301.6           1228.5321     3939.8400    -2711.3079
       246.0729                 32.8789             306.7           1457.1301     3987.7200    -2530.5899
       246.1244                 32.8858             313.6           1398.5030     4053.2400    -2654.7370
       246.1758                 32.8927             295.5           1357.3416     3881.7000    -2524.3584
       246.2272                 32.8997             307.1           1444.0996     3991.1400    -2547.0404
       246.2500                 32.9027             302.8           1373.1973     3951.3600    -2578.1627
       246.3014                 32.9097             301.3           1406.9576     3936.7800    -2529.8224
       246.3528                 32.9166             309.3           1507.6015     4012.3800    -2504.7785
       246.4042                 32.9235             332.5           1630.5798     4231.2600    -2600.6802
       246.4555                 32.9305             322.7           1644.4101     4138.3800    -2493.9699
       246.5069                 32.9374             316.6           1416.7993     4081.1400    -2664.3407
       246.5583                 32.9443             320.3           1442.2429     4116.0600    -2673.8171
       246.6098                 32.9512             324.2           1610.8135     4152.9600    -2542.1465
       246.6613                 32.9582             300.1           1339.5626     3925.6200    -2586.0574
       246.7127                 32.9651             294.0           1067.6225     3867.6600    -2800.0375
       246.7641                 32.9720             326.1           1424.6444     4170.6000    -2745.9556
       246.8155                 32.9789             321.9           1184.4647     4131.3600    -2946.8953
       246.8670                 32.9859             299.8           1013.7275     3922.2000    -2908.4725
       246.9184                 32.9928             306.0           1016.8150     3981.2400    -2964.4250
       246.9699                 32.9997             309.7           1148.6730     4016.1600    -2867.4870
       247.0213                 33.0067             300.8            925.3542     3931.9200    -3006.5658
       247.0726                 33.0136             300.9           1160.5661     3933.3600    -2772.7939
       247.1239                 33.0205             303.0           1147.2547     3952.6200    -2805.3653
       247.1752                 33.0274             297.9            976.1232     3904.7400    -2928.6168
       247.2265                 33.0344             312.0           1292.9206     4037.5800    -2744.6594
       247.2500                 33.0376             298.7           1034.1442     3912.1200    -2877.9758
       247.3014                 33.0445             299.8           1068.3789     3922.5600    -2854.1811
       247.3526                 33.0514             317.7           1317.7398     4091.2200    -2773.4802
       247.4040                 33.0583             287.5           1009.5539     3806.6400    -2797.0861
       247.4553                 33.0653             306.9           1206.1760     3989.3400    -2783.1640
       247.5066                 33.0722             299.6           1162.2216     3920.5800    -2758.3584
       247.5581                 33.0791             283.8            936.9687     3771.3600    -2834.3913
       247.6095                 33.0860             297.0           1021.9370     3896.1000    -2874.1630
       247.6609                 33.0930             306.7           1081.2812     3987.3600    -2906.0788
       247.7122                 33.0999             296.4           1128.0190     3890.8800    -2762.8610
       247.7637                 33.1068             316.9           1298.1410     4083.8400    -2785.6990
       247.8151                 33.1138             326.0           1470.9784     4169.8800    -2698.9016
       247.8665                 33.1207             318.0           1312.7145     4094.8200    -2782.1055
       247.9178                 33.1276             313.4           1322.4524     4051.2600    -2728.8076
       247.9691                 33.1345             326.3           1343.0232     4172.4000    -2829.3768
       248.0203                 33.1415             337.3           1399.8372     4276.4400    -2876.6028
       248.0715                 33.1484             304.0           1013.0039     3962.5200    -2949.5161
       248.1231                 33.1553             305.3           1146.7326     3974.9400    -2828.2074
       248.1744                 33.1623             299.1           1169.4008     3916.4400    -2747.0392
       248.2257                 33.1692             303.5           1120.6162     3957.3000    -2836.6838
       248.2500                 33.1724             312.7           1182.6122     4044.6000    -2861.9878
       248.3014                 33.1794             315.6           1190.4665     4071.9600    -2881.4935
       248.3528                 33.1863             317.9           1256.1296     4093.0200    -2836.8904
       248.4042                 33.1932             313.5           1284.9567     4051.8000    -2766.8433
       248.4556                 33.2002             323.4           1296.7764     4145.2200    -2848.4436
       248.5070                 33.2071             296.0           1204.2357     3886.9200    -2682.6843
       248.5583                 33.2140             309.4           1156.1047     4013.1000    -2856.9953
       248.6096                 33.2209             295.1           1048.1031     3878.6400    -2830.5369
       248.6609                 33.2279             308.3           1130.7270     4003.2000    -2872.4730
       248.7121                 33.2348             290.0            898.9910     3830.0400    -2931.0490
       248.7633                 33.2417             300.8           1061.6065     3932.1000    -2870.4935
       248.8147                 33.2487             299.1           1164.3739     3916.2600    -2751.8861
       248.8661                 33.2556             305.1           1080.5574     3972.9600    -2892.4026
       248.9173                 33.2625             311.5           1179.5094     4033.0800    -2853.5706
       248.9687                 33.2694             307.1           1240.1695     3991.1400    -2750.9705
       249.0199                 33.2764             306.7           1209.5764     3987.7200    -2778.1436
       249.0713                 33.2833             313.8           1207.3934     4054.3200    -2846.9266
       249.1226                 33.2902             308.9           1244.4229     4008.2400    -2763.8171
       249.1740                 33.2971             303.6           1163.1928     3958.3800    -2795.1872
       249.2254                 33.3041             294.7           1235.7426     3874.1400    -2638.3974
       249.2500                 33.3074             301.4           1266.1291     3938.0400    -2671.9109
       249.3014                 33.3143             289.6           1129.5826     3826.6200    -2697.0374
       249.3529                 33.3212             307.9           1358.0313     3998.7000    -2640.6687
       249.4042                 33.3282             307.0           1320.0824     3990.7800    -2670.6976
       249.4556                 33.3351             316.9           1460.6099     4084.0200    -2623.4101
       249.5070                 33.3420             321.2           1377.0857     4125.0600    -2747.9743
       249.5585                 33.3490             323.7           1444.8262     4147.9200    -2703.0938
       249.6097                 33.3559             308.1           1297.4116     4001.0400    -2703.6284
       249.6611                 33.3628             321.3           1462.2699     4125.9600    -2663.6901
       249.7126                 33.3697             323.6           1330.1443     4146.8400    -2816.6957
       249.7642                 33.3767             302.0           1251.4068     3943.2600    -2691.8532
       249.8156                 33.3836             295.9           1109.7212     3885.6600    -2775.9388
       249.8670                 33.3905             316.6           1279.4267     4081.1400    -2801.7133
       249.9185                 33.3975             311.1           1284.8658     4029.4800    -2744.6142
       249.9700                 33.4044             315.1           1378.0933     4066.7400    -2688.6467
       250.0214                 33.4113             312.7           1449.2205     4044.0600    -2594.8395
       250.0728                 33.4182             304.2           1211.1184     3963.7800    -2752.6616
       250.1242                 33.4252             313.0           1354.2421     4047.6600    -2693.4179
       250.1756                 33.4321             293.3           1206.4339     3861.7200    -2655.2861
       250.2270                 33.4390             304.1           1392.8884     3963.2400    -2570.3516
       250.2500                 33.4421             309.4           1494.3799     4013.2800    -2518.9001
       250.3014                 33.4490             308.2           1398.6572     4001.5800    -2602.9228
       250.3530                 33.4560             303.4           1281.2878     3956.9400    -2675.6522
       250.4045                 33.4629             310.1           1421.7233     4019.4000    -2597.6767
       250.4558                 33.4698             309.9           1263.4841     4017.9600    -2754.4759
       250.5072                 33.4767             293.9           1097.1540     3866.5800    -2769.4260
       250.5587                 33.4837             302.1            999.1569     3943.9800    -2944.8231
       250.6102                 33.4906             299.2           1064.4019     3916.9800    -2852.5781
       250.6616                 33.4975             297.8            971.0488     3903.6600    -2932.6112
       250.7130                 33.5045             296.4           1118.6130     3890.5200    -2771.9070
       250.7644                 33.5114             327.1           1338.5387     4179.9600    -2841.4213
       250.8159                 33.5183             299.4           1065.6420     3918.9600    -2853.3180
       250.8674                 33.5252             304.1            978.3974     3963.6000    -2985.2026
       250.9187                 33.5322             305.4           1069.6131     3975.6600    -2906.0469
       250.9701                 33.5391             308.3           1159.9475     4003.0200    -2843.0725
       251.0215                 33.5460             301.9           1115.1767     3942.1800    -2827.0033
       251.0728                 33.5530             308.4           1352.0722     4003.7400    -2651.6678
       251.1244                 33.5599             310.6           1132.2567     4024.4400    -2892.1833
       251.1758                 33.5668             301.8           1254.2558     3941.2800    -2687.0242
       251.2274                 33.5737             310.7           1281.9303     4025.5200    -2743.5897
       251.2500                 33.5768             321.1           1264.2957     4123.9800    -2859.6843
       251.3014                 33.5837             294.9           1147.9097     3876.3000    -2728.3903
       251.3528                 33.5906             313.4           1351.7036     4050.9000    -2699.1964
       251.4042                 33.5976             304.8           1160.6496     3970.2600    -2809.6104
       251.4558                 33.6045             329.9           1527.4784     4206.2400    -2678.7616
       251.5073                 33.6114             312.9           1147.4115     4046.2200    -2898.8085
       251.5587                 33.6183             291.7           1059.8206     3846.0600    -2786.2394
       251.6102                 33.6253             295.3           1120.5661     3880.4400    -2759.8739
       251.6616                 33.6322             324.9           1402.0179     4159.9800    -2757.9621
       251.7130                 33.6391             298.9           1200.2253     3914.1000    -2713.8747
       251.7642                 33.6461             310.2           1430.9439     4020.8400    -2589.8961
       251.8158                 33.6530             291.5           1260.5323     3844.4400    -2583.9077
       251.8674                 33.6599             314.7           1668.8630     4062.9600    -2394.0970
       251.9188                 33.6668             310.1           1391.8944     4019.7600    -2627.8656
       251.9704                 33.6738             311.5           1352.5959     4033.0800    -2680.4841
       252.0219                 33.6807             310.0           1487.5854     4018.8600    -2531.2746
       252.0734                 33.6876             311.4           1530.0359     4031.8200    -2501.7841
       252.1250                 33.6945             300.1           1350.6069     3925.4400    -2574.8331
       252.1765                 33.7015             316.8           1484.4428     4082.9400    -2598.4972
       252.2278                 33.7084             317.7           1304.1053     4091.7600    -2787.6547
       252.2500                 33.7114             313.9           1386.1193     4055.4000    -2669.2807
       252.3013                 33.7183             321.0           1490.9488     4122.9000    -2631.9512
       252.3527                 33.7253             311.7           1659.0005     4035.2400    -2376.2395
       252.4041                 33.7322             304.6           1311.9826     3968.2800    -2656.2974
       252.4554                 33.7391             303.4           1375.7492     3956.4000    -2580.6508
       252.5069                 33.7461             297.6           1343.0860     3902.2200    -2559.1340
       252.5585                 33.7530             320.0           1375.3206     4113.0000    -2737.6794
       252.6098                 33.7599             303.0           1375.1230     3952.6200    -2577.4970
       252.6614                 33.7668             294.0           1225.2591     3867.6600    -2642.4009
       252.7129                 33.7738             296.0           1186.2371     3886.7400    -2700.5029
       252.7643                 33.7807             318.2           1370.0460     4096.6200    -2726.5740
       252.8157                 33.7876             307.9           1246.3304     3999.0600    -2752.7296
       252.8672                 33.7945             298.2           1257.1368     3907.4400    -2650.3032
       252.9185                 33.8015             314.3           1438.1422     4059.3600    -2621.2178
       252.9699                 33.8084             316.1           1485.6489     4076.4600    -2590.8111
       253.0214                 33.8153             303.6           1463.5902     3958.5600    -2494.9698
       253.0729                 33.8223             301.2           1305.7986     3936.2400    -2630.4414
       253.1245                 33.8292             309.6           1467.0539     4015.0800    -2548.0261
       253.1759                 33.8361             301.0           1316.0770     3934.0800    -2618.0030
       253.2274                 33.8430             305.5           1435.7874     3976.5600    -2540.7726
       253.2500                 33.8461             305.1           1587.6827     3972.4200    -2384.7373
       253.3015                 33.8530             303.2           1459.6436     3954.2400    -2494.5964
       253.3532                 33.8599             333.4           1904.0552     4239.7200    -2335.6648
       253.4046                 33.8669             298.6           1267.2334     3911.4000    -2644.1666
       253.4562                 33.8738             293.1           1162.3987     3859.5600    -2697.1613
       253.5076                 33.8807             309.0           1337.6908     4009.5000    -2671.8092
       253.5591                 33.8876             293.6           1197.5661     3863.8800    -2666.3139
       253.6105                 33.8946             322.0           1331.9288     4132.0800    -2800.1512
       253.6621                 33.9015             308.9           1152.3463     4008.4200    -2856.0737
       253.7137                 33.9084             310.3           1340.2004     4021.7400    -2681.5396
       253.7651                 33.9154             305.5           1279.5170     3976.3800    -2696.8630
       253.8165                 33.9223             298.8           1166.4243     3913.0200    -2746.5957
       253.8681                 33.9292             298.0           1106.9193     3905.4600    -2798.5407
       253.9195                 33.9361             300.0           1179.1979     3924.1800    -2744.9821
       253.9709                 33.9431             304.0           1195.5036     3961.9800    -2766.4764
       254.0223                 33.9500             299.8           1154.6763     3922.7400    -2768.0637
       254.0737                 33.9569             302.1           1352.1161     3944.1600    -2592.0439
       254.1253                 33.9639             302.3           1073.5497     3945.7800    -2872.2303
       254.1768                 33.9708             302.0           1335.8120     3943.6200    -2607.8080
       254.2284                 33.9777             298.4           1382.1179     3909.6000    -2527.4821
       254.2500                 33.9806             305.0           1377.8733     3971.8800    -2594.0067
       254.3015                 33.9875             309.2           1349.2324     4011.1200    -2661.8876
       254.3530                 33.9945             301.1           1301.9247     3935.3400    -2633.4153
       254.4046                 34.0014             314.0           1513.5950     4056.4800    -2542.8850
       254.4563                 34.0083             313.0           1213.4167     4046.7600    -2833.3433
       254.5077                 34.0153             299.7           1196.1127     3922.0200    -2725.9073
       254.5591                 34.0222             311.2           1381.6088     4030.2000    -2648.5912
       254.6104                 34.0291             307.8           1217.1968     3998.5200    -2781.3232
       254.6619                 34.0360             296.5           1275.5406     3891.0600    -2615.5194
       254.7134                 34.0430             326.1           1548.4863     4170.6000    -2622.1137
       254.7648                 34.0499             304.2           1428.6566     3963.9600    -2535.3034
       254.8161                 34.0568             292.1           1359.6964     3849.6600    -2489.9636
       254.8676                 34.0637             309.8           1325.7002     4016.8800    -2691.1798
       254.9190                 34.0707             295.6           1299.1662     3883.3200    -2584.1538
       254.9704                 34.0776             321.4           1414.8752     4126.3200    -2711.4448
       255.0219                 34.0845             319.7           1432.0698     4110.6600    -2678.5902
       255.0732                 34.0915             319.1           1442.8237     4104.3600    -2661.5363
       255.1247                 34.0984             316.6           1730.9326     4081.1400    -2350.2074
       255.1762                 34.1053             319.2           1458.8246     4105.9800    -2647.1554
       255.2279                 34.1122             329.6           1634.1507     4204.0800    -2569.9293
       255.2500                 34.1152             308.3           1451.4974     4002.8400    -2551.3426
       255.3013                 34.1221             300.6           1395.5735     3930.4800    -2534.9065
       255.3528                 34.1291             297.6           1242.8064     3901.5000    -2658.6936
       255.4044                 34.1360             304.6           1276.4038     3968.1000    -2691.6962
       255.4558                 34.1429             310.7           1220.6268     4025.1600    -2804.5332
       255.5072                 34.1499             316.7           1309.4734     4081.6800    -2772.2066
       255.5587                 34.1568             321.2           1454.4015     4124.7000    -2670.2985
       255.6102                 34.1637             297.6           1332.0029     3902.2200    -2570.2171
       255.6615                 34.1706             292.1           1279.0940     3849.4800    -2570.3860
       255.7129                 34.1776             304.2           1263.4358     3963.7800    -2700.3442
       255.7643                 34.1845             296.7           1265.1485     3893.5800    -2628.4315
       255.8158                 34.1914             306.9           1340.1952     3989.1600    -2648.9648
       255.8673                 34.1983             297.4           1341.1118     3899.8800    -2558.7682
       255.9188                 34.2053             315.6           1422.2355     4071.7800    -2649.5445
       255.9703                 34.2122             311.0           1322.6052     4028.0400    -2705.4348
       256.0218                 34.2191             308.5           1229.6694     4004.8200    -2775.1506
       256.0733                 34.2261             325.7           1528.9617     4167.3600    -2638.3983
       256.1248                 34.2330             299.4           1222.2667     3918.6000    -2696.3333
       256.1762                 34.2399             303.9           1323.4744     3961.0800    -2637.6056
       256.2275                 34.2468             339.6           1443.1985     4298.5800    -2855.3815
       256.2500                 34.2499             321.8           1290.7495     4130.1000    -2839.3505
       256.3015                 34.2568             314.2           1403.8415     4058.4600    -2654.6185
       256.3530                 34.2637             296.1           1069.9198     3887.4600    -2817.5402
       256.4045                 34.2706             313.3           1208.6456     4049.8200    -2841.1744
       256.4559                 34.2776             291.6            908.3479     3844.8000    -2936.4521
       256.5073                 34.2845             313.4           1250.2637     4050.7200    -2800.4563
       256.5587                 34.2914             318.4           1337.7114     4098.6000    -2760.8886
       256.6103                 34.2983             303.9           1332.5696     3961.6200    -2629.0504
       256.6618                 34.3053             307.5           1210.2422     3995.6400    -2785.3978
       256.7133                 34.3122             302.6           1036.4776     3949.2000    -2912.7224
       256.7647                 34.3191             303.0           1194.0525     3952.8000    -2758.7475
       256.8162                 34.3261             286.3            960.2460     3795.1200    -2834.8740
       256.8677                 34.3330             292.7           1045.8646     3855.2400    -2809.3754
       256.9192                 34.3399             306.4           1477.1241     3985.2000    -2508.0759
       256.9706                 34.3468             305.5           1245.7582     3976.0200    -2730.2618
       257.0220                 34.3538             317.6           1357.0974     4090.3200    -2733.2226
       257.0735                 34.3607             303.7           1231.1573     3959.2800    -2728.1227
       257.1249                 34.3676             302.7           1416.2149     3950.1000    -2533.8851
       257.1763                 34.3745             323.0           1351.3903     4141.8000    -2790.4097
       257.2276                 34.3815             310.5           1245.5056     4023.9000    -2778.3944
       257.2500                 34.3845             316.8           1228.2492     4083.4800    -2855.2308
       257.3014                 34.3914             300.2           1221.0839     3926.5200    -2705.4361
       257.3529                 34.3983             311.9           1223.9000     4036.5000    -2812.6000
       257.4043                 34.4053             331.5           1494.3282     4221.9000    -2727.5718
       257.4558                 34.4122             303.9           1292.1368     3961.0800    -2668.9432
       257.5073                 34.4191             309.3           1314.8584     4012.3800    -2697.5216
       257.5588                 34.4261             300.6           1206.9441     3930.3000    -2723.3559
       257.6102                 34.4330             316.7           1340.4030     4081.6800    -2741.2770
       257.6617                 34.4399             325.3           1498.8170     4163.5800    -2664.7630
       257.7131                 34.4468             294.6           1308.5778     3873.4200    -2564.8422
       257.7647                 34.4538             303.9           1114.7771     3961.4400    -2846.6629
       257.8162                 34.4607             311.7           1433.8953     4034.7000    -2600.8047
       257.8676                 34.4676             312.9           1320.7391     4046.2200    -2725.4809
       257.9191                 34.4745             316.8           1431.7249     4083.4800    -2651.7551
       257.9705                 34.4815             308.9           1310.5925     4008.6000    -2698.0075
       258.0220                 34.4884             297.6            992.6230     3902.2200    -2909.5970
       258.0735                 34.4953             307.8           1101.2901     3997.9800    -2896.6899
       258.1251                 34.5023             316.8           1453.2017     4083.3000    -2630.0983
       258.1765                 34.5092             310.6           1335.6303     4024.9800    -2689.3497
       258.2278                 34.5161             313.8           1522.1254     4054.3200    -2532.1946
       258.2500                 34.5191             331.1           1635.3025     4217.9400    -2582.6375
       258.3014                 34.5260             290.9           1394.4922     3838.6800    -2444.1878
       258.3526                 34.5330             302.6           1303.5711     3948.6600    -2645.0889
       258.4040                 34.5399             316.3           1428.2541     4078.6200    -2650.3659
       258.4554                 34.5468             313.0           1441.6718     4046.9400    -2605.2682
       258.5069                 34.5537             316.0           1498.7457     4075.3800    -2576.6343
       258.5585                 34.5607             299.2           1386.2008     3916.8000    -2530.5992
       258.6100                 34.5676             325.8           1667.8571     4167.9000    -2500.0429
       258.6615                 34.5745             308.6           1513.0712     4005.5400    -2492.4688
       258.7129                 34.5814             307.8           1382.6965     3998.1600    -2615.4635
       258.7644                 34.5884             305.8           1387.9714     3979.2600    -2591.2886
       258.8158                 34.5953             309.8           1622.8179     4016.8800    -2394.0621
       258.8674                 34.6022             284.6           1276.1526     3779.2800    -2503.1274
       258.9188                 34.6092             323.4           1752.1653     4145.5800    -2393.4147
       258.9702                 34.6161             302.1           1610.4919     3944.1600    -2333.6681
       259.0217                 34.6230             312.8           1664.8043     4045.5000    -2380.6957
       259.0732                 34.6299             297.9           1261.6639     3904.2000    -2642.5361
       259.1248                 34.6369             299.0           1273.8841     3915.3600    -2641.4759
       259.1763                 34.6438             324.6           1609.2639     4156.3800    -2547.1161
       259.2278                 34.6507             302.0           1419.1146     3943.0800    -2523.9654
       259.2500                 34.6537             301.8           1356.7223     3941.4600    -2584.7377
       259.3015                 34.6606             315.4           1518.1552     4069.9800    -2551.8248
       259.3530                 34.6676             311.5           1403.5746     4033.2600    -2629.6854
       259.4044                 34.6745             293.6           1434.7777     3863.7000    -2428.9223
       259.4558                 34.6814             294.1           1348.4717     3868.9200    -2520.4483
       259.5074                 34.6883             292.5           1333.0158     3853.2600    -2520.2442
       259.5590                 34.6953             311.7           1584.6638     4034.7000    -2450.0362
       259.6107                 34.7022             307.6           1570.8527     3996.3600    -2425.5073
       259.6622                 34.7091             318.2           1596.4487     4096.6200    -2500.1713
       259.7138                 34.7160             310.0           1563.7169     4018.8600    -2455.1431
       259.7652                 34.7230             304.2           1623.0089     3964.3200    -2341.3111
       259.8167                 34.7299             281.0           1500.6924     3745.4400    -2244.7476
       259.8682                 34.7368             303.5           1469.7569     3957.8400    -2488.0831
       259.9196                 34.7438             300.1           1419.9923     3925.0800    -2505.0877
       259.9710                 34.7507             300.0           1480.5801     3924.3600    -2443.7799
       260.0224                 34.7576             292.3           1416.6373     3851.4600    -2434.8227
       260.0739                 34.7645             303.8           1373.0425     3960.5400    -2587.4975
       260.1255                 34.7715             302.0           1474.0867     3943.8000    -2469.7133
       260.1770                 34.7784             301.0           1410.0814     3933.9000    -2523.8186
       260.2286                 34.7853             320.9           1510.7531     4121.6400    -2610.8869
       260.2500                 34.7882             292.8           1278.6909     3856.5000    -2577.8091
       260.3014                 34.7951             331.2           1729.7014     4218.8400    -2489.1386
       260.3528                 34.8021             314.7           1536.0619     4063.5000    -2527.4381
       260.4043                 34.8090             315.8           1546.1700     4073.9400    -2527.7700
       260.4558                 34.8159             324.6           1773.3650     4156.5600    -2383.1950
       260.5073                 34.8228             330.6           1649.2360     4213.2600    -2564.0240
       260.5589                 34.8298             313.5           1535.1444     4051.9800    -2516.8356
       260.6104                 34.8367             311.8           1527.3730     4035.4200    -2508.0470
       260.6618                 34.8436             306.7           1509.2831     3987.7200    -2478.4369
       260.7131                 34.8506             320.2           1701.0214     4115.3400    -2414.3186
       260.7646                 34.8575             299.1           1455.6287     3916.4400    -2460.8113
       260.8160                 34.8644             322.1           1587.7533     4132.6200    -2544.8667
       260.8675                 34.8713             294.8           1452.6527     3875.7600    -2423.1073
       260.9190                 34.8783             307.7           1528.0097     3997.2600    -2469.2503
       260.9703                 34.8852             304.7           1333.4215     3969.1800    -2635.7585
       261.0217                 34.8921             293.1           1195.4566     3859.5600    -2664.1034
       261.0731                 34.8990             307.1           1361.8123     3991.5000    -2629.6877
       261.1245                 34.9060             300.4           1327.1327     3927.9600    -2600.8273
       261.1759                 34.9129             302.7           1398.6628     3950.1000    -2551.4372
       261.2272                 34.9198             306.6           1453.8780     3986.6400    -2532.7620
       261.2500                 34.9229             315.1           1570.0266     4066.7400    -2496.7134
       261.3014                 34.9298             303.0           1444.0272     3953.1600    -2509.1328
       261.3529                 34.9367             305.3           1412.9016     3974.4000    -2561.4984
       261.4043                 34.9437             313.6           1442.3015     4052.7000    -2610.3985
       261.4556                 34.9506             307.1           1398.1378     3991.5000    -2593.3622
       261.5070                 34.9575             323.5           1715.9129     4146.3000    -2430.3871
       261.5584                 34.9645             312.7           1620.5937     4044.2400    -2423.6463
       261.6100                 34.9714             312.1           1480.2427     4039.0200    -2558.7773
       261.6615                 34.9783             308.5           1532.2451     4005.1800    -2472.9349
       261.7129                 34.9852             313.1           1645.1106     4048.5600    -2403.4494
       261.7645                 34.9922             319.8           1610.8248     4111.2000    -2500.3752
       261.8160                 34.9991             313.9           1696.8918     4055.9400    -2359.0482
       261.8674                 35.0060             301.0           1372.6748     3934.2600    -2561.5852
       261.9189                 35.0130             297.5           1455.1328     3900.9600    -2445.8272
       261.9704                 35.0199             321.7           1769.1213     4129.7400    -2360.6187
       262.0218                 35.0268             320.4           1607.5359     4116.6000    -2509.0641
       262.0735                 35.0337             292.7           1506.3275     3855.9600    -2349.6325
       262.1250                 35.0407             332.8           1852.9506     4234.3200    -2381.3694
       262.1766                 35.0476             308.5           1587.9182     4004.2800    -2416.3618
       262.2280                 35.0545             290.9           1516.9779     3838.5000    -2321.5221
       262.2500                 35.0575             296.8           1490.0708     3893.9400    -2403.8692
       262.3014                 35.0644             322.1           1794.8883     4132.8000    -2337.9117
       262.3528                 35.0713             319.9           1722.9447     4112.4600    -2389.5153
       262.4043                 35.0783             325.9           1805.6838     4168.6200    -2362.9362
       262.4558                 35.0852             313.0           1734.5570     4047.6600    -2313.1030
       262.5073                 35.0921             311.5           1642.2932     4033.2600    -2390.9668
       262.5587                 35.0990             315.9           1651.0634     4074.6600    -2423.5966
       262.6101                 35.1060             323.7           1847.2521     4148.2800    -2301.0279
       262.6614                 35.1129             306.3           1584.2991     3984.3000    -2400.0009
       262.7128                 35.1198             308.8           1519.1246     4007.8800    -2488.7554
       262.7641                 35.1268             303.2           1579.0730     3954.7800    -2375.7070
       262.8155                 35.1337             329.6           1703.2028     4204.0800    -2500.8772
       262.8669                 35.1406             316.1           1689.6845     4076.6400    -2386.9555
       262.9183                 35.1475             308.2           1444.0949     4002.1200    -2558.0251
       262.9698                 35.1545             308.9           1560.1696     4008.4200    -2448.2504
       263.0212                 35.1614             299.5           1477.3767     3919.8600    -2442.4833
       263.0727                 35.1683             315.4           1801.7355     4069.8000    -2268.0645
       263.1239                 35.1753             294.2           1511.3323     3869.8200    -2358.4877
       263.1753                 35.1822             315.0           1714.1899     4065.8400    -2351.6501
       263.2269                 35.1891             310.3           1596.5078     4021.5600    -2425.0522
       263.2500                 35.1922             305.5           1611.3784     3976.0200    -2364.6416
       263.3014                 35.1992             308.6           1428.3007     4005.5400    -2577.2393
       263.3528                 35.2061             298.6           1363.6675     3911.0400    -2547.3725
       263.4042                 35.2130             293.7           1432.9219     3865.3200    -2432.3981
       263.4557                 35.2199             297.5           1565.0272     3900.6000    -2335.5728
       263.5072                 35.2269             315.2           1764.9912     4068.1800    -2303.1888
       263.5585                 35.2338             314.0           1667.6037     4056.6600    -2389.0563
       263.6099                 35.2407             300.3           1427.6234     3926.8800    -2499.2566
       263.6614                 35.2477             315.5           1453.3138     4071.2400    -2617.9262
       263.7127                 35.2546             311.8           1579.9656     4035.9600    -2455.9944
       263.7641                 35.2615             296.9           1502.2113     3895.5600    -2393.3487
       263.8155                 35.2684             297.9           1557.1153     3904.5600    -2347.4447
       263.8669                 35.2754             310.5           1727.0156     4023.7200    -2296.7044
       263.9185                 35.2823             304.1           1588.7159     3963.0600    -2374.3441
       263.9700                 35.2892             320.4           1678.0318     4116.7800    -2438.7482
       264.0213                 35.2961             299.8           1564.9845     3922.2000    -2357.2155
       264.0727                 35.3031             334.6           1826.5619     4251.0600    -2424.4981
       264.1241                 35.3100             307.5           1584.4018     3994.9200    -2410.5182
       264.1754                 35.3169             319.6           1645.0935     4109.0400    -2463.9465
       264.2268                 35.3239             320.2           1693.6740     4115.3400    -2421.6660
       264.2500                 35.3270             305.1           1588.5895     3972.9600    -2384.3705
       264.3015                 35.3339             327.1           1808.3217     4180.6800    -2372.3583
       264.3531                 35.3408             298.9           1434.3482     3913.7400    -2479.3918
       264.4046                 35.3478             307.5           1423.2120     3995.1000    -2571.8880
       264.4561                 35.3547             335.2           1782.4383     4256.8200    -2474.3817
       264.5076                 35.3616             304.1           1371.4221     3963.2400    -2591.8179
       264.5590                 35.3685             301.8           1387.0595     3941.2800    -2554.2205
       264.6106                 35.3755             318.7           1542.4520     4101.3000    -2558.8480
       264.6620                 35.3824             318.7           1506.6980     4100.5800    -2593.8820
       264.7135                 35.3893             315.9           1472.7180     4074.6600    -2601.9420
       264.7650                 35.3963             304.6           1648.8680     3967.5600    -2318.6920
       264.8165                 35.4032             311.0           1636.2925     4028.0400    -2391.7475
       264.8680                 35.4101             318.2           1567.1595     4096.6200    -2529.4605
       264.9195                 35.4170             311.7           1567.0938     4034.8800    -2467.7862
       264.9710                 35.4240             311.3           1631.0154     4031.4600    -2400.4446
       265.0224                 35.4309             308.8           1721.6832     4007.3400    -2285.6568
       265.0738                 35.4378             298.3           1305.7476     3908.1600    -2602.4124
       265.1254                 35.4447             297.2           1422.8193     3898.4400    -2475.6207
       265.1767                 35.4517             305.1           1578.8792     3972.6000    -2393.7208
       265.2281                 35.4586             297.5           1531.1207     3901.3200    -2370.1993
       265.2500                 35.4615             309.9           1547.6001     4018.3200    -2470.7199
       265.3014                 35.4685             298.5           1607.4159     3910.3200    -2302.9041
       265.3528                 35.4754             318.8           1831.2548     4102.3800    -2271.1252
       265.4042                 35.4823             327.4           1731.1011     4182.6600    -2451.5589
       265.4559                 35.4893             314.3           1508.7572     4059.7200    -2550.9628
       265.5074                 35.4962             306.6           1515.0632     3986.4600    -2471.3968
       265.5590                 35.5031             310.7           1446.5918     4025.7000    -2579.1082
       265.6105                 35.5100             304.9           1345.7124     3970.6200    -2624.9076
       265.6621                 35.5170             304.5           1584.7870     3967.2000    -2382.4130
       265.7134                 35.5239             299.1           1428.9692     3915.9000    -2486.9308
       265.7648                 35.5308             317.6           1684.6957     4090.5000    -2405.8043
       265.8162                 35.5378             326.8           1818.6584     4177.8000    -2359.1416
       265.8676                 35.5447             311.5           1651.5768     4032.7200    -2381.1432
       265.9190                 35.5516             302.2           1519.5683     3945.6000    -2426.0317
       265.9705                 35.5585             307.0           1611.5007     3990.6000    -2379.0993
       266.0219                 35.5655             323.1           1711.8614     4142.1600    -2430.2986
       266.0734                 35.5724             327.2           1804.5758     4181.4000    -2376.8242
       266.1248                 35.5793             299.5           1476.3992     3920.0400    -2443.6408
       266.1761                 35.5862             303.3           1607.8736     3955.8600    -2347.9864
       266.2276                 35.5932             308.1           1479.7140     4001.4000    -2521.6860
       266.2500                 35.5962             295.1           1270.5978     3878.2800    -2607.6822
       266.3015                 35.6031             292.5           1361.3013     3853.8000    -2492.4987
       266.3529                 35.6100             302.5           1571.3884     3947.9400    -2376.5516
       266.4044                 35.6170             296.6           1598.4718     3892.3200    -2293.8482
       266.4559                 35.6239             293.5           1503.6272     3863.3400    -2359.7128
       266.5073                 35.6308             313.2           1670.4284     4049.2800    -2378.8516
       266.5588                 35.6378             303.9           1500.8377     3961.6200    -2460.7823
       266.6102                 35.6447             328.2           1878.1754     4190.2200    -2312.0446
       266.6615                 35.6516             294.7           1550.2530     3874.1400    -2323.8870
       266.7130                 35.6585             307.4           1703.0351     3994.3800    -2291.3449
       266.7644                 35.6655             303.2           1619.8474     3954.9600    -2335.1126
       266.8159                 35.6724             303.8           1727.1297     3960.3600    -2233.2303
       266.8672                 35.6793             301.8           1621.0587     3941.6400    -2320.5813
       266.9187                 35.6862             306.5           1568.3400     3986.1000    -2417.7600
       266.9700                 35.6932             303.8           1503.8091     3960.1800    -2456.3709
       267.0214                 35.7001             339.3           1880.8440     4294.9800    -2414.1360
       267.0728                 35.7070             292.9           1311.4446     3857.4000    -2545.9554
       267.1243                 35.7140             310.2           1578.6501     4020.6600    -2442.0099
       267.1759                 35.7209             314.5           1745.4385     4061.7000    -2316.2615
       267.2274                 35.7278             292.6           1466.0337     3854.8800    -2388.8463
       267.2500                 35.7309             329.6           1817.7164     4203.9000    -2386.1836
       267.3015                 35.7378             292.0           1268.1822     3849.1200    -2580.9378
       267.3531                 35.7447             307.7           1683.8406     3997.0800    -2313.2394
       267.4045                 35.7517             317.1           1611.7678     4085.4600    -2473.6922
       267.4560                 35.7586             301.1           1393.7712     3934.9800    -2541.2088
       267.5074                 35.7655             292.0           1206.6079     3848.5800    -2641.9721
       267.5590                 35.7724             309.3           1655.1042     4012.0200    -2356.9158
       267.6105                 35.7794             316.2           1889.3494     4077.1800    -2187.8306
       267.6620                 35.7863             310.4           1594.0615     4022.2800    -2428.2185
       267.7132                 35.7932             300.9           1530.1346     3933.0000    -2402.8654
       267.7647                 35.8001             310.6           1743.0513     4024.6200    -2281.5687
       267.8161                 35.8071             298.5           1487.5721     3910.1400    -2422.5679
       267.8675                 35.8140             300.3           1535.6968     3927.7800    -2392.0832
       267.9191                 35.8209             303.9           1378.0305     3961.0800    -2583.0495
       267.9704                 35.8279             323.9           1551.7349     4149.9000    -2598.1651
       268.0220                 35.8348             295.2           1430.2485     3879.0000    -2448.7515
       268.0734                 35.8417             316.1           1690.8376     4076.1000    -2385.2624
       268.1247                 35.8486             285.4           1286.4651     3786.6600    -2500.1949
       268.1762                 35.8556             316.4           1663.2984     4079.1600    -2415.8616
       268.2277                 35.8625             292.5           1485.7433     3853.4400    -2367.6967
       268.2500                 35.8655             305.6           1620.2884     3977.2800    -2356.9916
       268.3014                 35.8724             311.4           1509.4433     4031.8200    -2522.3767
       268.3530                 35.8794             311.8           1553.5378     4035.9600    -2482.4222
       268.4044                 35.8863             297.4           1407.5463     3899.5200    -2491.9737
       268.4559                 35.8932             285.5           1377.5007     3788.1000    -2410.5993
       268.5074                 35.9001             320.4           1750.3906     4116.6000    -2366.2094
       268.5589                 35.9071             301.6           1410.1712     3939.3000    -2529.1288
       268.6103                 35.9140             297.7           1445.6239     3902.7600    -2457.1361
       268.6617                 35.9209             316.8           1644.2804     4082.7600    -2438.4796
       268.7132                 35.9278             306.9           1614.6668     3989.3400    -2374.6732
       268.7647                 35.9348             297.6           1359.2084     3901.8600    -2542.6516
       268.8161                 35.9417             291.8           1279.6153     3847.3200    -2567.7047
       268.8677                 35.9486             318.2           1565.7451     4096.6200    -2530.8749
       268.9193                 35.9556             300.7           1417.4478     3930.8400    -2513.3922
       268.9708                 35.9625             319.0           1601.6121     4104.0000    -2502.3879
       269.0223                 35.9694             318.8           1600.1078     4101.4800    -2501.3722
       269.0739                 35.9763             300.9           1399.9695     3932.6400    -2532.6705
       269.1252                 35.9833             297.9           1462.8307     3904.2000    -2441.3693
       269.1767                 35.9902             305.2           1654.5556     3973.8600    -2319.3044
       269.2282                 35.9971             300.1           1515.7380     3925.0800    -2409.3420
       269.2500                 36.0001             306.4           1547.7612     3984.4800    -2436.7188
       269.3014                 36.0070             300.3           1510.9053     3926.8800    -2415.9747
       269.3530                 36.0139             299.4           1444.3050     3918.9600    -2474.6550
       269.4045                 36.0208             300.8           1449.8726     3932.2800    -2482.4074
       269.4560                 36.0278             288.2           1436.9567     3813.4800    -2376.5233
       269.5073                 36.0347             304.5           1515.9397     3966.6600    -2450.7203
       269.5588                 36.0416             299.1           1293.6102     3915.5400    -2621.9298
       269.6104                 36.0486             300.4           1514.1144     3928.1400    -2414.0256
       269.6619                 36.0555             312.1           1550.7009     4038.6600    -2487.9591
       269.7133                 36.0624             306.2           1486.8101     3983.0400    -2496.2299
       269.7649                 36.0693             303.5           1707.3070     3957.6600    -2250.3530
       269.8163                 36.0763             299.8           1525.4699     3922.3800    -2396.9101
       269.8677                 36.0832             301.6           1545.0824     3939.1200    -2394.0376
       269.9192                 36.0901             309.4           1716.1016     4013.1000    -2296.9984
       269.9707                 36.0970             293.3           1438.4611     3861.5400    -2423.0789
       270.0222                 36.1040             305.6           1470.2647     3977.1000    -2506.8353
       270.0735                 36.1109             318.0           1624.9325     4094.4600    -2469.5275
       270.1250                 36.1178             309.5           1420.8629     4014.5400    -2593.6771
       270.1766                 36.1248             313.3           1510.1201     4050.1800    -2540.0599
       270.2281                 36.1317             300.0           1703.0449     3924.5400    -2221.4951
       270.2500                 36.1346             297.3           1401.4014     3898.8000    -2497.3986
       270.3014                 36.1416             289.5           1435.0085     3825.5400    -2390.5315
       270.3527                 36.1485             307.2           1398.3195     3992.4000    -2594.0805
       270.4042                 36.1554             318.4           1634.7530     4097.7000    -2462.9470
       270.4555                 36.1623             304.5           1435.4495     3967.2000    -2531.7505
       270.5070                 36.1693             316.2           1615.4752     4077.5400    -2462.0648
       270.5584                 36.1762             310.2           1627.8740     4020.3000    -2392.4260
       270.6098                 36.1831             314.7           1637.6375     4063.6800    -2426.0425
       270.6614                 36.1901             308.7           1651.0454     4006.2600    -2355.2146
       270.7127                 36.1970             322.0           1660.2288     4131.7200    -2471.4912
       270.7642                 36.2039             313.6           1634.3283     4052.8800    -2418.5517
       270.8158                 36.2108             292.1           1426.8882     3849.4800    -2422.5918
       270.8672                 36.2178             302.6           1485.4081     3949.3800    -2463.9719
       270.9185                 36.2247             309.1           1657.7376     4010.2200    -2352.4824
       270.9700                 36.2316             314.3           1716.1960     4059.7200    -2343.5240
       271.0214                 36.2386             315.0           1488.8387     4066.2000    -2577.3613
       271.0729                 36.2455             288.5           1539.2454     3816.0000    -2276.7546
       271.1244                 36.2524             300.8           1593.4559     3932.2800    -2338.8241
       271.1759                 36.2593             316.8           1725.1135     4082.9400    -2357.8265
       271.2272                 36.2663             289.9           1488.2265     3828.7800    -2340.5535
       271.2500                 36.2693             319.5           1748.4457     4108.6800    -2360.2343
       271.3014                 36.2763             299.1           1387.0698     3915.9000    -2528.8302
       271.3529                 36.2832             307.0           1621.9567     3990.9600    -2369.0033
       271.4044                 36.2901             316.6           1612.5530     4081.5000    -2468.9470
       271.4557                 36.2970             309.2           1661.1427     4011.3000    -2350.1573
       271.5072                 36.3040             294.7           1538.1008     3874.6800    -2336.5792
       271.5587                 36.3109             314.9           1707.2153     4064.7600    -2357.5447
       271.6101                 36.3178             304.5           1587.8399     3967.0200    -2379.1801
       271.6614                 36.3248             302.3           1622.0652     3946.5000    -2324.4348
       271.7129                 36.3317             307.7           1531.7487     3996.7200    -2464.9713
       271.7643                 36.3386             326.1           1628.2113     4170.6000    -2542.3887
       271.8156                 36.3455             307.5           1459.4376     3995.1000    -2535.6624
       271.8671                 36.3525             310.1           1588.3922     4019.4000    -2431.0078
       271.9184                 36.3594             308.5           1445.0275     4004.4600    -2559.4325
       271.9699                 36.3663             312.2           1511.9736     4039.5600    -2527.5864
       272.0213                 36.3732             303.9           1474.7554     3961.0800    -2486.3246
       272.0727                 36.3802             305.7           1480.1413     3978.5400    -2498.3987
       272.1241                 36.3871             311.9           1617.3371     4037.0400    -2419.7029
       272.1755                 36.3940             318.9           1603.0761     4102.7400    -2499.6639
       272.2269                 36.4010             291.3           1298.6826     3842.4600    -2543.7774
       272.2500                 36.4041             308.5           1520.3113     4005.0000    -2484.6887
       272.3015                 36.4110             317.4           1630.2125     4088.8800    -2458.6675
       272.3530                 36.4179             322.4           1618.6941     4136.2200    -2517.5259
       272.4045                 36.4248             311.3           1619.5342     4030.7400    -2411.2058
       272.4560                 36.4318             305.8           1536.3624     3979.6200    -2443.2576
       272.5073                 36.4387             298.1           1375.4733     3906.3600    -2530.8867
       272.5588                 36.4456             318.2           1618.7503     4096.6200    -2477.8697
       272.6103                 36.4526             309.3           1550.4105     4011.8400    -2461.4295
       272.6618                 36.4595             302.3           1407.6675     3945.9600    -2538.2925
       272.7131                 36.4664             311.2           1472.3489     4030.0200    -2557.6711
       272.7646                 36.4733             308.9           1461.1034     4008.2400    -2547.1366
       272.8162                 36.4803             306.8           1536.8257     3988.6200    -2451.7943
       272.8677                 36.4872             296.5           1346.1329     3891.7800    -2545.6471
       272.9191                 36.4941             299.1           1407.3799     3915.5400    -2508.1601
       272.9704                 36.5011             308.1           1467.2539     4000.8600    -2533.6061
       273.0217                 36.5080             303.3           1437.0445     3955.6800    -2518.6355
       273.0732                 36.5149             298.6           1410.6648     3911.4000    -2500.7352
       273.1246                 36.5218             303.2           1563.6653     3954.9600    -2391.2947
       273.1761                 36.5288             303.4           1576.6400     3956.9400    -2380.3000
       273.2275                 36.5357             293.3           1299.2272     3861.0000    -2561.7728
       273.2500                 36.5387             314.8           1565.7603     4063.8600    -2498.0997
       273.3014                 36.5456             289.2           1252.5131     3822.6600    -2570.1469
       273.3529                 36.5526             324.8           1659.4612     4158.1800    -2498.7188
       273.4044                 36.5595             300.4           1426.5269     3928.6800    -2502.1531
       273.4557                 36.5664             304.4           1506.3979     3966.4800    -2460.0821
       273.5071                 36.5733             313.3           1575.7586     4049.6400    -2473.8814
       273.5585                 36.5803             311.7           1470.2660     4034.8800    -2564.6140
       273.6100                 36.5872             287.4           1196.0195     3805.3800    -2609.3605
       273.6614                 36.5941             289.7           1245.4951     3827.7000    -2582.2049
       273.7128                 36.6011             319.4           1574.3070     4107.2400    -2532.9330
       273.7644                 36.6080             315.5           1532.7856     4070.3400    -2537.5544
       273.8159                 36.6149             308.9           1561.5397     4008.2400    -2446.7003
       273.8673                 36.6218             323.8           1828.1152     4149.1800    -2321.0648
       273.9185                 36.6288             312.2           1660.4697     4039.7400    -2379.2703
       273.9700                 36.6357             288.0           1277.4637     3811.3200    -2533.8563
       274.0216                 36.6426             296.7           1402.9830     3893.0400    -2490.0570
       274.0731                 36.6495             287.3           1258.0372     3804.3000    -2546.2628
       274.1245                 36.6565             299.9           1559.5114     3923.4600    -2363.9486
       274.1761                 36.6634             300.5           1303.1905     3929.5800    -2626.3895
       274.2275                 36.6703             312.2           1624.2920     4040.1000    -2415.8080
       274.2500                 36.6734             309.3           1575.3503     4012.2000    -2436.8497
       274.3014                 36.6803             299.4           1559.5684     3918.9600    -2359.3916
       274.3528                 36.6872             312.2           1748.6782     4039.9200    -2291.2418
       274.4044                 36.6942             313.2           1654.3885     4049.2800    -2394.8915
       274.4558                 36.7011             306.4           1534.7442     3984.8400    -2450.0958
       274.5071                 36.7080             299.1           1530.0422     3915.9000    -2385.8578
       274.5585                 36.7149             298.9           1560.1700     3913.9200    -2353.7500
       274.6098                 36.7219             301.8           1462.4720     3941.8200    -2479.3480
       274.6613                 36.7288             310.9           1619.8922     4026.9600    -2407.0678
       274.7127                 36.7357             309.9           1610.0440     4017.9600    -2407.9160
       274.7641                 36.7426             301.8           1588.0237     3941.4600    -2353.4363
       274.8154                 36.7496             295.9           1633.3139     3885.4800    -2252.1661
       274.8669                 36.7565             310.4           1642.5593     4022.6400    -2380.0807
       274.9182                 36.7634             300.6           1611.9080     3930.1200    -2318.2120
       274.9695                 36.7704             291.4           1423.5933     3843.1800    -2419.5867
       275.0211                 36.7773             300.9           1392.4485     3933.3600    -2540.9115
       275.0725                 36.7842             308.2           1508.2444     4001.5800    -2493.3356
       275.1240                 36.7911             295.5           1620.6776     3882.2400    -2261.5624
       275.1755                 36.7981             297.5           1474.1143     3900.9600    -2426.8457
       275.2269                 36.8050             307.9           1522.5261     3999.4200    -2476.8939
       275.2500                 36.8081             311.6           1700.1711     4034.1600    -2333.9889
       275.3014                 36.8150             301.2           1497.9193     3936.0600    -2438.1407
       275.3528                 36.8220             298.2           1508.2252     3907.4400    -2399.2148
       275.4043                 36.8289             301.2           1675.0720     3935.8800    -2260.8080
       275.4558                 36.8358             300.2           1652.6933     3926.3400    -2273.6467
       275.5071                 36.8428             297.1           1617.1079     3896.8200    -2279.7121
       275.5586                 36.8497             310.8           1669.4416     4026.7800    -2357.3384
       275.6099                 36.8566             297.0           1611.7147     3896.4600    -2284.7453
       275.6612                 36.8635             296.7           1503.9721     3893.2200    -2389.2479
       275.7126                 36.8705             303.2           1529.0733     3954.6000    -2425.5267
       275.7640                 36.8774             310.5           1440.9179     4023.3600    -2582.4421
       275.8156                 36.8843             307.7           1615.4456     3997.4400    -2381.9944
       275.8672                 36.8912             305.6           1368.0308     3976.9200    -2608.8892
       275.9186                 36.8982             298.3           1379.5878     3908.7000    -2529.1122
       275.9700                 36.9051             292.4           1423.8786     3852.7200    -2428.8414
       276.0215                 36.9120             315.3           1546.6269     4068.9000    -2522.2731
       276.0730                 36.9190             296.3           1262.8051     3889.9800    -2627.1749
       276.1243                 36.9259             294.5           1303.0839     3872.7000    -2569.6161
       276.1757                 36.9328             300.8           1453.9369     3931.9200    -2477.9831
       276.2272                 36.9397             326.1           1733.2142     4170.9600    -2437.7458
       276.2500                 36.9428             313.6           1751.5516     4052.5200    -2300.9684
       276.3014                 36.9497             301.1           1590.5479     3934.9800    -2344.4321
       276.3526                 36.9567             310.2           1615.4505     4020.6600    -2405.2095
       276.4041                 36.9636             298.2           1326.8069     3907.6200    -2580.8131
       276.4556                 36.9705             310.0           1619.9621     4019.0400    -2399.0779
       276.5071                 36.9775             304.7           1574.4003     3968.4600    -2394.0597
       276.5584                 36.9844             315.1           1769.7501     4066.5600    -2296.8099
       276.6099                 36.9913             297.0           1533.2048     3896.2800    -2363.0752
       276.6613                 36.9982             309.3           1505.5537     4011.8400    -2506.2863
       276.7127                 37.0052             299.7           1328.4204     3922.0200    -2593.5996
       276.7641                 37.0121             309.7           1666.3267     4016.3400    -2350.0133
       276.8155                 37.0190             295.8           1477.2386     3884.7600    -2407.5214
       276.8671                 37.0259             328.0           1839.1823     4189.1400    -2349.9577
       276.9186                 37.0329             309.5           1547.1384     4014.3600    -2467.2216
       276.9700                 37.0398             304.8           1520.2108     3970.2600    -2450.0492
       277.0213                 37.0467             305.2           1733.8511     3973.8600    -2240.0089
       277.0728                 37.0537             315.5           1654.1375     4070.5200    -2416.3825
       277.1243                 37.0606             286.2           1397.7454     3793.8600    -2396.1146
       277.1758                 37.0675             307.3           1611.3166     3993.6600    -2382.3434
       277.2274                 37.0744             311.4           1546.5595     4032.5400    -2485.9805
       277.2500                 37.0775             295.8           1328.6204     3884.5800    -2555.9596
       277.3016                 37.0844             304.8           1391.0915     3969.9000    -2578.8085
       277.3530                 37.0913             305.7           1565.7560     3978.7200    -2412.9640
       277.4044                 37.0983             304.3           1559.0858     3965.0400    -2405.9542
       277.4558                 37.1052             300.4           1431.8835     3928.3200    -2496.4365
       277.5072                 37.1121             316.3           1707.8031     4078.8000    -2370.9969
       277.5588                 37.1191             302.4           1669.4027     3947.2200    -2277.8173
       277.6102                 37.1260             315.9           1594.6917     4074.8400    -2480.1483
       277.6617                 37.1329             298.7           1618.4946     3912.4800    -2293.9854
       277.7130                 37.1398             304.5           1634.3403     3967.3800    -2333.0397
       277.7645                 37.1468             303.7           1519.2896     3959.8200    -2440.5304
       277.8160                 37.1537             312.2           1603.8886     4039.5600    -2435.6714
       277.8675                 37.1606             320.8           1687.2272     4120.5600    -2433.3328
       277.9190                 37.1675             293.0           1463.5677     3858.6600    -2395.0923
       277.9704                 37.1745             307.2           1587.2555     3992.2200    -2404.9645
       278.0218                 37.1814             321.2           1788.1634     4124.5200    -2336.3566
       278.0732                 37.1883             320.1           1839.4949     4113.9000    -2274.4051
       278.1246                 37.1953             304.2           1535.3469     3963.9600    -2428.6131
       278.1760                 37.2022             312.8           1647.8813     4044.9600    -2397.0787
       278.2274                 37.2091             307.2           1653.7986     3992.4000    -2338.6014
       278.2500                 37.2122             307.9           1576.3231     3999.0600    -2422.7369
       278.3015                 37.2191             307.0           1415.3765     3990.9600    -2575.5835
       278.3531                 37.2260             303.7           1350.6647     3959.2800    -2608.6153
       278.4046                 37.2329             300.5           1442.9721     3929.2200    -2486.2479
       278.4560                 37.2399             311.4           1673.8694     4032.5400    -2358.6706
       278.5075                 37.2468             306.0           1438.0443     3980.7000    -2542.6557
       278.5589                 37.2537             314.7           1564.9661     4063.3200    -2498.3539
       278.6104                 37.2607             305.6           1598.9403     3976.9200    -2377.9797
       278.6617                 37.2676             305.8           1645.3931     3979.4400    -2334.0469
       278.7132                 37.2745             317.6           1752.3687     4090.8600    -2338.4913
       278.7648                 37.2814             317.8           1638.2595     4092.3000    -2454.0405
       278.8161                 37.2884             291.5           1411.4853     3844.6200    -2433.1347
       278.8677                 37.2953             312.7           1788.9884     4044.2400    -2255.2516
       278.9191                 37.3022             300.3           1547.2081     3927.0600    -2379.8519
       278.9705                 37.3091             304.2           1549.0755     3964.3200    -2415.2445
       279.0218                 37.3161             293.3           1395.5262     3861.3600    -2465.8338
       279.0732                 37.3230             291.8           1418.6846     3847.3200    -2428.6354
       279.1247                 37.3299             315.3           1676.8700     4068.5400    -2391.6700
       279.1762                 37.3369             296.9           1519.3390     3894.8400    -2375.5010
       279.2275                 37.3438             299.5           1602.7798     3919.6800    -2316.9002
       279.2500                 37.3468             291.7           1426.2916     3846.2400    -2419.9484
       279.3014                 37.3537             308.6           1577.6878     4005.3600    -2427.6722
       279.3530                 37.3607             299.8           1383.3455     3922.9200    -2539.5745
       279.4044                 37.3676             325.4           1568.8428     4164.6600    -2595.8172
       279.4559                 37.3745             301.5           1375.8666     3938.9400    -2563.0734
       279.5074                 37.3815             315.2           1639.3423     4068.1800    -2428.8377
       279.5589                 37.3884             315.6           1721.4299     4071.4200    -2349.9901
       279.6102                 37.3953             328.2           1748.6723     4190.2200    -2441.5477
       279.6616                 37.4022             305.2           1566.0679     3973.6800    -2407.6121
       279.7130                 37.4092             306.8           1593.8825     3988.9800    -2395.0975
       279.7643                 37.4161             312.9           1547.8453     4046.2200    -2498.3747
       279.8157                 37.4230             300.2           1532.2597     3926.1600    -2393.9003
       279.8671                 37.4300             310.6           1660.5582     4024.0800    -2363.5218
       279.9185                 37.4369             315.0           1575.7275     4066.0200    -2490.2925
       279.9700                 37.4438             305.4           1516.9203     3975.8400    -2458.9197
       280.0214                 37.4507             306.4           1496.3416     3985.2000    -2488.8584
       280.0729                 37.4577             308.0           1546.5163     4000.1400    -2453.6237
       280.1243                 37.4646             311.3           1664.6795     4031.4600    -2366.7805
       280.1757                 37.4715             309.6           1698.0661     4015.0800    -2317.0139
       280.2270                 37.4784             310.1           1532.6086     4019.4000    -2486.7914
       280.2500                 37.4815             306.3           1587.8892     3984.1200    -2396.2308
       280.3014                 37.4885             348.0           1796.8707     4377.7800    -2580.9093
       280.3528                 37.4954             302.4           1568.2535     3947.4000    -2379.1465
       280.4044                 37.5023             325.9           1712.9365     4168.6200    -2455.6835
       280.4558                 37.5093             303.1           1467.8618     3954.0600    -2486.1982
       280.5072                 37.5162             286.4           1247.7950     3796.2000    -2548.4050
       280.5586                 37.5231             309.3           1615.4999     4011.8400    -2396.3401
       280.6100                 37.5300             307.1           1427.4577     3991.6800    -2564.2223
       280.6615                 37.5370             303.0           1260.8813     3952.6200    -2691.7387
       280.7129                 37.5439             300.6           1185.6587     3930.1200    -2744.4613
       280.7644                 37.5508             315.1           1344.6835     4067.1000    -2722.4165
       280.8158                 37.5578             290.7           1250.3546     3837.0600    -2586.7054
       280.8673                 37.5647             308.5           1447.7383     4005.1800    -2557.4417
       280.9187                 37.5716             302.7           1464.4054     3950.1000    -2485.6946
       280.9702                 37.5785             302.6           1653.8541     3948.6600    -2294.8059
       281.0216                 37.5855             306.6           1660.6054     3987.1800    -2326.5746
       281.0731                 37.5924             310.3           1569.4493     4021.7400    -2452.2907
       281.1244                 37.5993             287.9           1391.2683     3809.8800    -2418.6117
       281.1758                 37.6062             290.8           1376.0275     3837.9600    -2461.9325
       281.2273                 37.6132             305.5           1596.1853     3976.2000    -2380.0147
       281.2500                 37.6162             316.4           1690.2593     4079.1600    -2388.9007
       281.3014                 37.6232             295.1           1429.9586     3877.9200    -2447.9614
       281.3527                 37.6301             324.8           1737.1288     4158.9000    -2421.7712
       281.4041                 37.6370             292.6           1289.8087     3855.0600    -2565.2513
       281.4554                 37.6439             313.6           1573.7306     4052.8800    -2479.1494
       281.5068                 37.6509             310.3           1562.6571     4021.5600    -2458.9029
       281.5583                 37.6578             301.7           1448.3773     3940.3800    -2492.0027
       281.6097                 37.6647             298.6           1633.4381     3911.2200    -2277.7819
       281.6612                 37.6717             302.2           1424.9463     3945.2400    -2520.2937
       281.7126                 37.6786             299.5           1366.6594     3919.6800    -2553.0206
       281.7640                 37.6855             301.1           1351.8089     3935.1600    -2583.3511
       281.8153                 37.6924             306.9           1285.9467     3989.7000    -2703.7533
       281.8668                 37.6994             308.8           1381.9598     4007.7000    -2625.7402
       281.9181                 37.7063             309.3           1559.8516     4012.0200    -2452.1684
       281.9696                 37.7132             301.9           1544.9610     3942.0000    -2397.0390
       282.0210                 37.7201             316.6           1614.3544     4081.3200    -2466.9656
       282.0723                 37.7271             310.8           1612.6267     4026.0600    -2413.4333
       282.1238                 37.7340             329.7           1679.3456     4204.4400    -2525.0944
       282.1753                 37.7409             320.0           1520.0616     4113.1800    -2593.1184
       282.2267                 37.7479             309.6           1419.8668     4015.2600    -2595.3932
       282.2500                 37.7510             304.1           1429.5237     3963.4200    -2533.8963
       282.3015                 37.7579             312.3           1560.3569     4040.4600    -2480.1031
       282.3530                 37.7649             303.3           1567.9411     3955.3200    -2387.3789
       282.4044                 37.7718             321.3           1624.6344     4125.9600    -2501.3256
       282.4559                 37.7787             321.3           1744.0453     4125.9600    -2381.9147
       282.5072                 37.7856             312.9           1629.8968     4046.4000    -2416.5032
       282.5586                 37.7926             293.7           1413.1499     3865.1400    -2451.9901
       282.6100                 37.7995             316.7           1418.1607     4082.5800    -2664.4193
       282.6614                 37.8064             297.4           1457.4225     3900.0600    -2442.6375
       282.7128                 37.8133             297.8           1394.9561     3903.3000    -2508.3439
       282.7643                 37.8203             294.6           1274.1725     3873.4200    -2599.2475
       282.8157                 37.8272             316.6           1496.0699     4080.7800    -2584.7101
       282.8672                 37.8341             323.8           1560.8259     4149.0000    -2588.1741
       282.9186                 37.8411             312.1           1438.7337     4039.0200    -2600.2863
       282.9700                 37.8480             306.9           1518.4378     3989.5200    -2471.0822
       283.0213                 37.8549             297.0           1359.8927     3895.9200    -2536.0273
       283.0727                 37.8618             320.2           1443.8837     4115.1600    -2671.2763
       283.1240                 37.8688             317.4           1457.7241     4089.0600    -2631.3359
       283.1755                 37.8757             306.5           1444.9113     3985.3800    -2540.4687
       283.2269                 37.8826             303.9           1295.2101     3961.0800    -2665.8699
       283.2500                 37.8857             307.1           1462.3186     3991.6800    -2529.3614
       283.3012                 37.8927             309.6           1524.7524     4014.7200    -2489.9676
       283.3526                 37.8996             301.2           1373.7582     3936.2400    -2562.4818
       283.4041                 37.9065             313.9           1555.5044     4055.4000    -2499.8956
       283.4557                 37.9134             291.7           1399.7681     3846.2400    -2446.4719
       283.5071                 37.9204             308.3           1567.9445     4002.6600    -2434.7155
       283.5585                 37.9273             315.7           1569.0178     4072.6800    -2503.6622
       283.6099                 37.9342             302.4           1587.8655     3947.4000    -2359.5345
       283.6612                 37.9411             303.3           1415.4855     3956.0400    -2540.5545
       283.7126                 37.9481             302.6           1498.5755     3949.3800    -2450.8045
       283.7641                 37.9550             308.8           1570.3301     4007.7000    -2437.3699
       283.8155                 37.9619             315.9           1556.2419     4074.4800    -2518.2381
       283.8669                 37.9689             310.2           1654.4078     4021.2000    -2366.7922
       283.9184                 37.9758             300.3           1416.6703     3927.2400    -2510.5697
       283.9699                 37.9827             308.9           1521.9774     4008.4200    -2486.4426
       284.0214                 37.9896             314.2           1559.9631     4058.6400    -2498.6769
       284.0728                 37.9966             326.2           1698.1297     4172.2200    -2474.0903
       284.1242                 38.0035             301.9           1332.4821     3942.0000    -2609.5179
       284.1757                 38.0104             302.3           1472.4704     3946.1400    -2473.6696
       284.2270                 38.0174             295.2           1318.4237     3879.3600    -2560.9363
       284.2500                 38.0204             300.3           1183.2924     3927.6000    -2744.3076
       284.3015                 38.0274             289.6           1303.8106     3825.9000    -2522.0894
       284.3529                 38.0343             290.6           1363.1888     3835.8000    -2472.6112
       284.4042                 38.0412             304.7           1454.0908     3968.8200    -2514.7292
       284.4557                 38.0481             320.9           1626.7735     4121.4600    -2494.6865
       284.5070                 38.0551             306.4           1613.6430     3984.6600    -2371.0170
       284.5583                 38.0620             302.3           1475.1009     3945.7800    -2470.6791
       284.6097                 38.0689             317.9           1623.6441     4093.5600    -2469.9159
       284.6611                 38.0759             302.3           1448.2202     3946.5000    -2498.2798
       284.7125                 38.0828             307.5           1624.9879     3994.9200    -2369.9321
       284.7639                 38.0897             291.9           1302.5427     3848.2200    -2545.6773
       284.8154                 38.0966             313.2           1485.6511     4049.1000    -2563.4489
       284.8667                 38.1036             298.6           1292.7216     3911.0400    -2618.3184
       284.9183                 38.1105             319.9           1530.5622     4112.6400    -2582.0778
       284.9698                 38.1174             329.8           1682.8348     4205.5200    -2522.6852
       285.0213                 38.1244             327.8           1617.0490     4186.6200    -2569.5710
       285.0726                 38.1313             309.6           1432.1800     4015.2600    -2583.0800
       285.1240                 38.1382             312.4           1423.5436     4041.1800    -2617.6364
       285.1754                 38.1451             318.7           1539.6958     4101.3000    -2561.6042
       285.2268                 38.1521             312.7           1579.0263     4044.7800    -2465.7537
       285.2500                 38.1552             314.0           1439.8533     4056.6600    -2616.8067
       285.3014                 38.1621             313.7           1374.1016     4054.1400    -2680.0384
       285.3529                 38.1690             297.6           1274.4497     3901.6800    -2627.2303
       285.4043                 38.1760             309.1           1497.6790     4010.4000    -2512.7210
       285.4558                 38.1829             305.1           1515.0620     3972.9600    -2457.8980
       285.5073                 38.1898             321.9           1359.0958     4131.5400    -2772.4442
       285.5589                 38.1968             299.5           1328.8493     3919.3200    -2590.4707
       285.6104                 38.2037             318.0           1585.2085     4094.2800    -2509.0715
       285.6619                 38.2106             306.5           1515.1358     3985.9200    -2470.7842
       285.7133                 38.2175             315.6           1524.3800     4071.9600    -2547.5800
       285.7646                 38.2245             304.5           1405.0462     3966.6600    -2561.6138
       285.8161                 38.2314             286.2           1232.7734     3794.5800    -2561.8066
       285.8675                 38.2383             308.9           1414.9892     4008.6000    -2593.6108
       285.9190                 38.2453             301.1           1269.2878     3934.4400    -2665.1522
       285.9703                 38.2522             313.0           1633.3142     4046.7600    -2413.4458
       286.0217                 38.2591             301.3           1374.0564     3936.9600    -2562.9036
       286.0731                 38.2660             304.2           1437.2908     3963.9600    -2526.6692
       286.1246                 38.2730             301.0           1391.1070     3934.0800    -2542.9730
       286.1761                 38.2799             294.3           1505.7731     3870.9000    -2365.1269
       286.2275                 38.2868             304.9           1574.0125     3970.9800    -2396.9675
       286.2500                 38.2899             317.7           1639.1449     4091.7600    -2452.6151
       286.3014                 38.2968             305.6           1522.5741     3977.4600    -2454.8859
       286.3529                 38.3037             308.0           1501.2976     3999.9600    -2498.6624
       286.4042                 38.3106             300.0           1560.5940     3924.3600    -2363.7660
       286.4556                 38.3176             315.1           1417.7604     4067.2800    -2649.5196
       286.5070                 38.3245             305.4           1406.4232     3975.6600    -2569.2368
       286.5584                 38.3314             311.3           1586.5116     4031.4600    -2444.9484
       286.6098                 38.3384             305.0           1423.8915     3971.5200    -2547.6285
       286.6613                 38.3453             307.5           1383.7877     3994.9200    -2611.1323
       286.7130                 38.3522             306.1           1481.3110     3982.1400    -2500.8290
       286.7644                 38.3591             303.5           1421.4698     3957.6600    -2536.1902
       286.8157                 38.3661             303.0           1454.0836     3952.4400    -2498.3564
       286.8673                 38.3730             318.6           1726.6251     4100.2200    -2373.5949
       286.9188                 38.3799             321.0           1652.8407     4122.7200    -2469.8793
       286.9702                 38.3868             304.2           1345.9983     3964.5000    -2618.5017
       287.0216                 38.3938             314.0           1690.6217     4057.0200    -2366.3983
       287.0730                 38.4007             290.8           1267.4062     3837.4200    -2570.0138
       287.1246                 38.4076             315.9           1665.7702     4074.4800    -2408.7098
       287.1759                 38.4146             288.8           1368.1269     3818.7000    -2450.5731
       287.2274                 38.4215             304.7           1356.1733     3968.4600    -2612.2867
       287.2500                 38.4245             305.0           1343.7490     3971.3400    -2627.5910
       287.3014                 38.4314             304.4           1543.9291     3965.9400    -2422.0109
       287.3528                 38.4384             320.0           1614.1271     4113.7200    -2499.5929
       287.4041                 38.4453             319.2           1569.9660     4106.1600    -2536.1940
       287.4554                 38.4522             304.0           1487.6761     3962.5200    -2474.8439
       287.5069                 38.4592             307.6           1342.8716     3996.1800    -2653.3084
       287.5584                 38.4661             304.3           1565.1315     3964.8600    -2399.7285
       287.6099                 38.4730             322.9           1628.2196     4140.5400    -2512.3204
       287.6616                 38.4799             315.5           1565.8202     4070.8800    -2505.0598
       287.7132                 38.4869             308.8           1390.3279     4007.7000    -2617.3721
       287.7645                 38.4938             302.4           1609.0259     3947.4000    -2338.3741
       287.8161                 38.5007             306.3           1557.6871     3984.3000    -2426.6129
       287.8676                 38.5077             308.4           1630.4417     4003.9200    -2373.4783
       287.9190                 38.5146             305.2           1659.0348     3973.8600    -2314.8252
       287.9703                 38.5215             285.8           1238.6173     3790.4400    -2551.8227
       288.0218                 38.5284             318.8           1665.8475     4101.8400    -2435.9925
       288.0732                 38.5354             298.0           1464.9944     3905.2800    -2440.2856
       288.1245                 38.5423             324.0           1656.5175     4150.6200    -2494.1025
       288.1760                 38.5492             300.7           1446.2913     3931.0200    -2484.7287
       288.2274                 38.5561             305.3           1559.7025     3974.2200    -2414.5175
       288.2500                 38.5592             304.9           1456.0360     3970.4400    -2514.4040
       288.3014                 38.5661             293.8           1371.5025     3865.5000    -2493.9975
       288.3528                 38.5730             302.0           1718.3196     3943.0800    -2224.7604
       288.4042                 38.5800             321.4           1517.3908     4126.3200    -2608.9292
       288.4557                 38.5869             302.1           1495.2416     3943.9800    -2448.7384
       288.5072                 38.5938             307.3           1370.1074     3993.3000    -2623.1926
       288.5586                 38.6007             303.5           1335.3518     3957.1200    -2621.7682
       288.6101                 38.6077             319.6           1569.4968     4109.4000    -2539.9032
       288.6615                 38.6146             309.3           1524.0697     4011.8400    -2487.7703
       288.7130                 38.6215             308.5           1559.9809     4004.8200    -2444.8391
       288.7643                 38.6285             291.3           1576.6819     3841.9200    -2265.2381
       288.8158                 38.6354             320.7           1623.4575     4119.8400    -2496.3825
       288.8674                 38.6423             306.4           1470.9040     3985.2000    -2514.2960
       288.9189                 38.6492             294.2           1249.6391     3870.1800    -2620.5409
       288.9702                 38.6562             301.4           1452.1304     3937.8600    -2485.7296
       289.0218                 38.6631             295.5           1294.4162     3882.0600    -2587.6438
       289.0733                 38.6700             306.8           1377.5663     3988.9800    -2611.4137
       289.1247                 38.6770             313.3           1436.4440     4049.8200    -2613.3760
       289.1763                 38.6839             295.8           1226.5671     3884.4000    -2657.8329
       289.2277                 38.6908             301.6           1324.4249     3939.8400    -2615.4151
       289.2500                 38.6938             320.3           1459.3902     4115.7000    -2656.3098
       289.3015                 38.7007             308.6           1446.3496     4005.3600    -2559.0104
       289.3530                 38.7077             297.4           1218.4525     3899.5200    -2681.0675
       289.4044                 38.7146             325.1           1381.9433     4161.0600    -2779.1167
       289.4558                 38.7215             310.1           1345.7084     4019.9400    -2674.2316
       289.5072                 38.7285             321.6           1529.2678     4128.3000    -2599.0322
       289.5586                 38.7354             320.8           1499.5871     4120.5600    -2620.9729
       289.6100                 38.7423             301.5           1270.5380     3938.7600    -2668.2220
       289.6613                 38.7492             300.7           1277.0422     3931.0200    -2653.9778
       289.7126                 38.7562             298.4           1123.4708     3909.2400    -2785.7692
       289.7641                 38.7631             306.1           1283.9338     3982.3200    -2698.3862
       289.8155                 38.7700             319.8           1484.9064     4111.2000    -2626.2936
       289.8669                 38.7769             298.4           1213.4204     3909.6000    -2696.1796
       289.9182                 38.7839             289.9           1150.6191     3828.7800    -2678.1609
       289.9697                 38.7908             309.1           1414.2342     4010.4000    -2596.1658
       290.0210                 38.7977             315.2           1464.7323     4068.0000    -2603.2677
       290.0725                 38.8047             310.2           1512.0118     4020.3000    -2508.2882
       290.1239                 38.8116             300.1           1454.7864     3925.6200    -2470.8336
       290.1753                 38.8185             306.1           1387.3406     3982.3200    -2594.9794
       290.2266                 38.8254             284.0           1269.9521     3773.5200    -2503.5679
       290.2500                 38.8286             295.9           1297.1071     3885.8400    -2588.7329
       290.3015                 38.8355             306.6           1333.0798     3986.6400    -2653.5602
       290.3529                 38.8424             331.8           1691.2631     4224.6000    -2533.3369
       290.4043                 38.8494             318.8           1579.2387     4101.4800    -2522.2413
       290.4558                 38.8563             318.8           1507.3735     4101.6600    -2594.2865
       290.5073                 38.8632             309.5           1349.0958     4014.1800    -2665.0842
       290.5587                 38.8702             300.1           1338.6416     3925.8000    -2587.1584
       290.6103                 38.8771             295.7           1326.9492     3883.5000    -2556.5508
       290.6617                 38.8840             313.2           1470.1976     4048.7400    -2578.5424
       290.7131                 38.8909             309.9           1426.4301     4017.7800    -2591.3499
       290.7646                 38.8979             312.3           1486.8502     4040.8200    -2553.9698
       290.8160                 38.9048             313.3           1461.5420     4050.1800    -2588.6380
       290.8674                 38.9117             300.3           1323.8707     3927.7800    -2603.9093
       290.9188                 38.9186             307.4           1364.2621     3994.3800    -2630.1179
       290.9701                 38.9256             311.9           1397.9549     4036.8600    -2638.9051
       291.0216                 38.9325             297.4           1351.9041     3900.4200    -2548.5159
       291.0730                 38.9394             295.3           1320.2156     3880.4400    -2560.2244
       291.1245                 38.9464             309.3           1388.0076     4012.3800    -2624.3724
       291.1759                 38.9533             303.6           1389.4475     3958.7400    -2569.2925
       291.2273                 38.9602             310.6           1406.7681     4024.8000    -2618.0319
       291.2500                 38.9633             311.4           1588.6750     4032.5400    -2443.8650
       291.3016                 38.9702             300.3           1410.6606     3927.2400    -2516.5794
       291.3529                 38.9771             316.9           1581.2369     4083.8400    -2502.6031
       291.4044                 38.9840             292.6           1427.9721     3854.3400    -2426.3679
       291.4557                 38.9910             308.8           1698.0765     4007.5200    -2309.4435
       291.5070                 38.9979             298.3           1434.6359     3908.1600    -2473.5241
       291.5585                 39.0048             305.2           1569.2879     3973.5000    -2404.2121
       291.6099                 39.0118             315.1           1594.5070     4066.9200    -2472.4130
       291.6612                 39.0187             297.5           1455.5606     3900.9600    -2445.3994
       291.7126                 39.0256             296.4           1457.4679     3890.8800    -2433.4121
       291.7641                 39.0325             306.5           1494.8222     3986.1000    -2491.2778
       291.8155                 39.0395             297.0           1370.8083     3896.2800    -2525.4717
       291.8669                 39.0464             303.2           1572.6888     3954.4200    -2381.7312
       291.9182                 39.0533             303.8           1429.9178     3960.3600    -2530.4422
       291.9697                 39.0602             318.2           1634.6361     4096.4400    -2461.8039
       292.0210                 39.0672             311.4           1516.6017     4032.0000    -2515.3983
       292.0726                 39.0741             296.1           1178.2142     3887.4600    -2709.2458
       292.1242                 39.0810             307.2           1479.3912     3992.5800    -2513.1888
       292.1757                 39.0880             306.9           1369.3652     3990.0600    -2620.6948
       292.2272                 39.0949             315.9           1425.0540     4074.6600    -2649.6060
       292.2500                 39.0980             312.2           1526.7363     4039.7400    -2513.0037
       292.3014                 39.1049             308.5           1424.6722     4004.8200    -2580.1478
       292.3530                 39.1118             304.3           1395.7249     3964.6800    -2568.9551
       292.4043                 39.1187             310.8           1565.1903     4026.7800    -2461.5897
       292.4557                 39.1257             325.6           1623.7973     4166.1000    -2542.3027
       292.5073                 39.1326             301.6           1515.8895     3939.3000    -2423.4105
       292.5588                 39.1395             304.0           1530.4563     3962.7000    -2432.2437
       292.6101                 39.1464             301.5           1575.2567     3938.7600    -2363.5033
       292.6614                 39.1534             306.4           1504.2737     3985.2000    -2480.9263
       292.7129                 39.1603             294.9           1349.5027     3876.4800    -2526.9773
       292.7644                 39.1672             321.6           1599.5215     4127.9400    -2528.4185
       292.8158                 39.1742             304.6           1461.1891     3968.1000    -2506.9109
       292.8673                 39.1811             321.7           1638.6399     4129.5600    -2490.9201
       292.9187                 39.1880             312.9           1454.0922     4045.8600    -2591.7678
       292.9700                 39.1949             297.1           1489.2787     3897.3600    -2408.0813
       293.0213                 39.2019             298.7           1421.2939     3911.7600    -2490.4661
       293.0727                 39.2088             299.6           1528.5433     3920.7600    -2392.2167
       293.1240                 39.2157             310.2           1491.9861     4020.4800    -2528.4939
       293.1754                 39.2226             293.1           1419.0987     3859.2000    -2440.1013
       293.2268                 39.2296             300.7           1313.8596     3930.6600    -2616.8004
       293.2500                 39.2327             299.1           1346.1466     3916.4400    -2570.2934
       293.3014                 39.2396             316.8           1482.1589     4083.3000    -2601.1411
       293.3530                 39.2466             324.9           1517.2165     4159.9800    -2642.7635
       293.4042                 39.2535             310.4           1364.6345     4023.0000    -2658.3655
       293.4556                 39.2604             307.0           1404.0029     3990.7800    -2586.7771
       293.5070                 39.2673             306.7           1450.3226     3987.5400    -2537.2174
       293.5584                 39.2743             313.8           1473.4550     4054.6800    -2581.2250
       293.6098                 39.2812             299.1           1372.1044     3915.9000    -2543.7956
       293.6613                 39.2881             299.8           1272.0274     3922.9200    -2650.8926
       293.7126                 39.2950             307.0           1554.7181     3990.6000    -2435.8819
       293.7640                 39.3020             297.7           1358.5590     3902.9400    -2544.3810
       293.8154                 39.3089             315.2           1491.7041     4067.6400    -2575.9359
       293.8667                 39.3158             325.8           1524.9459     4168.4400    -2643.4941
       293.9181                 39.3228             304.0           1275.8738     3962.5200    -2686.6462
       293.9695                 39.3297             314.4           1330.2126     4060.2600    -2730.0474
       294.0210                 39.3366             307.4           1335.0985     3994.7400    -2659.6415
       294.0722                 39.3435             289.6           1201.5243     3826.4400    -2624.9157
       294.1236                 39.3505             311.3           1238.3458     4031.2800    -2792.9342
       294.1751                 39.3574             323.6           1468.5789     4147.5600    -2678.9811
       294.2265                 39.3643             305.1           1226.7219     3972.4200    -2745.6981
       294.2500                 39.3675             286.0           1166.5939     3791.8800    -2625.2861
       294.3014                 39.3744             310.7           1318.6463     4025.3400    -2706.6937
       294.3530                 39.3814             302.9           1244.2341     3951.9000    -2707.6659
       294.4044                 39.3883             292.8           1229.0084     3856.8600    -2627.8516
       294.4558                 39.3952             307.6           1363.7485     3996.0000    -2632.2515
       294.5071                 39.4021             294.9           1256.7127     3876.4800    -2619.7673
       294.5584                 39.4091             307.3           1392.7114     3993.4800    -2600.7686
       294.6100                 39.4160             311.2           1311.8441     4030.5600    -2718.7159
       294.6614                 39.4229             304.3           1241.9830     3965.2200    -2723.2370
       294.7129                 39.4298             300.2           1274.8895     3926.5200    -2651.6305
       294.7643                 39.4368             296.1           1178.7760     3887.4600    -2708.6840
       294.8156                 39.4437             308.3           1426.3466     4003.2000    -2576.8534
       294.8668                 39.4506             294.7           1314.7763     3874.1400    -2559.3637
       294.9182                 39.4576             298.0           1275.0805     3905.8200    -2630.7395
       294.9696                 39.4645             307.7           1409.9020     3996.9000    -2586.9980
       295.0211                 39.4714             308.6           1243.8473     4005.5400    -2761.6927
       295.0725                 39.4783             315.2           1484.6101     4067.6400    -2583.0299
       295.1240                 39.4853             298.2           1297.9944     3907.4400    -2609.4456
       295.1754                 39.4922             290.0           1151.6179     3830.4000    -2678.7821
       295.2267                 39.4991             308.3           1497.5074     4002.8400    -2505.3326
       295.2500                 39.5022             306.3           1442.4160     3983.7600    -2541.3440
       295.3014                 39.5092             297.3           1277.8102     3898.6200    -2620.8098
       295.3528                 39.5161             303.9           1291.0021     3961.6200    -2670.6179
       295.4041                 39.5230             303.1           1530.1546     3953.8800    -2423.7254
       295.4555                 39.5300             299.1           1449.4748     3916.2600    -2466.7852
       295.5069                 39.5369             301.1           1329.7542     3935.1600    -2605.4058
       295.5583                 39.5438             303.1           1411.7701     3953.5200    -2541.7499
       295.6096                 39.5507             319.0           1603.3640     4103.8200    -2500.4560
       295.6609                 39.5577             308.9           1561.1129     4008.4200    -2447.3071
       295.7123                 39.5646             305.8           1566.5260     3979.2600    -2412.7340
       295.7637                 39.5715             315.4           1525.3768     4069.9800    -2544.6032
       295.8152                 39.5785             308.3           1497.0748     4003.2000    -2506.1252
       295.8666                 39.5854             286.4           1149.3210     3796.0200    -2646.6990
       295.9181                 39.5923             311.8           1429.3535     4035.7800    -2606.4265
       295.9696                 39.5992             300.5           1332.1321     3929.4000    -2597.2679
       296.0211                 39.6062             302.9           1320.5616     3951.9000    -2631.3384
       296.0727                 39.6131             292.3           1365.7517     3851.6400    -2485.8883
       296.1242                 39.6200             313.8           1577.1313     4054.3200    -2477.1887
       296.1756                 39.6269             307.8           1454.3873     3997.8000    -2543.4127
       296.2270                 39.6339             319.4           1637.7451     4107.4200    -2469.6749
       296.2500                 39.6370             306.4           1387.4626     3985.0200    -2597.5574
       296.3015                 39.6439             313.6           1550.4154     4052.8800    -2502.4646
       296.3529                 39.6508             306.1           1447.4116     3981.6000    -2534.1884
       296.4043                 39.6578             305.4           1346.9709     3975.1200    -2628.1491
       296.4557                 39.6647             303.3           1515.8334     3956.0400    -2440.2066
       296.5071                 39.6716             297.1           1101.4281     3897.3600    -2795.9319
       296.5586                 39.6785             314.8           1380.0611     4063.8600    -2683.7989
       296.6100                 39.6855             313.6           1446.6557     4052.7000    -2606.0443
       296.6615                 39.6924             318.1           1589.2750     4095.7200    -2506.4450
       296.7129                 39.6993             299.1           1377.7910     3915.7200    -2537.9290
       296.7643                 39.7063             316.9           1438.5788     4084.3800    -2645.8012
       296.8158                 39.7132             311.1           1423.4038     4029.4800    -2606.0762
       296.8671                 39.7201             317.5           1699.8558     4089.6000    -2389.7442
       296.9185                 39.7270             297.9           1395.9428     3904.5600    -2508.6172
       296.9698                 39.7340             311.0           1569.5588     4028.5800    -2459.0212
       297.0213                 39.7409             318.6           1351.8266     4099.8600    -2748.0334
       297.0727                 39.7478             301.3           1376.4571     3936.4200    -2559.9629
       297.1241                 39.7547             299.8           1454.8383     3922.2000    -2467.3617
       297.1755                 39.7617             290.5           1327.1755     3835.2600    -2508.0845
       297.2270                 39.7686             287.4           1115.4163     3805.7400    -2690.3237
       297.2500                 39.7717             296.8           1163.6459     3894.4800    -2730.8341
       297.3014                 39.7786             311.2           1344.3746     4029.8400    -2685.4654
       297.3528                 39.7856             296.3           1225.9935     3889.6200    -2663.6265
       297.4042                 39.7925             308.8           1395.9877     4007.8800    -2611.8923
       297.4558                 39.7994             301.3           1300.7360     3937.1400    -2636.4040
       297.5071                 39.8063             315.2           1399.0247     4068.3600    -2669.3353
       297.5587                 39.8133             327.2           1443.9031     4181.5800    -2737.6769
       297.6102                 39.8202             305.7           1435.5303     3978.1800    -2542.6497
       297.6617                 39.8271             299.9           1246.3934     3923.2800    -2676.8866
       297.7131                 39.8340             310.1           1380.3385     4020.1200    -2639.7815
       297.7645                 39.8410             318.3           1498.8206     4097.5200    -2598.6994
       297.8160                 39.8479             321.3           1558.4356     4125.6000    -2567.1644
       297.8674                 39.8548             287.8           1274.6149     3809.7000    -2535.0851
       297.9189                 39.8618             309.0           1263.7411     4009.8600    -2746.1189
       297.9703                 39.8687             323.0           1564.8950     4141.8000    -2576.9050
       298.0218                 39.8756             313.2           1405.2865     4049.2800    -2643.9935
       298.0732                 39.8825             321.7           1560.3697     4129.2000    -2568.8303
       298.1246                 39.8895             305.8           1502.0970     3978.9000    -2476.8030
       298.1760                 39.8964             306.1           1384.5368     3982.5000    -2597.9632
       298.2274                 39.9033             301.1           1409.6679     3934.9800    -2525.3121
       298.2500                 39.9064             318.4           1544.3570     4097.8800    -2553.5230
       298.3014                 39.9133             307.0           1485.1783     3990.2400    -2505.0617
       298.3529                 39.9202             327.4           1628.9114     4182.8400    -2553.9286
       298.4044                 39.9271             285.9           1344.1473     3791.7000    -2447.5527
       298.4558                 39.9341             300.2           1304.4846     3926.5200    -2622.0354
       298.5073                 39.9410             309.1           1461.0716     4010.4000    -2549.3284
       298.5588                 39.9479             301.3           1432.2386     3936.4200    -2504.1814
       298.6101                 39.9549             281.6           1258.2614     3751.0200    -2492.7586
       298.6615                 39.9618             293.4           1238.8609     3862.6200    -2623.7591
       298.7130                 39.9687             300.0           1298.5657     3924.3600    -2625.7943
       298.7643                 39.9756             317.1           1481.6080     4086.1800    -2604.5720
       298.8157                 39.9826             302.3           1236.5995     3946.3200    -2709.7205
       298.8672                 39.9895             298.4           1023.1166     3909.2400    -2886.1234
       298.9188                 39.9964             307.2           1349.4053     3992.0400    -2642.6347
       298.9703                 40.0034             298.0           1293.0290     3905.6400    -2612.6110
       299.0217                 40.0103             316.2           1534.5701     4077.7200    -2543.1499
       299.0732                 40.0172             293.6           1554.8644     3863.8800    -2309.0156
       299.1246                 40.0241             300.7           1468.0950     3930.8400    -2462.7450
       299.1762                 40.0311             318.6           1724.7996     4100.2200    -2375.4204
       299.2276                 40.0380             298.9           1641.4484     3913.7400    -2272.2916
       299.2500                 40.0410             314.7           1618.7785     4063.1400    -2444.3615
       299.3014                 40.0479             299.5           1450.7355     3919.8600    -2469.1245
       299.3528                 40.0549             321.9           1637.2384     4131.1800    -2493.9416
       299.4042                 40.0618             299.8           1531.0853     3922.7400    -2391.6547
       299.4557                 40.0687             314.1           1733.8126     4057.3800    -2323.5674
       299.5072                 40.0756             298.0           1434.1135     3905.8200    -2471.7065
       299.5588                 40.0826             292.9           1337.0874     3857.4000    -2520.3126
       299.6102                 40.0895             325.7           1705.1344     4167.1800    -2462.0456
       299.6616                 40.0964             290.2           1305.8388     3832.3800    -2526.5412
       299.7129                 40.1033             289.7           1508.1438     3827.3400    -2319.1962
       299.7644                 40.1103             301.1           1586.2946     3935.3400    -2349.0454
       299.8159                 40.1172             293.8           1335.5006     3866.2200    -2530.7194
       299.8675                 40.1241             303.6           1522.5853     3958.5600    -2435.9747
       299.9188                 40.1311             291.9           1355.4664     3847.6800    -2492.2136
       299.9702                 40.1380             304.6           1538.3875     3967.5600    -2429.1725
       300.0217                 40.1449             300.7           1512.8703     3931.2000    -2418.3297
       300.0732                 40.1518             297.4           1402.4164     3900.4200    -2498.0036
       300.1248                 40.1588             323.4           1697.5624     4145.2200    -2447.6576
       300.1763                 40.1657             315.6           1471.0925     4072.1400    -2601.0475
       300.2277                 40.1726             309.5           1394.7277     4013.8200    -2619.0923
       300.2500                 40.1756             296.5           1274.7023     3891.7800    -2617.0777
       300.3014                 40.1826             306.6           1484.4924     3986.6400    -2502.1476
       300.3529                 40.1895             328.5           1632.9322     4193.2800    -2560.3478
       300.4043                 40.1964             301.3           1419.9132     3936.9600    -2517.0468
       300.4558                 40.2033             313.7           1480.5475     4053.9600    -2573.4125
       300.5074                 40.2103             325.3           1693.6086     4163.5800    -2469.9714
       300.5588                 40.2172             292.3           1414.0341     3852.1800    -2438.1459
       300.6101                 40.2241             292.7           1410.0216     3855.2400    -2445.2184
       300.6615                 40.2311             313.8           1687.0929     4054.5000    -2367.4071
       300.7129                 40.2380             326.1           1727.6869     4170.7800    -2443.0931
       300.7645                 40.2449             299.3           1467.6921     3917.5200    -2449.8279
       300.8160                 40.2518             308.0           1629.2063     4000.1400    -2370.9337
       300.8675                 40.2588             319.6           1615.4268     4109.0400    -2493.6132
       300.9190                 40.2657             308.6           1477.2570     4005.5400    -2528.2830
       300.9705                 40.2726             309.8           1614.9620     4016.8800    -2401.9180
       301.0220                 40.2795             302.9           1567.7878     3951.9000    -2384.1122
       301.0735                 40.2865             300.5           1463.1507     3929.5800    -2466.4293
       301.1250                 40.2934             306.2           1546.2137     3983.0400    -2436.8263
       301.1766                 40.3003             304.6           1631.7989     3968.1000    -2336.3011
       301.2281                 40.3073             303.9           1524.6360     3960.9000    -2436.2640
       301.2500                 40.3102             326.1           1710.1963     4170.4200    -2460.2237
