     collisions(billions)   time(microsecond)   temperature(K)   Etotal(kJ/mol)   KE(kJ/mol)   PE(kJ/mol)
===============================================================================================================
         0.0000                  0.0000            1028.4          10796.7480    10800.0000       -3.2520
         0.0745                  0.0061            1068.3          11172.5345    11176.5600       -4.0255
         0.1000                  0.0082            1060.3          11070.1556    11100.9600      -30.8044
         0.1714                  0.0143             913.2           9692.6028     9712.6200      -20.0172
         0.2000                  0.0168             955.3          10076.5756    10110.0600      -33.4844
         0.2684                  0.0231             785.8           8487.0489     8509.3200      -22.2711
         0.3000                  0.0260             767.3           8250.9368     8334.7200      -83.7832
         0.3649                  0.0323             713.1           7798.5359     7823.8800      -25.3441
         0.4000                  0.0357             677.1           7465.2966     7483.6800      -18.3834
         0.4612                  0.0422             538.3           6113.0973     6173.4600      -60.3627
         0.5000                  0.0463             573.9           6456.3197     6509.7000      -53.3803
         0.5599                  0.0528             527.0           6013.8334     6067.0800      -53.2466
         0.6195                  0.0593             507.5           5840.5951     5883.1200      -42.5249
         0.6500                  0.0627             553.3           6277.7418     6314.9400      -37.1982
         0.7081                  0.0693             470.2           5410.0779     5530.8600     -120.7821
         0.7661                  0.0759             487.2           5613.6001     5691.0600      -77.4599
         0.8000                  0.0797             502.9           5729.9660     5839.7400     -109.7740
         0.8567                  0.0864             431.1           5050.0786     5162.0400     -111.9614
         0.9131                  0.0931             423.2           4937.9477     5087.7000     -149.7523
         0.9696                  0.0997             445.4           5168.6445     5297.0400     -128.3955
         1.0000                  0.1033             434.9           5079.0469     5198.0400     -118.9931
         1.0548                  0.1101             398.3           4770.9215     4852.4400      -81.5185
         1.1096                  0.1168             391.7           4611.2687     4790.1600     -178.8913
         1.1646                  0.1236             387.4           4595.9996     4749.1200     -153.1204
         1.2195                  0.1303             392.4           4650.3233     4797.0000     -146.6767
         1.2500                  0.1341             379.3           4506.4033     4672.9800     -166.5767
         1.3018                  0.1410             311.5           3455.3016     4033.0800     -577.7784
         1.3538                  0.1479             289.0           3075.1419     3820.5000     -745.3581
         1.4056                  0.1548             316.6           3517.3766     4081.1400     -563.7634
         1.4574                  0.1618             310.2           3577.5976     4020.4800     -442.8824
         1.5093                  0.1687             321.5           3550.6186     4127.4000     -576.7814
         1.5613                  0.1756             294.0           3098.1420     3867.8400     -769.6980
         1.6132                  0.1825             313.6           3467.0415     4052.5200     -585.4785
         1.6651                  0.1895             311.8           3135.0060     4035.6000     -900.5940
         1.7172                  0.1964             287.7           2956.5831     3808.4400     -851.8569
         1.7691                  0.2033             312.4           3325.5782     4041.1800     -715.6018
         1.8210                  0.2103             332.0           3713.4538     4226.7600     -513.3062
         1.8730                  0.2172             312.2           3407.2680     4039.3800     -632.1120
         1.9250                  0.2241             299.2           3247.3014     3916.9800     -669.6786
         1.9770                  0.2310             310.5           3338.8406     4023.5400     -684.6994
         2.0290                  0.2380             310.9           3337.7590     4027.3200     -689.5610
         2.0810                  0.2449             303.5           3194.5191     3957.6600     -763.1409
         2.1330                  0.2518             291.9           3234.1581     3847.8600     -613.7019
         2.1849                  0.2588             310.2           3392.2744     4020.6600     -628.3856
         2.2369                  0.2657             317.7           3468.8926     4091.2200     -622.3274
         2.2500                  0.2674             314.6           3556.6745     4061.8800     -505.2055
         2.3018                  0.2744             294.1           3275.8660     3868.9200     -593.0540
         2.3536                  0.2813             314.5           3489.6576     4061.7000     -572.0424
         2.4055                  0.2882             308.3           3417.9546     4003.2000     -585.2454
         2.4576                  0.2951             293.7           3071.5657     3864.9600     -793.3943
         2.5095                  0.3021             313.0           3176.6106     4047.6600     -871.0494
         2.5616                  0.3090             284.7           2950.0122     3780.0000     -829.9878
         2.6136                  0.3159             298.5           3309.1617     3910.6800     -601.5183
         2.6656                  0.3228             290.0           3125.6004     3830.2200     -704.6196
         2.7173                  0.3298             287.9           3161.0184     3809.8800     -648.8616
         2.7690                  0.3367             296.4           3192.5259     3890.8800     -698.3541
         2.8210                  0.3436             314.8           3376.9146     4064.0400     -687.1254
         2.8729                  0.3506             295.1           3257.7816     3878.6400     -620.8584
         2.9248                  0.3575             320.2           3286.5263     4115.1600     -828.6337
         2.9769                  0.3644             300.3           3259.9610     3927.2400     -667.2790
         3.0289                  0.3713             304.2           3263.1701     3964.5000     -701.3299
         3.0807                  0.3783             327.5           3386.7987     4184.4600     -797.6613
         3.1327                  0.3852             304.8           3404.1908     3969.3600     -565.1692
         3.1848                  0.3921             304.7           3329.5183     3968.6400     -639.1217
         3.2367                  0.3991             293.7           3371.1655     3864.6000     -493.4345
         3.2500                  0.4008             312.4           3538.2876     4041.3600     -503.0724
         3.3020                  0.4078             305.6           3173.7514     3976.9200     -803.1686
         3.3539                  0.4147             304.6           3258.0812     3968.2800     -710.1988
         3.4058                  0.4216             311.0           3276.1729     4027.8600     -751.6871
         3.4577                  0.4285             307.6           3340.2529     3996.3600     -656.1071
         3.5098                  0.4355             311.8           3318.1308     4036.3200     -718.1892
         3.5616                  0.4424             315.3           3379.2405     4068.7200     -689.4795
         3.6136                  0.4493             308.0           3544.4574     3999.9600     -455.5026
         3.6655                  0.4563             308.7           3314.8626     4006.4400     -691.5774
         3.7175                  0.4632             317.2           3398.7366     4086.7200     -687.9834
         3.7694                  0.4701             307.6           3480.1803     3996.3600     -516.1797
         3.8212                  0.4770             315.9           3531.0957     4074.1200     -543.0243
         3.8732                  0.4840             316.9           3375.9325     4083.8400     -707.9075
         3.9250                  0.4909             294.8           3354.1134     3875.4000     -521.2866
         3.9768                  0.4978             306.4           3404.1271     3985.2000     -581.0729
         4.0287                  0.5047             313.1           3389.5194     4048.5600     -659.0406
         4.0807                  0.5117             297.3           3156.1722     3898.8000     -742.6278
         4.1327                  0.5186             285.5           3167.0025     3788.1000     -621.0975
         4.1846                  0.5255             313.8           3419.2936     4054.3200     -635.0264
         4.2364                  0.5325             316.9           3543.6721     4083.6600     -539.9879
         4.2500                  0.5343             288.6           3246.4301     3816.9000     -570.4699
         4.3019                  0.5412             295.1           3459.1186     3878.6400     -419.5214
         4.3539                  0.5481             320.3           3568.4716     4115.7000     -547.2284
         4.4058                  0.5550             309.9           3440.1603     4018.3200     -578.1597
         4.4577                  0.5620             327.0           3425.1058     4178.8800     -753.7742
         4.5097                  0.5689             300.9           3334.5105     3933.3600     -598.8495
         4.5617                  0.5758             299.9           3250.1748     3923.8200     -673.6452
         4.6139                  0.5828             305.6           3399.6302     3976.9200     -577.2898
         4.6658                  0.5897             306.2           3246.9972     3983.4000     -736.4028
         4.7177                  0.5966             314.6           3318.6436     4061.8800     -743.2364
         4.7696                  0.6035             304.5           3374.1357     3966.6600     -592.5243
         4.8217                  0.6105             308.6           3380.4691     4005.5400     -625.0709
         4.8735                  0.6174             293.1           3207.9424     3859.5600     -651.6176
         4.9255                  0.6243             325.9           3556.2739     4168.9800     -612.7061
         4.9775                  0.6313             299.5           3332.3321     3919.5000     -587.1679
         5.0294                  0.6382             311.8           3182.5835     4036.1400     -853.5565
         5.0814                  0.6451             330.8           3591.8954     4215.2400     -623.3446
         5.1333                  0.6520             313.4           3359.5364     4050.5400     -691.0036
         5.1853                  0.6590             293.2           3210.3857     3860.2800     -649.8943
         5.2372                  0.6659             309.5           3400.4909     4014.1800     -613.6891
         5.2500                  0.6676             322.4           3497.9194     4135.6800     -637.7606
         5.3021                  0.6745             302.5           3259.0710     3947.9400     -688.8690
         5.3541                  0.6814             318.8           3357.3227     4102.3800     -745.0573
         5.4060                  0.6884             331.9           3509.9273     4225.8600     -715.9327
         5.4579                  0.6953             300.3           3467.1197     3927.7800     -460.6603
         5.5098                  0.7022             296.4           3226.3545     3890.5200     -664.1655
         5.5617                  0.7092             327.8           3640.3355     4186.6200     -546.2845
         5.6136                  0.7161             313.7           3379.1979     4053.9600     -674.7621
         5.6656                  0.7230             303.5           3213.7600     3957.8400     -744.0800
         5.7176                  0.7299             306.4           3239.6770     3985.0200     -745.3430
         5.7696                  0.7369             327.8           3401.5818     4187.3400     -785.7582
         5.8217                  0.7438             324.1           3468.5914     4151.8800     -683.2886
         5.8736                  0.7507             290.7           3237.5088     3836.8800     -599.3712
         5.9256                  0.7576             292.3           3215.4469     3851.6400     -636.1931
         5.9775                  0.7646             318.0           3409.8164     4094.8200     -685.0036
         6.0292                  0.7715             295.4           3332.9819     3881.3400     -548.3581
         6.0811                  0.7784             301.9           3149.2739     3942.3600     -793.0861
         6.1330                  0.7854             313.4           3393.7979     4051.2600     -657.4621
         6.1851                  0.7923             314.6           3185.2063     4062.6000     -877.3937
         6.2371                  0.7992             300.8           3375.7480     3931.9200     -556.1720
         6.2500                  0.8009             304.6           3196.8380     3967.5600     -770.7220
         6.3020                  0.8079             301.4           3577.8460     3937.6800     -359.8340
         6.3539                  0.8148             308.0           3285.9773     3999.7800     -713.8027
         6.4059                  0.8217             319.3           3667.2177     4106.5200     -439.3023
         6.4577                  0.8286             297.2           3440.4379     3897.7200     -457.2821
         6.5096                  0.8356             297.9           3269.0438     3904.5600     -635.5162
         6.5615                  0.8425             324.1           3672.4737     4151.8800     -479.4063
         6.6134                  0.8494             316.4           3323.0083     4079.5200     -756.5117
         6.6654                  0.8564             319.1           3533.8117     4104.5400     -570.7283
         6.7173                  0.8633             300.8           3274.2146     3931.9200     -657.7054
         6.7692                  0.8702             296.5           3191.5463     3891.7800     -700.2337
         6.8212                  0.8771             296.8           3358.2071     3893.9400     -535.7329
         6.8732                  0.8841             309.3           3148.5109     4012.7400     -864.2291
         6.9251                  0.8910             306.6           3292.3745     3986.4600     -694.0855
         6.9770                  0.8979             309.0           3440.2273     4009.5000     -569.2727
         7.0288                  0.9049             294.2           3114.6148     3869.4600     -754.8452
         7.0808                  0.9118             313.5           3396.7167     4052.1600     -655.4433
         7.1327                  0.9187             309.6           3451.5231     4015.0800     -563.5569
         7.1845                  0.9256             288.7           3292.9235     3817.4400     -524.5165
         7.2365                  0.9326             303.1           3288.4025     3953.8800     -665.4775
         7.2500                  0.9344             307.6           3443.9611     3996.1800     -552.2189
         7.3019                  0.9413             302.0           3234.9140     3943.0800     -708.1660
         7.3540                  0.9482             312.9           3175.1505     4045.8600     -870.7095
         7.4063                  0.9552             299.7           3441.2108     3921.3000     -480.0892
         7.4582                  0.9621             302.7           3482.4491     3950.2800     -467.8309
         7.5101                  0.9690             293.5           3106.1625     3863.1600     -756.9975
         7.5622                  0.9759             311.3           3430.7678     4030.9200     -600.1522
         7.6140                  0.9829             318.9           3467.6538     4103.1000     -635.4462
         7.6659                  0.9898             282.4           3360.3560     3758.5800     -398.2240
         7.7179                  0.9967             312.3           3272.7456     4040.2800     -767.5344
         7.7698                  1.0037             289.8           3172.0835     3828.0600     -655.9765
         7.8216                  1.0106             314.4           3400.2003     4060.8000     -660.5997
         7.8736                  1.0175             305.3           3222.9418     3974.9400     -751.9982
         7.9255                  1.0244             305.6           3281.8907     3976.9200     -695.0293
         7.9776                  1.0314             298.7           3326.8512     3912.4800     -585.6288
         8.0294                  1.0383             304.9           3140.2285     3970.8000     -830.5715
         8.0815                  1.0452             311.7           3200.3241     4035.0600     -834.7359
         8.1332                  1.0522             310.1           3157.3417     4019.5800     -862.2383
         8.1852                  1.0591             300.5           3050.2600     3929.2200     -878.9600
         8.2374                  1.0660             295.1           2699.5029     3878.4600    -1178.9571
         8.2500                  1.0677             298.8           2923.7938     3913.2000     -989.4062
         8.3020                  1.0746             309.6           3160.3075     4014.7200     -854.4125
         8.3539                  1.0815             311.8           3124.9824     4035.9600     -910.9776
         8.4059                  1.0885             319.5           3278.4740     4108.3200     -829.8460
         8.4579                  1.0954             306.9           3268.5728     3989.8800     -721.3072
         8.5098                  1.1023             310.0           3113.6633     4018.6800     -905.0167
         8.5617                  1.1092             314.1           3423.9488     4057.3800     -633.4312
         8.6137                  1.1162             321.1           3348.0439     4123.2600     -775.2161
         8.6655                  1.1231             314.4           3327.1288     4060.6200     -733.4912
         8.7174                  1.1300             309.1           3407.2413     4010.2200     -602.9787
         8.7693                  1.1370             313.2           3155.6991     4048.9200     -893.2209
         8.8211                  1.1439             299.5           3311.8464     3919.8600     -608.0136
         8.8731                  1.1508             314.6           3274.4100     4062.2400     -787.8300
         8.9250                  1.1577             313.5           3142.5354     4051.8000     -909.2646
         8.9770                  1.1647             304.3           3278.1496     3965.2200     -687.0704
         9.0289                  1.1716             314.9           3214.2694     4065.3000     -851.0306
         9.0808                  1.1785             299.1           3233.7324     3916.2600     -682.5276
         9.1327                  1.1855             311.8           3293.2590     4035.4200     -742.1610
         9.1846                  1.1924             304.6           2939.2627     3967.5600    -1028.2973
         9.2366                  1.1993             306.3           3244.2474     3983.5800     -739.3326
         9.2500                  1.2011             314.3           3394.6002     4059.0000     -664.3998
         9.3019                  1.2080             317.5           3242.9380     4089.2400     -846.3020
         9.3539                  1.2149             289.2           3154.9038     3822.3000     -667.3962
         9.4058                  1.2219             299.3           3464.4592     3917.8800     -453.4208
         9.4576                  1.2288             302.5           3492.1419     3947.9400     -455.7981
         9.5095                  1.2357             296.2           3485.6199     3888.9000     -403.2801
         9.5614                  1.2427             322.3           3486.5345     4135.1400     -648.6055
         9.6134                  1.2496             296.6           3229.7381     3892.5000     -662.7619
         9.6652                  1.2565             308.8           3221.0796     4007.5200     -786.4404
         9.7172                  1.2634             288.5           3172.6830     3816.0000     -643.3170
         9.7692                  1.2704             293.3           3226.0767     3861.0000     -634.9233
         9.8210                  1.2773             291.7           3319.9135     3846.0600     -526.1465
         9.8730                  1.2842             311.6           3381.1130     4034.3400     -653.2270
         9.9247                  1.2911             313.9           3328.3057     4055.5800     -727.2743
         9.9766                  1.2981             306.2           3399.4909     3983.0400     -583.5491
        10.0285                  1.3050             308.8           3354.9511     4007.7000     -652.7489
        10.0805                  1.3119             300.7           3053.5061     3931.0200     -877.5139
        10.1326                  1.3189             302.9           2963.3688     3951.5400     -988.1712
        10.1847                  1.3258             320.3           3309.0536     4116.0600     -807.0064
        10.2367                  1.3327             289.5           3032.6995     3825.5400     -792.8405
        10.2500                  1.3345             293.6           3091.8286     3864.4200     -772.5914
        10.3020                  1.3414             309.4           3368.8967     4012.9200     -644.0233
        10.3539                  1.3484             290.7           3157.7095     3836.7000     -678.9905
        10.4058                  1.3553             325.8           3510.5385     4167.9000     -657.3615
        10.4578                  1.3622             298.9           3320.8246     3913.9200     -593.0954
        10.5097                  1.3691             313.9           3420.8863     4055.4000     -634.5137
        10.5615                  1.3761             313.8           3273.9492     4054.3200     -780.3708
        10.6134                  1.3830             334.9           3489.6369     4253.5800     -763.9431
        10.6653                  1.3899             290.9           3128.0307     3838.8600     -710.8293
        10.7173                  1.3968             306.5           3218.8946     3986.2800     -767.3854
        10.7693                  1.4038             307.5           3435.9199     3994.9200     -559.0001
        10.8211                  1.4107             317.0           3266.0718     4084.7400     -818.6682
        10.8731                  1.4176             320.8           3587.4256     4121.1000     -533.6744
        10.9249                  1.4246             310.8           3362.4609     4026.2400     -663.7791
        10.9768                  1.4315             304.1           3230.6156     3962.8800     -732.2644
        11.0287                  1.4384             309.0           3380.4529     4009.3200     -628.8671
        11.0806                  1.4453             282.6           3030.6808     3760.3800     -729.6992
        11.1326                  1.4523             300.1           3379.1086     3925.2600     -546.1514
        11.1844                  1.4592             302.0           3430.0469     3943.4400     -513.3931
        11.2364                  1.4661             296.4           3027.5008     3890.3400     -862.8392
        11.2500                  1.4679             305.3           3035.1041     3974.5800     -939.4759
        11.3021                  1.4749             326.4           3325.7204     4173.4800     -847.7596
        11.3541                  1.4818             325.1           3543.6089     4161.4200     -617.8111
        11.4059                  1.4887             303.7           3436.3731     3959.1000     -522.7269
        11.4579                  1.4956             290.2           3235.1112     3831.8400     -596.7288
        11.5097                  1.5026             315.1           3566.2684     4066.7400     -500.4716
        11.5617                  1.5095             318.4           3370.9973     4098.4200     -727.4227
        11.6135                  1.5164             317.6           3210.3700     4090.6800     -880.3100
        11.6654                  1.5234             323.5           3687.0062     4146.6600     -459.6538
        11.7173                  1.5303             309.5           3396.0204     4014.0000     -617.9796
        11.7693                  1.5372             299.8           3273.4637     3922.9200     -649.4563
        11.8212                  1.5441             310.6           3563.8385     4024.0800     -460.2415
        11.8731                  1.5511             311.1           3330.4939     4029.4800     -698.9861
        11.9251                  1.5580             321.2           3519.6766     4124.8800     -605.2034
        11.9770                  1.5649             301.3           3220.1439     3936.9600     -716.8161
        12.0290                  1.5718             319.4           3702.1588     4107.2400     -405.0812
        12.0809                  1.5788             283.8           3191.5751     3771.5400     -579.9649
        12.1328                  1.5857             315.7           3409.0202     4072.3200     -663.2998
        12.1848                  1.5926             294.1           3220.5394     3869.1000     -648.5606
        12.2366                  1.5996             297.7           3386.3658     3902.9400     -516.5742
        12.2500                  1.6013             312.5           3508.8302     4042.0800     -533.2498
        12.3018                  1.6083             318.6           3627.3198     4099.6800     -472.3602
        12.3538                  1.6152             307.3           3350.4808     3992.9400     -642.4592
        12.4057                  1.6221             313.4           3496.2297     4050.5400     -554.3103
        12.4576                  1.6290             305.2           3228.1679     3973.6800     -745.5121
        12.5095                  1.6360             323.1           3442.6921     4142.3400     -699.6479
        12.5615                  1.6429             328.4           3475.3742     4192.3800     -717.0058
        12.6136                  1.6498             294.6           3279.8992     3873.4200     -593.5208
        12.6655                  1.6568             312.8           3421.5972     4045.5000     -623.9028
        12.7173                  1.6637             331.1           3653.9180     4217.7600     -563.8420
        12.7692                  1.6706             308.7           3441.3820     4006.9800     -565.5980
        12.8210                  1.6775             316.7           3583.4500     4082.5800     -499.1300
        12.8730                  1.6845             310.5           3376.4634     4023.3600     -646.8966
        12.9249                  1.6914             292.2           3207.1147     3850.5600     -643.4453
        12.9770                  1.6983             298.7           3250.7011     3912.4800     -661.7789
        13.0290                  1.7053             299.4           2999.9494     3918.4200     -918.4706
        13.0810                  1.7122             318.9           3371.5100     4102.9200     -731.4100
        13.1329                  1.7191             328.7           3576.7883     4195.8000     -619.0117
        13.1849                  1.7260             283.5           3235.8699     3768.4800     -532.6101
        13.2369                  1.7330             298.6           3307.7993     3911.0400     -603.2407
        13.2500                  1.7347             320.8           3668.1319     4120.7400     -452.6081
        13.3019                  1.7416             301.2           3258.4388     3936.0600     -677.6212
        13.3537                  1.7486             305.8           3332.9099     3979.2600     -646.3501
        13.4058                  1.7555             295.0           3174.8392     3877.0200     -702.1808
        13.4579                  1.7624             298.7           3300.8274     3912.1200     -611.2926
        13.5097                  1.7694             305.8           3392.1292     3979.0800     -586.9508
        13.5616                  1.7763             298.6           3195.9953     3910.8600     -714.8647
        13.6135                  1.7832             307.7           3449.3444     3997.6200     -548.2756
        13.6655                  1.7901             303.2           3430.8258     3954.2400     -523.4142
        13.7174                  1.7971             297.5           3333.7236     3900.9600     -567.2364
        13.7692                  1.8040             285.4           3179.6878     3787.0200     -607.3322
        13.8212                  1.8109             292.9           3079.9031     3857.5800     -777.6769
        13.8732                  1.8178             302.1           3443.6512     3944.3400     -500.6888
        13.9250                  1.8248             299.1           3318.8841     3916.2600     -597.3759
        13.9772                  1.8317             306.0           3291.6927     3981.4200     -689.7273
        14.0291                  1.8386             303.9           3141.7490     3960.9000     -819.1510
        14.0810                  1.8456             312.0           3401.5153     4037.5800     -636.0647
        14.1331                  1.8525             310.1           3270.9431     4019.5800     -748.6369
        14.1849                  1.8594             302.8           3483.8286     3951.0000     -467.1714
        14.2369                  1.8663             306.0           3333.5208     3981.4200     -647.8992
        14.2500                  1.8681             314.5           3379.1785     4060.9800     -681.8015
        14.3019                  1.8750             310.1           3450.9719     4019.4000     -568.4281
        14.3538                  1.8819             290.9           3077.4225     3838.3200     -760.8975
        14.4057                  1.8889             293.4           3103.8275     3862.4400     -758.6125
        14.4577                  1.8958             298.1           3073.1693     3906.5400     -833.3707
        14.5096                  1.9027             296.6           3223.8387     3892.6800     -668.8413
        14.5616                  1.9097             295.9           3281.0772     3885.4800     -604.4028
        14.6135                  1.9166             304.8           3378.1408     3969.7200     -591.5792
        14.6655                  1.9235             296.0           3172.7223     3886.5600     -713.8377
        14.7175                  1.9304             311.0           3437.1158     4028.0400     -590.9242
        14.7694                  1.9374             321.4           3632.5037     4126.6800     -494.1763
        14.8213                  1.9443             304.6           3116.5909     3967.9200     -851.3291
        14.8733                  1.9512             329.9           3382.9738     4206.9600     -823.9862
        14.9252                  1.9582             280.6           2786.7187     3741.3000     -954.5813
        14.9772                  1.9651             311.8           3366.8599     4036.3200     -669.4601
        15.0292                  1.9720             312.1           3249.5524     4038.4800     -788.9276
        15.0813                  1.9789             307.5           3124.2264     3994.9200     -870.6936
        15.1333                  1.9859             298.1           3248.0280     3906.9000     -658.8720
        15.1853                  1.9928             302.1           3396.5046     3944.3400     -547.8354
        15.2372                  1.9997             314.8           3304.2872     4063.8600     -759.5728
        15.2500                  2.0014             296.1           3118.9609     3887.6400     -768.6791
        15.3020                  2.0084             310.5           3422.3833     4023.1800     -600.7967
        15.3538                  2.0153             299.9           3019.3726     3923.8200     -904.4474
        15.4059                  2.0222             297.2           3110.1322     3898.0800     -787.9478
        15.4579                  2.0291             313.9           3179.7065     4056.1200     -876.4135
        15.5099                  2.0361             304.2           3411.2436     3964.3200     -553.0764
        15.5618                  2.0430             309.7           3458.8284     4015.6200     -556.7916
        15.6136                  2.0499             307.0           3207.0516     3990.6000     -783.5484
        15.6656                  2.0568             311.6           3318.8835     4033.9800     -715.0965
        15.7176                  2.0638             314.6           3211.4034     4062.2400     -850.8366
        15.7698                  2.0707             298.5           3211.1515     3910.6800     -699.5285
        15.8217                  2.0776             300.6           3312.9792     3930.4800     -617.5008
        15.8735                  2.0846             299.5           3186.1783     3920.2200     -734.0417
        15.9255                  2.0915             319.8           3235.1605     4111.3800     -876.2195
        15.9776                  2.0984             312.8           3070.4637     4045.3200     -974.8563
        16.0295                  2.1053             321.9           3062.2737     4131.3600    -1069.0863
        16.0815                  2.1123             318.5           3547.3021     4098.7800     -551.4779
        16.1334                  2.1192             330.5           3648.2540     4212.7200     -564.4660
        16.1853                  2.1261             302.9           3509.0868     3951.5400     -442.4532
        16.2372                  2.1331             309.2           3255.6290     4011.6600     -756.0310
        16.2500                  2.1348             311.3           3341.7246     4030.7400     -689.0154
        16.3020                  2.1417             310.1           3471.6400     4020.1200     -548.4800
        16.3540                  2.1486             291.1           3413.3976     3840.4800     -427.0824
        16.4060                  2.1555             306.8           3422.0837     3988.2600     -566.1763
        16.4580                  2.1625             300.5           3451.4487     3929.2200     -477.7713
        16.5101                  2.1694             304.6           3265.2124     3967.7400     -702.5276
        16.5622                  2.1763             300.4           3429.2401     3928.3200     -499.0799
        16.6142                  2.1832             299.6           3178.7604     3921.1200     -742.3596
        16.6661                  2.1902             318.0           3675.9910     4094.2800     -418.2890
        16.7180                  2.1971             304.4           3383.9834     3965.5800     -581.5966
        16.7699                  2.2040             296.7           3123.7487     3893.0400     -769.2913
        16.8218                  2.2110             303.1           3303.9952     3953.5200     -649.5248
        16.8737                  2.2179             310.3           3054.5267     4021.3800     -966.8533
        16.9257                  2.2248             305.8           3282.8794     3979.0800     -696.2006
        16.9776                  2.2317             298.2           3209.7660     3907.6200     -697.8540
        17.0295                  2.2387             315.8           3410.0361     4073.4000     -663.3639
        17.0814                  2.2456             299.5           3309.2116     3920.0400     -610.8284
        17.1334                  2.2525             293.9           3078.0011     3866.5800     -788.5789
        17.1853                  2.2595             298.6           3192.5603     3911.5800     -719.0197
        17.2372                  2.2664             301.6           3090.2725     3939.6600     -849.3875
        17.2500                  2.2681             311.2           3091.3842     4030.3800     -938.9958
        17.3020                  2.2750             292.2           3215.0369     3851.2800     -636.2431
        17.3540                  2.2819             325.5           3384.7711     4165.0200     -780.2489
        17.4059                  2.2889             317.8           3192.9367     4092.1200     -899.1833
        17.4580                  2.2958             309.8           3080.7671     4017.2400     -936.4729
        17.5100                  2.3027             312.6           3351.5352     4043.5200     -691.9848
        17.5619                  2.3097             292.3           3182.7600     3852.0000     -669.2400
        17.6138                  2.3166             284.9           2860.7504     3782.3400     -921.5896
        17.6659                  2.3235             302.3           3407.3301     3945.7800     -538.4499
        17.7179                  2.3304             301.0           3196.6543     3934.0800     -737.4257
        17.7698                  2.3374             304.2           3332.6190     3964.5000     -631.8810
        17.8218                  2.3443             292.7           3346.9018     3855.7800     -508.8782
        17.8737                  2.3512             306.8           3202.7791     3988.9800     -786.2009
        17.9258                  2.3581             323.5           3567.9885     4146.3000     -578.3115
        17.9777                  2.3651             295.4           3162.7580     3881.5200     -718.7620
        18.0296                  2.3720             295.9           3112.0371     3885.6600     -773.6229
        18.0816                  2.3789             313.8           3414.9710     4055.0400     -640.0690
        18.1336                  2.3859             322.9           3484.3821     4140.1800     -655.7979
        18.1855                  2.3928             293.1           3219.6030     3859.0200     -639.4170
        18.2374                  2.3997             323.8           3674.1047     4149.1800     -475.0753
        18.2500                  2.4014             304.4           3645.0842     3965.9400     -320.8558
        18.3019                  2.4083             306.9           3079.8719     3989.5200     -909.6481
        18.3538                  2.4153             297.4           3146.5803     3900.2400     -753.6597
        18.4057                  2.4222             316.4           3570.4230     4079.1600     -508.7370
        18.4575                  2.4291             291.0           3425.3681     3839.7600     -414.3919
        18.5094                  2.4360             314.6           3262.2180     4062.4200     -800.2020
        18.5613                  2.4430             305.7           3363.7547     3978.7200     -614.9653
        18.6133                  2.4499             304.8           3633.4960     3969.9000     -336.4040
        18.6652                  2.4568             309.4           3421.1596     4013.6400     -592.4804
        18.7171                  2.4637             308.3           3357.6216     4002.6600     -645.0384
        18.7690                  2.4707             288.1           3229.6005     3812.4000     -582.7995
        18.8208                  2.4776             301.4           3568.0818     3937.8600     -369.7782
        18.8727                  2.4845             288.9           3046.9429     3820.1400     -773.1971
        18.9247                  2.4915             302.1           3220.5556     3944.3400     -723.7844
        18.9766                  2.4984             295.4           3306.5076     3880.9800     -574.4724
        19.0286                  2.5053             283.6           2929.3907     3769.5600     -840.1693
        19.0804                  2.5122             318.1           3566.2428     4095.3600     -529.1172
        19.1324                  2.5192             298.9           3331.9159     3914.1000     -582.1841
        19.1842                  2.5261             301.5           3461.6664     3938.9400     -477.2736
        19.2360                  2.5330             300.4           3414.0915     3928.3200     -514.2285
        19.2500                  2.5349             301.4           3354.1402     3938.0400     -583.8998
        19.3020                  2.5418             318.9           3548.3892     4103.2800     -554.8908
        19.3538                  2.5487             298.5           3152.4596     3910.3200     -757.8604
        19.4058                  2.5557             316.4           3437.6338     4079.5200     -641.8862
        19.4577                  2.5626             291.1           3163.4821     3840.6600     -677.1779
        19.5096                  2.5695             296.5           3304.3093     3891.2400     -586.9307
        19.5616                  2.5765             315.4           3482.5460     4069.6200     -587.0740
        19.6136                  2.5834             307.0           3324.4628     3990.2400     -665.7772
        19.6656                  2.5903             311.8           3470.4985     4035.4200     -564.9215
        19.7175                  2.5972             319.6           3282.0635     4109.2200     -827.1565
        19.7694                  2.6042             311.2           3239.9841     4030.2000     -790.2159
        19.8214                  2.6111             308.7           3402.0094     4006.6200     -604.6106
        19.8733                  2.6180             299.8           3346.4442     3922.5600     -576.1158
        19.9251                  2.6250             299.4           3314.9221     3918.6000     -603.6779
        19.9770                  2.6319             306.3           3335.0389     3983.9400     -648.9011
        20.0290                  2.6388             301.5           3311.6205     3938.4000     -626.7795
        20.0808                  2.6457             301.0           3380.5095     3934.0800     -553.5705
        20.1328                  2.6527             312.6           3487.9746     4042.9800     -555.0054
        20.1848                  2.6596             303.3           3324.6143     3955.6800     -631.0657
        20.2367                  2.6665             322.0           3599.8691     4131.7200     -531.8509
        20.2500                  2.6683             310.1           3499.0244     4020.1200     -521.0956
        20.3019                  2.6752             306.8           3451.0115     3988.9800     -537.9685
        20.3538                  2.6821             314.7           3670.5219     4062.9600     -392.4381
        20.4057                  2.6891             316.5           3729.6472     4080.0600     -350.4128
        20.4576                  2.6960             306.0           3254.9621     3980.7000     -725.7379
        20.5095                  2.7029             313.9           3473.0150     4055.5800     -582.5650
        20.5614                  2.7099             295.8           3181.1508     3884.5800     -703.4292
        20.6134                  2.7168             295.0           3323.4363     3876.8400     -553.4037
        20.6652                  2.7237             296.3           3355.6680     3889.4400     -533.7720
        20.7172                  2.7306             299.8           3256.5182     3922.2000     -665.6818
        20.7691                  2.7376             322.6           3435.4103     4137.4800     -702.0697
        20.8211                  2.7445             309.7           3412.8602     4016.1600     -603.2998
        20.8729                  2.7514             310.2           3489.5009     4020.6600     -531.1591
        20.9249                  2.7583             299.9           3156.6101     3923.4600     -766.8499
        20.9769                  2.7653             296.9           3154.4600     3895.2000     -740.7400
        21.0288                  2.7722             305.9           3202.4374     3980.5200     -778.0826
        21.0808                  2.7791             302.2           3340.6955     3945.2400     -604.5445
        21.1326                  2.7861             315.4           3592.0339     4069.6200     -477.5861
        21.1847                  2.7930             313.6           3431.4556     4052.7000     -621.2444
        21.2368                  2.7999             311.6           3213.6554     4033.9800     -820.3246
        21.2500                  2.8017             302.8           3298.2808     3950.6400     -652.3592
        21.3019                  2.8086             289.8           2991.4339     3827.8800     -836.4461
        21.3538                  2.8155             311.1           3278.5113     4028.9400     -750.4287
        21.4057                  2.8225             302.4           2935.2202     3947.4000    -1012.1798
        21.4579                  2.8294             287.3           3214.7898     3804.3000     -589.5102
        21.5097                  2.8363             298.7           3491.3377     3912.1200     -420.7823
        21.5615                  2.8432             291.0           3303.5696     3839.5800     -536.0104
        21.6135                  2.8502             298.5           3007.8458     3910.5000     -902.6542
        21.6656                  2.8571             313.7           3342.4149     4053.9600     -711.5451
        21.7178                  2.8640             302.5           3111.4690     3948.3000     -836.8310
        21.7697                  2.8709             298.3           3234.1931     3908.3400     -674.1469
        21.8216                  2.8779             325.0           3361.3435     4160.5200     -799.1765
        21.8738                  2.8848             304.6           3150.1941     3967.7400     -817.5459
        21.9256                  2.8917             294.8           3117.3551     3875.2200     -757.8649
        21.9776                  2.8987             305.8           3226.8260     3978.9000     -752.0740
        22.0295                  2.9056             310.3           3262.1503     4021.5600     -759.4097
        22.0813                  2.9125             300.8           3160.3421     3932.2800     -771.9379
        22.1334                  2.9194             315.9           3559.4615     4074.1200     -514.6585
        22.1853                  2.9264             307.6           3332.6240     3996.3600     -663.7360
        22.2372                  2.9333             319.9           3642.4338     4112.6400     -470.2062
        22.2500                  2.9350             314.2           3493.2648     4058.6400     -565.3752
        22.3019                  2.9419             307.4           3355.4985     3994.5600     -639.0615
        22.3538                  2.9489             303.0           3289.1837     3952.8000     -663.6163
        22.4058                  2.9558             308.4           3319.6435     4003.3800     -683.7365
        22.4579                  2.9627             316.7           3437.8901     4081.8600     -643.9699
        22.5098                  2.9696             299.9           3360.4527     3924.0000     -563.5473
        22.5617                  2.9766             330.2           3668.9946     4209.3000     -540.3054
        22.6136                  2.9835             314.1           3490.0626     4057.2000     -567.1374
        22.6655                  2.9904             321.2           3719.3816     4124.5200     -405.1384
        22.7175                  2.9973             320.5           3700.2156     4117.6800     -417.4644
        22.7695                  3.0043             300.1           3245.4360     3925.4400     -680.0040
        22.8216                  3.0112             308.0           3385.9642     4000.3200     -614.3558
        22.8735                  3.0181             318.1           3593.8700     4095.7200     -501.8500
        22.9256                  3.0251             310.4           3425.6721     4023.0000     -597.3279
        22.9776                  3.0320             324.9           3535.1741     4159.2600     -624.0859
        23.0294                  3.0389             326.5           3617.9467     4174.9200     -556.9733
        23.0813                  3.0458             307.0           3230.2935     3990.7800     -760.4865
        23.1334                  3.0528             312.7           3320.1325     4044.2400     -724.1075
        23.1854                  3.0597             309.2           3326.3910     4011.1200     -684.7290
        23.2374                  3.0666             301.9           3209.9562     3942.1800     -732.2238
        23.2500                  3.0683             314.7           3396.4472     4062.9600     -666.5128
        23.3019                  3.0752             320.0           3348.0378     4113.5400     -765.5022
        23.3538                  3.0822             300.3           3371.7605     3926.8800     -555.1195
        23.4058                  3.0891             288.0           3183.2751     3811.5000     -628.2249
        23.4577                  3.0960             317.3           3664.4594     4088.1600     -423.7006
        23.5096                  3.1029             319.8           3462.9102     4111.0200     -648.1098
        23.5616                  3.1099             308.4           3412.9406     4003.7400     -590.7994
        23.6136                  3.1168             303.4           3300.9495     3956.5800     -655.6305
        23.6656                  3.1237             276.6           2958.0274     3703.5000     -745.4726
        23.7175                  3.1306             300.1           3242.3467     3925.0800     -682.7333
        23.7695                  3.1376             310.5           3421.8645     4023.3600     -601.4955
        23.8215                  3.1445             306.6           3159.1567     3986.6400     -827.4833
        23.8736                  3.1514             310.5           3305.3561     4023.9000     -718.5439
        23.9255                  3.1584             298.0           3134.1756     3905.6400     -771.4644
        23.9775                  3.1653             303.1           3290.4381     3953.8800     -663.4419
        24.0294                  3.1722             310.5           3301.9739     4023.1800     -721.2061
        24.0813                  3.1791             312.6           3582.3104     4043.7000     -461.3896
        24.1332                  3.1861             305.8           3510.6428     3979.6200     -468.9772
        24.1853                  3.1930             306.4           3150.1699     3984.4800     -834.3101
        24.2373                  3.1999             293.4           3129.9055     3862.4400     -732.5345
        24.2500                  3.2016             324.3           3428.0414     4153.8600     -725.8186
        24.3019                  3.2085             285.5           3087.5377     3788.1000     -700.5623
        24.3539                  3.2155             311.3           3387.1456     4030.7400     -643.5944
        24.4059                  3.2224             314.9           3409.8232     4065.3000     -655.4768
        24.4579                  3.2293             300.3           3267.2309     3927.6000     -660.3691
        24.5099                  3.2363             304.0           3207.1845     3961.8000     -754.6155
        24.5619                  3.2432             310.9           3382.5750     4026.9600     -644.3850
        24.6137                  3.2501             287.1           3166.9998     3802.3200     -635.3202
        24.6654                  3.2570             311.2           3478.0137     4030.2000     -552.1863
        24.7173                  3.2640             303.8           3220.6594     3960.0000     -739.3406
        24.7690                  3.2709             311.3           3533.9309     4030.9200     -496.9891
        24.8209                  3.2778             295.7           3180.1068     3883.8600     -703.7532
        24.8729                  3.2848             306.6           3412.6133     3986.6400     -574.0267
        24.9249                  3.2917             308.9           3432.0051     4008.2400     -576.2349
        24.9769                  3.2986             308.7           3262.7240     4006.9800     -744.2560
        25.0290                  3.3055             305.2           3363.3381     3973.6800     -610.3419
        25.0811                  3.3125             307.0           3108.0081     3990.9600     -882.9519
        25.1333                  3.3194             293.5           2912.0851     3863.3400     -951.2549
        25.1852                  3.3263             313.5           3550.8382     4051.9800     -501.1418
        25.2371                  3.3332             305.5           3521.7648     3976.3800     -454.6152
        25.2500                  3.3350             317.5           3635.2760     4089.2400     -453.9640
        25.3019                  3.3419             302.4           3463.1328     3947.2200     -484.0872
        25.3537                  3.3488             307.9           3359.9759     3999.2400     -639.2641
        25.4056                  3.3557             301.7           3569.3203     3940.2000     -370.8797
        25.4575                  3.3627             296.2           3188.3791     3888.5400     -700.1609
        25.5095                  3.3696             312.8           3579.5106     4045.3200     -465.8094
        25.5615                  3.3765             312.0           3391.6980     4037.4000     -645.7020
        25.6134                  3.3835             316.3           3518.7536     4077.9000     -559.1464
        25.6653                  3.3904             290.5           3203.9139     3834.3600     -630.4461
        25.7171                  3.3973             309.9           3436.5790     4018.1400     -581.5610
        25.7690                  3.4042             290.9           3187.2996     3838.3200     -651.0204
        25.8209                  3.4112             306.9           3383.5163     3989.8800     -606.3637
        25.8728                  3.4181             312.4           3329.4654     4041.5400     -712.0746
        25.9248                  3.4250             304.9           3129.1646     3970.4400     -841.2754
        25.9768                  3.4320             312.6           3166.2957     4043.3400     -877.0443
        26.0287                  3.4389             311.3           3069.5561     4031.1000     -961.5439
        26.0807                  3.4458             325.3           3214.3122     4163.5800     -949.2678
        26.1327                  3.4527             288.7           3309.8228     3817.6200     -507.7972
        26.1846                  3.4597             310.2           3338.4887     4020.4800     -681.9913
        26.2364                  3.4666             308.8           3426.1773     4007.3400     -581.1627
        26.2500                  3.4684             315.2           3307.6826     4068.1800     -760.4974
        26.3019                  3.4753             297.9           3024.5720     3905.1000     -880.5280
        26.3539                  3.4823             304.8           2939.1578     3969.3600    -1030.2022
        26.4059                  3.4892             297.8           2631.9961     3903.6600    -1271.6639
        26.4580                  3.4961             301.1           3140.7170     3934.4400     -793.7230
        26.5098                  3.5030             306.9           3132.6145     3989.7000     -857.0855
        26.5617                  3.5100             305.3           3160.4489     3974.7600     -814.3111
        26.6136                  3.5169             314.0           3238.3331     4056.3000     -817.9669
        26.6656                  3.5238             314.3           3375.0381     4059.5400     -684.5019
        26.7175                  3.5308             313.8           3391.7155     4054.5000     -662.7845
        26.7695                  3.5377             291.4           3251.6244     3843.3600     -591.7356
        26.8213                  3.5446             319.4           3610.1175     4107.6000     -497.4825
        26.8732                  3.5515             294.2           3277.7272     3869.4600     -591.7328
        26.9253                  3.5585             311.5           3267.6862     4033.4400     -765.7538
        26.9772                  3.5654             292.4           3176.5766     3852.7200     -676.1434
        27.0291                  3.5723             316.2           3590.8465     4077.5400     -486.6935
        27.0810                  3.5792             307.7           3498.2225     3996.9000     -498.6775
        27.1330                  3.5862             286.5           3141.8205     3797.1000     -655.2795
        27.1851                  3.5931             303.0           3085.0824     3952.8000     -867.7176
        27.2371                  3.6000             298.8           3219.2630     3913.2000     -693.9370
        27.2500                  3.6018             308.2           3305.2994     4001.5800     -696.2806
        27.3021                  3.6087             317.9           3395.2282     4093.5600     -698.3318
        27.3541                  3.6156             304.9           3361.4064     3970.6200     -609.2136
        27.4062                  3.6225             327.0           3686.3658     4179.0600     -492.6942
        27.4581                  3.6295             304.0           3347.1222     3962.3400     -615.2178
        27.5101                  3.6364             304.4           3359.3276     3966.3000     -606.9724
        27.5622                  3.6433             296.3           3252.4020     3889.9800     -637.5780
        27.6141                  3.6503             306.1           3203.8642     3981.9600     -778.0958
        27.6662                  3.6572             310.6           3260.1581     4024.8000     -764.6419
        27.7182                  3.6641             309.9           3413.9298     4017.7800     -603.8502
        27.7701                  3.6710             301.0           3252.3933     3934.2600     -681.8667
        27.8221                  3.6780             302.6           3074.4258     3948.8400     -874.4142
        27.8740                  3.6849             318.4           3456.0197     4097.8800     -641.8603
        27.9259                  3.6918             323.7           3518.4725     4147.9200     -629.4475
        27.9779                  3.6987             298.3           3181.8940     3908.7000     -726.8060
        28.0297                  3.7057             311.3           3406.4564     4030.9200     -624.4636
        28.0817                  3.7126             306.2           3322.6933     3983.4000     -660.7067
        28.1337                  3.7195             294.5           3198.9151     3872.5200     -673.6049
        28.1858                  3.7265             310.9           3456.8877     4027.5000     -570.6123
        28.2376                  3.7334             300.9           3351.0004     3933.1800     -582.1796
        28.2500                  3.7350             289.0           3145.4590     3820.6800     -675.2210
        28.3019                  3.7420             308.1           3418.9573     4000.6800     -581.7227
        28.3538                  3.7489             314.5           3435.4256     4061.7000     -626.2744
        28.4056                  3.7558             300.2           3646.2338     3926.7000     -280.4662
        28.4575                  3.7627             317.1           3449.9521     4086.0000     -636.0479
        28.5095                  3.7697             296.1           3103.1855     3887.4600     -784.2745
        28.5615                  3.7766             302.5           3189.4708     3947.7600     -758.2892
        28.6134                  3.7835             306.3           3418.1310     3984.3000     -566.1690
        28.6655                  3.7905             309.1           2961.7077     4010.7600    -1049.0523
        28.7175                  3.7974             307.0           3229.4479     3990.7800     -761.3321
        28.7693                  3.8043             309.0           3254.3577     4009.8600     -755.5023
        28.8214                  3.8112             318.1           3212.8671     4095.0000     -882.1329
        28.8733                  3.8182             307.0           3335.4490     3990.6000     -655.1510
        28.9252                  3.8251             310.3           3379.1923     4022.1000     -642.9077
        28.9772                  3.8320             323.0           3358.4733     4141.8000     -783.3267
        29.0292                  3.8390             325.9           3449.6474     4168.6200     -718.9726
        29.0812                  3.8459             317.9           3387.7278     4093.2000     -705.4722
        29.1331                  3.8528             305.4           3373.0371     3975.3000     -602.2629
        29.1851                  3.8597             292.9           3220.2858     3857.2200     -636.9342
        29.2372                  3.8667             284.7           3120.3941     3780.5400     -660.1459
        29.2500                  3.8684             292.4           3256.0826     3852.7200     -596.6374
        29.3020                  3.8753             309.1           3251.5762     4010.2200     -758.6438
        29.3540                  3.8822             296.6           3172.5984     3892.1400     -719.5416
        29.4059                  3.8892             298.9           3444.5833     3914.1000     -469.5167
        29.4578                  3.8961             293.1           3392.1039     3859.2000     -467.0961
        29.5097                  3.9030             302.9           3298.5315     3951.7200     -653.1885
        29.5616                  3.9099             303.1           3526.1788     3953.5200     -427.3412
        29.6134                  3.9169             314.9           3363.3154     4064.9400     -701.6246
        29.6653                  3.9238             312.4           3270.0894     4041.9000     -771.8106
        29.7173                  3.9307             324.1           3537.1667     4151.8800     -614.7133
        29.7693                  3.9376             298.5           3221.3822     3910.1400     -688.7578
        29.8213                  3.9446             313.7           3483.2820     4053.7800     -570.4980
        29.8732                  3.9515             309.0           3310.5328     4009.8600     -699.3272
        29.9252                  3.9584             310.6           3219.6632     4024.6200     -804.9568
        29.9772                  3.9654             327.0           3366.4097     4179.2400     -812.8303
        30.0294                  3.9723             300.0           3255.1066     3924.5400     -669.4334
        30.0813                  3.9792             301.2           3529.2082     3936.2400     -407.0318
        30.1331                  3.9861             319.2           3492.8045     4105.9800     -613.1755
        30.1851                  3.9931             296.3           3372.7664     3889.9800     -517.2136
        30.2370                  4.0000             293.8           3145.2085     3865.6800     -720.4715
        30.2500                  4.0017             328.4           3568.7357     4192.2000     -623.4643
        30.3021                  4.0086             312.4           3375.0414     4041.1800     -666.1386
        30.3540                  4.0156             302.5           3098.2859     3948.4800     -850.1941
        30.4060                  4.0225             331.2           3465.7930     4218.8400     -753.0470
        30.4579                  4.0294             316.7           3491.6426     4082.0400     -590.3974
        30.5098                  4.0364             314.1           3480.4971     4057.5600     -577.0629
        30.5617                  4.0433             287.5           3098.4481     3806.6400     -708.1919
        30.6135                  4.0502             327.8           3360.8611     4186.6200     -825.7589
        30.6656                  4.0571             302.4           2923.7135     3947.0400    -1023.3265
        30.7177                  4.0641             306.2           3000.3005     3982.6800     -982.3795
        30.7698                  4.0710             314.7           3184.5339     4063.3200     -878.7861
        30.8217                  4.0779             303.5           3240.1301     3957.3000     -717.1699
        30.8737                  4.0849             300.0           3161.8918     3924.5400     -762.6482
        30.9257                  4.0918             301.1           3290.0196     3935.3400     -645.3204
        30.9776                  4.0987             305.3           3543.4513     3974.2200     -430.7687
        31.0295                  4.1056             322.0           3495.2410     4131.7200     -636.4790
        31.0815                  4.1126             325.8           3404.6136     4167.9000     -763.2864
        31.1335                  4.1195             308.6           3318.3579     4005.7200     -687.3621
        31.1855                  4.1264             322.7           3403.7495     4138.3800     -734.6305
        31.2374                  4.1333             311.9           3584.0346     4037.2200     -453.1854
        31.2500                  4.1350             314.2           3651.5603     4058.6400     -407.0797
        31.3019                  4.1420             305.5           3283.6029     3976.3800     -692.7771
        31.3539                  4.1489             287.5           3164.6093     3806.2800     -641.6707
        31.4057                  4.1558             304.5           3387.8115     3967.2000     -579.3885
        31.4576                  4.1627             309.9           3274.7152     4018.3200     -743.6048
        31.5095                  4.1697             311.7           3415.9047     4034.5200     -618.6153
        31.5615                  4.1766             308.0           3320.1028     3999.7800     -679.6772
        31.6135                  4.1835             294.3           3325.1576     3870.5400     -545.3824
        31.6654                  4.1905             307.7           3398.7828     3996.9000     -598.1172
        31.7174                  4.1974             308.0           3316.2147     3999.7800     -683.5653
        31.7695                  4.2043             329.3           3591.8421     4200.8400     -608.9979
        31.8215                  4.2112             311.5           3339.7729     4033.0800     -693.3071
        31.8735                  4.2182             301.3           3163.1577     3936.7800     -773.6223
        31.9254                  4.2251             309.2           3312.0916     4011.6600     -699.5684
        31.9774                  4.2320             301.6           3167.8041     3940.0200     -772.2159
        32.0294                  4.2389             315.3           3482.3503     4068.7200     -586.3697
        32.0815                  4.2459             293.1           3145.9747     3859.3800     -713.4053
        32.1334                  4.2528             308.4           3215.7181     4003.7400     -788.0219
        32.1854                  4.2597             311.5           3529.9378     4033.4400     -503.5022
        32.2373                  4.2667             307.3           3349.0479     3993.3000     -644.2521
        32.2500                  4.2683             314.8           3175.8576     4064.0400     -888.1824
        32.3020                  4.2753             306.4           3138.0106     3985.2000     -847.1894
        32.3539                  4.2822             307.6           3313.7847     3996.1800     -682.3953
        32.4058                  4.2891             286.9           2906.2457     3801.0600     -894.8143
        32.4578                  4.2961             297.4           3088.3925     3899.8800     -811.4875
        32.5097                  4.3030             306.3           3391.2146     3983.5800     -592.3654
        32.5617                  4.3099             319.3           3139.6797     4106.3400     -966.6603
        32.6137                  4.3168             311.9           3450.4504     4036.6800     -586.2296
        32.6657                  4.3238             304.5           3271.6303     3967.2000     -695.5697
        32.7177                  4.3307             334.3           3433.8075     4248.5400     -814.7325
        32.7697                  4.3376             310.1           3296.2945     4019.5800     -723.2855
        32.8216                  4.3446             316.7           3506.6435     4081.6800     -575.0365
        32.8735                  4.3515             303.4           3130.4772     3956.2200     -825.7428
        32.9254                  4.3584             310.4           3261.4059     4022.4600     -761.0541
        32.9772                  4.3653             315.2           3531.2770     4068.1800     -536.9030
        33.0292                  4.3723             307.8           3258.4937     3998.1600     -739.6663
        33.0812                  4.3792             331.9           3475.5510     4225.5000     -749.9490
        33.1332                  4.3861             298.6           3361.5341     3911.0400     -549.5059
        33.1850                  4.3930             315.6           3295.7411     4071.4200     -775.6789
        33.2370                  4.4000             293.0           3263.3838     3858.3000     -594.9162
        33.2500                  4.4017             305.2           3452.0714     3973.8600     -521.7886
        33.3019                  4.4086             310.0           3378.0008     4019.2200     -641.2192
        33.3538                  4.4156             308.7           3499.4809     4006.9800     -507.4991
        33.4058                  4.4225             288.4           3357.5769     3814.7400     -457.1631
        33.4576                  4.4294             300.0           3255.6999     3924.5400     -668.8401
        33.5096                  4.4363             294.3           3180.6829     3870.3600     -689.6771
        33.5615                  4.4433             326.0           3640.3538     4170.2400     -529.8862
        33.6134                  4.4502             305.3           3377.4055     3974.5800     -597.1745
        33.6653                  4.4571             312.2           3356.8663     4039.5600     -682.6937
        33.7171                  4.4641             308.5           3481.8141     4005.0000     -523.1859
        33.7689                  4.4710             305.9           3394.0501     3980.1600     -586.1099
        33.8207                  4.4779             297.0           3186.4146     3896.6400     -710.2254
        33.8726                  4.4848             305.2           3275.9580     3973.6800     -697.7220
        33.9246                  4.4918             306.9           3284.4468     3990.0600     -705.6132
        33.9766                  4.4987             296.6           3142.5166     3892.1400     -749.6234
        34.0285                  4.5056             305.9           3419.8157     3979.9800     -560.1643
        34.0803                  4.5125             302.4           3269.3877     3947.4000     -678.0123
        34.1320                  4.5195             315.1           3464.1989     4067.1000     -602.9011
        34.1841                  4.5264             315.9           3404.5123     4074.3000     -669.7877
        34.2359                  4.5333             297.1           3322.4045     3897.1800     -574.7755
        34.2500                  4.5352             305.8           3305.7413     3979.4400     -673.6987
        34.3019                  4.5422             299.5           3210.5005     3919.5000     -708.9995
        34.3539                  4.5491             305.9           3409.4852     3979.8000     -570.3148
        34.4060                  4.5560             318.7           3341.2358     4101.3000     -760.0642
        34.4580                  4.5629             307.3           3472.2613     3993.4800     -521.2187
        34.5100                  4.5699             314.6           3581.5455     4062.4200     -480.8745
        34.5618                  4.5768             300.7           3354.1150     3931.5600     -577.4450
        34.6138                  4.5837             308.1           3278.9152     4000.8600     -721.9448
        34.6657                  4.5906             316.7           3342.6100     4082.0400     -739.4300
        34.7175                  4.5976             296.4           3361.4854     3890.8800     -529.3946
        34.7695                  4.6045             291.1           3245.5164     3840.3000     -594.7836
        34.8215                  4.6114             320.9           3652.2417     4121.4600     -469.2183
        34.8734                  4.6184             307.2           3327.8258     3992.4000     -664.5742
        34.9254                  4.6253             300.6           3408.0332     3929.9400     -521.9068
        34.9774                  4.6322             321.1           3504.2770     4123.2600     -618.9830
        35.0293                  4.6391             290.3           3068.3604     3832.9200     -764.5596
        35.0813                  4.6461             314.2           3242.2373     4058.1000     -815.8627
        35.1332                  4.6530             323.7           3451.3425     4148.4600     -697.1175
        35.1852                  4.6599             304.9           3119.6551     3970.8000     -851.1449
        35.2373                  4.6668             295.0           3508.3243     3877.3800     -369.0557
        35.2500                  4.6685             275.6           2986.9975     3694.5000     -707.5025
        35.3021                  4.6755             296.5           3253.9168     3891.2400     -637.3232
        35.3540                  4.6824             303.9           3266.3633     3961.0800     -694.7167
        35.4060                  4.6893             298.4           3268.0135     3909.0600     -641.0465
        35.4580                  4.6963             317.1           3591.7686     4085.6400     -493.8714
        35.5098                  4.7032             312.3           3268.5798     4040.4600     -771.8802
        35.5618                  4.7101             309.6           3373.5480     4015.4400     -641.8920
        35.6136                  4.7170             326.2           3572.1492     4171.5000     -599.3508
        35.6657                  4.7240             297.0           3240.2972     3896.1000     -655.8028
        35.7177                  4.7309             289.6           3070.4029     3826.4400     -756.0371
        35.7697                  4.7378             308.8           3159.7616     4007.8800     -848.1184
        35.8218                  4.7448             309.0           3050.0223     4009.6800     -959.6577
        35.8738                  4.7517             301.0           3165.0531     3934.2600     -769.2069
        35.9259                  4.7586             308.9           3344.0490     4008.2400     -664.1910
        35.9778                  4.7655             313.8           3350.5775     4054.3200     -703.7425
        36.0298                  4.7725             305.0           3189.0158     3971.7000     -782.6842
        36.0819                  4.7794             309.1           3145.7687     4010.5800     -864.8113
        36.1339                  4.7863             303.4           3307.3278     3956.4000     -649.0722
        36.1859                  4.7932             305.3           3085.8354     3974.7600     -888.9246
        36.2379                  4.8002             302.6           3348.0777     3948.8400     -600.7623
        36.2500                  4.8018             312.2           3271.8082     4039.9200     -768.1118
        36.3018                  4.8087             303.0           3149.1849     3952.8000     -803.6151
        36.3538                  4.8156             298.7           3435.3129     3911.9400     -476.6271
        36.4055                  4.8226             316.8           3375.1444     4082.9400     -707.7956
        36.4574                  4.8295             293.7           3275.4931     3864.9600     -589.4669
        36.5093                  4.8364             292.4           3358.9561     3852.9000     -493.9439
        36.5612                  4.8434             310.1           3513.1328     4019.9400     -506.8072
        36.6131                  4.8503             334.3           3586.8867     4248.1800     -661.2933
        36.6650                  4.8572             302.2           3435.8727     3945.2400     -509.3673
        36.7169                  4.8641             301.6           3333.2008     3939.1200     -605.9192
        36.7688                  4.8711             316.2           3459.6514     4077.5400     -617.8886
        36.8208                  4.8780             307.5           3232.7859     3994.9200     -762.1341
        36.8728                  4.8849             312.9           3363.6880     4046.0400     -682.3520
        36.9248                  4.8918             317.7           3629.5154     4091.2200     -461.7046
        36.9766                  4.8988             318.9           3489.0972     4103.2800     -614.1828
        37.0286                  4.9057             324.5           3448.2048     4155.6600     -707.4552
        37.0804                  4.9126             295.4           3344.9447     3881.5200     -536.5753
        37.1324                  4.9196             300.0           3554.7554     3924.5400     -369.7846
        37.1844                  4.9265             322.6           3441.7052     4137.8400     -696.1348
        37.2363                  4.9334             300.0           3168.9027     3924.3600     -755.4573
        37.2500                  4.9352             289.6           3060.0900     3826.0800     -765.9900
        37.3019                  4.9422             315.1           3582.4201     4066.7400     -484.3199
        37.3538                  4.9491             323.9           3527.0851     4150.0800     -622.9949
        37.4057                  4.9560             304.2           3330.4353     3964.1400     -633.7047
        37.4575                  4.9630             311.5           3624.1061     4033.0800     -408.9739
        37.5097                  4.9699             302.2           3294.1631     3944.8800     -650.7169
        37.5616                  4.9768             323.0           3477.5518     4141.2600     -663.7082
        37.6137                  4.9837             300.6           3346.6431     3929.7600     -583.1169
        37.6655                  4.9907             317.0           3424.6319     4084.7400     -660.1081
        37.7174                  4.9976             311.7           3296.9874     4035.2400     -738.2526
        37.7693                  5.0045             301.6           3289.9296     3939.1200     -649.1904
        37.8212                  5.0114             300.4           3187.4916     3928.6800     -741.1884
        37.8730                  5.0184             299.0           3359.7062     3914.6400     -554.9338
        37.9251                  5.0253             302.3           3175.7486     3946.1400     -770.3914
        37.9771                  5.0322             306.2           3444.9659     3983.0400     -538.0741
        38.0291                  5.0392             301.4           3229.5589     3937.3200     -707.7611
        38.0811                  5.0461             294.0           3194.8369     3868.2000     -673.3631
        38.1331                  5.0530             313.0           3336.4006     4047.4800     -711.0794
        38.1849                  5.0599             305.0           3475.0426     3971.7000     -496.6574
        38.2369                  5.0669             296.7           3162.5914     3893.0400     -730.4486
        38.2500                  5.0686             310.3           3369.5199     4021.5600     -652.0401
        38.3021                  5.0755             313.5           3291.3758     4051.9800     -760.6042
        38.3540                  5.0825             312.3           3515.8314     4040.2800     -524.4486
        38.4059                  5.0894             309.7           3468.3881     4015.9800     -547.5919
        38.4578                  5.0963             309.3           3403.1565     4011.8400     -608.6835
        38.5097                  5.1032             318.5           3321.7692     4098.7800     -777.0108
        38.5618                  5.1102             290.3           3030.3137     3833.1000     -802.7863
        38.6138                  5.1171             306.2           3358.1929     3983.0400     -624.8471
        38.6657                  5.1240             321.1           3521.4663     4123.6200     -602.1537
        38.7177                  5.1310             306.9           3463.6255     3990.0600     -526.4345
        38.7697                  5.1379             297.6           3342.4428     3902.2200     -559.7772
        38.8216                  5.1448             319.1           3366.9055     4105.0800     -738.1745
        38.8737                  5.1517             313.0           3371.0026     4047.3000     -676.2974
        38.9256                  5.1587             313.4           3505.3421     4050.7200     -545.3779
        38.9774                  5.1656             329.6           3500.5877     4203.5400     -702.9523
        39.0292                  5.1725             304.6           3159.1896     3967.9200     -808.7304
        39.0812                  5.1795             301.2           3365.3290     3935.7000     -570.3710
        39.1332                  5.1864             309.9           3356.7549     4017.7800     -661.0251
        39.1853                  5.1933             315.3           3500.9256     4068.9000     -567.9744
        39.2373                  5.2002             305.8           3414.1211     3979.6200     -565.4989
        39.2500                  5.2019             303.8           3162.3299     3960.0000     -797.6701
        39.3020                  5.2089             302.1           3299.7965     3944.3400     -644.5435
        39.3538                  5.2158             301.8           3358.8857     3941.6400     -582.7543
        39.4057                  5.2227             320.6           3466.8329     4119.3000     -652.4671
        39.4576                  5.2296             321.7           3592.7902     4128.8400     -536.0498
        39.5096                  5.2366             300.6           3264.2507     3929.9400     -665.6893
        39.5616                  5.2435             295.1           3317.2472     3877.9200     -560.6728
        39.6136                  5.2504             305.5           3369.7499     3976.5600     -606.8101
        39.6655                  5.2574             304.8           3213.3672     3969.5400     -756.1728
        39.7175                  5.2643             296.1           3213.7522     3888.0000     -674.2478
        39.7695                  5.2712             303.6           3378.7729     3958.2000     -579.4271
        39.8214                  5.2781             316.9           3558.7773     4083.6600     -524.8827
        39.8734                  5.2851             311.0           3425.0457     4028.2200     -603.1743
        39.9253                  5.2920             307.4           3342.0502     3994.5600     -652.5098
        39.9772                  5.2989             299.8           3226.7781     3922.7400     -695.9619
        40.0289                  5.3059             300.7           3365.5091     3931.0200     -565.5109
        40.0807                  5.3128             296.9           3148.7430     3895.5600     -746.8170
        40.1328                  5.3197             306.9           3211.5487     3989.7000     -778.1513
        40.1848                  5.3266             316.5           3197.5811     4080.2400     -882.6589
        40.2367                  5.3336             311.6           3174.5396     4034.3400     -859.8004
        40.2500                  5.3353             307.9           3396.2666     3999.2400     -602.9734
        40.3019                  5.3423             307.6           3380.5896     3996.3600     -615.7704
        40.3539                  5.3492             307.8           3085.7223     3998.3400     -912.6177
        40.4059                  5.3561             309.4           3296.7524     4013.4600     -716.7076
        40.4578                  5.3630             311.1           3258.4389     4029.4800     -771.0411
        40.5099                  5.3700             315.8           3469.5983     4073.9400     -604.3417
        40.5618                  5.3769             302.1           3395.0550     3943.9800     -548.9250
        40.6137                  5.3838             296.2           3176.5280     3888.5400     -712.0120
        40.6656                  5.3907             295.7           3323.6108     3884.0400     -560.4292
        40.7174                  5.3977             306.0           3571.4808     3980.8800     -409.3992
        40.7693                  5.4046             314.7           3370.1621     4063.1400     -692.9779
        40.8213                  5.4115             304.4           3326.6304     3966.4800     -639.8496
        40.8733                  5.4185             310.2           3560.5084     4020.8400     -460.3316
        40.9252                  5.4254             312.1           3473.4676     4039.0200     -565.5524
        40.9772                  5.4323             312.8           3405.4458     4045.1400     -639.6942
        41.0289                  5.4392             322.6           3478.5804     4138.2000     -659.6196
        41.0810                  5.4462             311.4           3089.4822     4031.6400     -942.1578
        41.1331                  5.4531             311.5           3368.4121     4032.7200     -664.3079
        41.1850                  5.4600             311.5           3420.8865     4032.9000     -612.0135
        41.2369                  5.4670             301.1           3509.4921     3935.3400     -425.8479
        41.2500                  5.4687             304.3           3299.9439     3965.4000     -665.4561
        41.3021                  5.4756             307.6           3366.0933     3995.8200     -629.7267
        41.3541                  5.4826             305.9           3299.1141     3980.3400     -681.2259
        41.4059                  5.4895             294.1           3197.7851     3868.7400     -670.9549
        41.4578                  5.4964             301.7           3350.4069     3940.3800     -589.9731
        41.5097                  5.5033             300.7           3145.9078     3930.6600     -784.7522
        41.5616                  5.5103             316.4           3634.7014     4079.5200     -444.8186
        41.6136                  5.5172             298.4           3327.2827     3909.4200     -582.1373
        41.6655                  5.5241             324.1           3496.3679     4152.2400     -655.8721
        41.7175                  5.5310             297.9           3255.5249     3904.3800     -648.8551
        41.7693                  5.5380             319.1           3407.3148     4104.7200     -697.4052
        41.8213                  5.5449             310.2           3433.8232     4021.2000     -587.3768
        41.8733                  5.5518             306.1           3121.9885     3982.5000     -860.5115
        41.9253                  5.5588             299.7           3154.3514     3921.8400     -767.4886
        41.9774                  5.5657             310.6           3628.9765     4024.0800     -395.1035
        42.0292                  5.5726             301.4           3212.9802     3937.6800     -724.6998
        42.0810                  5.5795             300.7           3443.3655     3931.0200     -487.6545
        42.1329                  5.5865             296.3           3137.0668     3889.2600     -752.1932
        42.1850                  5.5934             300.3           3289.4547     3927.4200     -637.9653
        42.2369                  5.6003             318.6           3268.4235     4099.6800     -831.2565
        42.2500                  5.6021             286.7           3196.8504     3798.5400     -601.6896
        42.3019                  5.6090             312.4           3407.9577     4041.1800     -633.2223
        42.3537                  5.6159             291.6           3082.3665     3845.5200     -763.1535
        42.4056                  5.6229             305.0           3356.3262     3971.8800     -615.5538
        42.4575                  5.6298             294.4           3127.3869     3871.8000     -744.4131
        42.5096                  5.6367             298.6           3202.0677     3911.2200     -709.1523
        42.5616                  5.6436             301.2           3130.1501     3935.5200     -805.3699
        42.6136                  5.6506             304.8           3198.6006     3970.0800     -771.4794
        42.6655                  5.6575             309.6           3573.0480     4014.7200     -441.6720
        42.7174                  5.6644             292.3           3342.7835     3851.6400     -508.8565
        42.7694                  5.6713             285.0           3218.2956     3782.7000     -564.4044
        42.8212                  5.6783             310.4           3594.5638     4022.8200     -428.2562
        42.8732                  5.6852             316.7           3536.7641     4082.5800     -545.8159
        42.9252                  5.6921             295.8           3214.3410     3884.4000     -670.0590
        42.9771                  5.6991             296.0           3281.5930     3886.5600     -604.9670
        43.0291                  5.7060             309.0           3267.1602     4009.5000     -742.3398
        43.0810                  5.7129             292.2           3323.4247     3850.5600     -527.1353
        43.1330                  5.7198             302.8           3410.2329     3950.4600     -540.2271
        43.1850                  5.7268             288.9           3298.0777     3819.4200     -521.3423
        43.2369                  5.7337             309.4           3344.4992     4013.2800     -668.7808
        43.2500                  5.7354             315.0           3419.1779     4066.2000     -647.0221
        43.3020                  5.7424             307.7           3354.7672     3997.0800     -642.3128
        43.3540                  5.7493             304.7           3221.8115     3968.4600     -746.6485
        43.4060                  5.7562             295.1           3187.2415     3878.6400     -691.3985
        43.4579                  5.7631             310.3           3188.5494     4021.5600     -833.0106
        43.5098                  5.7701             307.8           3426.5020     3998.5200     -572.0180
        43.5617                  5.7770             288.5           2723.8406     3816.0000    -1092.1594
        43.6136                  5.7839             316.0           3313.7539     4075.9200     -762.1661
        43.6657                  5.7909             295.4           2925.0659     3880.8000     -955.7341
        43.7178                  5.7978             319.8           3481.7996     4111.3800     -629.5804
        43.7697                  5.8047             303.2           3533.2538     3954.2400     -420.9862
        43.8217                  5.8116             317.4           3307.0480     4088.5200     -781.4720
        43.8737                  5.8186             302.1           3054.5176     3944.7000     -890.1824
        43.9258                  5.8255             302.3           3188.6726     3946.5000     -757.8274
        43.9779                  5.8324             315.2           3178.9682     4067.8200     -888.8518
        44.0299                  5.8393             293.0           3069.7378     3858.3000     -788.5622
        44.0820                  5.8463             304.0           3329.0504     3961.8000     -632.7496
        44.1340                  5.8532             308.6           3456.7066     4005.5400     -548.8334
        44.1859                  5.8601             302.0           3319.0194     3943.8000     -624.7806
        44.2378                  5.8671             315.8           3443.9455     4073.2200     -629.2745
        44.2500                  5.8687             307.3           3293.1420     3993.4800     -700.3380
        44.3020                  5.8756             309.5           3583.0991     4014.0000     -430.9009
        44.3540                  5.8825             288.5           3231.7424     3815.8200     -584.0776
        44.4059                  5.8895             300.5           3192.3539     3929.4000     -737.0461
        44.4579                  5.8964             316.0           3477.1238     4075.5600     -598.4362
        44.5099                  5.9033             311.9           3360.6707     4036.6800     -676.0093
        44.5619                  5.9102             294.5           3183.4654     3872.7000     -689.2346
        44.6138                  5.9172             310.4           3315.6679     4022.2800     -706.6121
        44.6658                  5.9241             295.5           3130.8755     3881.8800     -751.0045
        44.7178                  5.9310             315.4           3369.8543     4069.8000     -699.9457
        44.7697                  5.9380             309.4           3491.0510     4012.9200     -521.8690
        44.8216                  5.9449             318.1           3660.0993     4095.3600     -435.2607
        44.8734                  5.9518             322.5           3379.1572     4136.5800     -757.4228
        44.9254                  5.9587             309.1           3257.4951     4010.7600     -753.2649
        44.9775                  5.9657             306.0           3361.8289     3980.7000     -618.8711
        45.0293                  5.9726             317.6           3534.2072     4090.6800     -556.4728
        45.0812                  5.9795             295.5           3200.9022     3882.2400     -681.3378
        45.1331                  5.9865             312.3           3346.6874     4040.6400     -693.9526
        45.1850                  5.9934             298.9           3253.2570     3914.2800     -661.0230
        45.2369                  6.0003             310.2           3325.6294     4020.6600     -695.0306
        45.2500                  6.0021             303.2           3105.0134     3954.2400     -849.2266
        45.3020                  6.0090             307.8           3258.0413     3997.9800     -739.9387
        45.3541                  6.0159             315.7           3324.9465     4073.0400     -748.0935
        45.4061                  6.0228             319.9           3253.1096     4112.2800     -859.1704
        45.4583                  6.0298             309.6           3497.4983     4015.4400     -517.9417
        45.5102                  6.0367             318.6           3374.5274     4100.4000     -725.8726
        45.5623                  6.0436             304.3           3380.0844     3964.6800     -584.5956
        45.6143                  6.0505             291.3           3200.3037     3842.4600     -642.1563
        45.6664                  6.0575             309.8           3305.3286     4017.2400     -711.9114
        45.7184                  6.0644             314.0           3380.1132     4056.8400     -676.7268
        45.7704                  6.0713             302.1           3167.3171     3944.3400     -777.0229
        45.8224                  6.0783             327.7           3543.5966     4185.7200     -642.1234
        45.8743                  6.0852             326.7           3568.9782     4176.1800     -607.2018
        45.9262                  6.0921             303.3           3454.4283     3955.8600     -501.4317
        45.9781                  6.0990             298.6           3273.5476     3911.0400     -637.4924
        46.0302                  6.1060             302.5           3294.3279     3947.7600     -653.4321
        46.0822                  6.1129             301.8           3165.7845     3941.2800     -775.4955
        46.1342                  6.1198             298.9           3204.1916     3913.7400     -709.5484
        46.1862                  6.1268             308.6           3581.3522     4005.7200     -424.3678
        46.2382                  6.1337             308.0           3364.1907     4000.3200     -636.1293
        46.2500                  6.1353             311.7           3398.4142     4035.2400     -636.8258
        46.3019                  6.1422             294.9           3026.6944     3876.3000     -849.6056
        46.3539                  6.1491             313.2           3142.0022     4049.1000     -907.0978
        46.4057                  6.1560             311.6           3311.0981     4034.3400     -723.2419
        46.4576                  6.1630             288.3           3072.2282     3813.8400     -741.6118
        46.5095                  6.1699             305.9           3273.3573     3980.5200     -707.1627
        46.5614                  6.1768             308.7           3360.0878     4006.6200     -646.5322
        46.6134                  6.1837             317.8           3320.0840     4092.3000     -772.2160
        46.6651                  6.1907             311.7           3090.2431     4035.2400     -944.9969
        46.7171                  6.1976             284.3           3106.2971     3776.5800     -670.2829
        46.7690                  6.2045             318.1           3616.0953     4095.7200     -479.6247
        46.8209                  6.2115             301.5           3317.7742     3938.5800     -620.8058
        46.8728                  6.2184             320.2           3314.1985     4114.9800     -800.7815
        46.9248                  6.2253             307.7           3464.2340     3997.0800     -532.8460
        46.9768                  6.2322             300.8           3201.9207     3931.9200     -729.9993
        47.0288                  6.2392             302.9           3272.0755     3951.5400     -679.4645
        47.0807                  6.2461             308.0           3256.9140     3999.9600     -743.0460
        47.1326                  6.2530             308.5           3349.2512     4004.4600     -655.2088
        47.1845                  6.2600             322.1           3513.9656     4132.9800     -619.0144
        47.2364                  6.2669             309.5           3219.7881     4014.3600     -794.5719
        47.2500                  6.2687             306.4           3523.8634     3984.8400     -460.9766
        47.3020                  6.2756             314.0           3394.0122     4056.4800     -662.4678
        47.3537                  6.2826             307.7           3548.9020     3997.4400     -448.5380
        47.4057                  6.2895             309.4           3286.1191     4013.6400     -727.5209
        47.4576                  6.2964             307.2           3364.9811     3992.0400     -627.0589
        47.5094                  6.3033             317.5           3302.0989     4089.7800     -787.6811
        47.5613                  6.3103             315.1           3477.2018     4067.1000     -589.8982
        47.6133                  6.3172             309.9           3458.8985     4017.6000     -558.7015
        47.6652                  6.3241             306.1           3118.1439     3981.7800     -863.6361
        47.7171                  6.3311             316.5           3342.3274     4080.0600     -737.7326
        47.7691                  6.3380             322.8           3414.1828     4139.8200     -725.6372
        47.8211                  6.3449             325.8           3443.4365     4167.5400     -724.1035
        47.8729                  6.3518             305.2           3270.9742     3974.0400     -703.0658
        47.9250                  6.3588             296.5           3209.2378     3891.0600     -681.8222
        47.9768                  6.3657             315.8           3454.4506     4073.5800     -619.1294
        48.0287                  6.3726             304.5           3186.0554     3966.6600     -780.6046
        48.0806                  6.3795             291.5           2988.0283     3844.2600     -856.2317
        48.1326                  6.3865             308.6           3358.6072     4005.9000     -647.2928
        48.1846                  6.3934             316.1           3317.1475     4076.1000     -758.9525
        48.2365                  6.4003             315.7           3366.9802     4072.5000     -705.5198
        48.2500                  6.4021             307.9           3371.6130     3999.0600     -627.4470
        48.3020                  6.4091             313.4           3486.5565     4051.2600     -564.7035
        48.3540                  6.4160             317.8           3420.0996     4092.6600     -672.5604
        48.4059                  6.4229             299.8           3341.6833     3922.7400     -581.0567
        48.4578                  6.4298             288.8           3286.2338     3819.0600     -532.8262
        48.5097                  6.4368             319.3           3559.4391     4107.0600     -547.6209
        48.5616                  6.4437             308.5           3418.0135     4004.4600     -586.4465
        48.6136                  6.4506             301.6           3197.9354     3939.4800     -741.5446
        48.6654                  6.4576             297.4           3195.3949     3899.7000     -704.3051
        48.7173                  6.4645             291.3           3115.7279     3842.8200     -727.0921
        48.7691                  6.4714             301.6           3085.4821     3940.0200     -854.5379
        48.8211                  6.4783             300.6           3257.4017     3930.1200     -672.7183
        48.8729                  6.4853             319.9           3511.7673     4111.9200     -600.1527
        48.9247                  6.4922             309.7           3450.6956     4015.9800     -565.2844
        48.9766                  6.4991             311.2           3423.5915     4030.2000     -606.6085
        49.0286                  6.5060             317.2           3502.7394     4087.2600     -584.5206
        49.0805                  6.5130             304.6           3331.3720     3967.5600     -636.1880
        49.1325                  6.5199             305.4           3243.2376     3975.4800     -732.2424
        49.1844                  6.5268             311.8           3415.3028     4035.9600     -620.6572
        49.2364                  6.5338             307.0           3336.8107     3990.9600     -654.1493
        49.2500                  6.5356             302.3           3162.9616     3946.5000     -783.5384
        49.3019                  6.5425             286.9           3292.9562     3801.2400     -508.2838
        49.3539                  6.5494             284.0           3002.1533     3773.3400     -771.1867
        49.4058                  6.5563             296.8           3165.1166     3894.6600     -729.5434
        49.4578                  6.5633             294.6           3147.8273     3873.0600     -725.2327
        49.5099                  6.5702             311.4           3213.5762     4032.1800     -818.6038
        49.5619                  6.5771             298.6           3240.5699     3911.2200     -670.6501
        49.6139                  6.5841             306.0           3267.8065     3981.2400     -713.4335
        49.6658                  6.5910             309.9           3347.0257     4017.6000     -670.5743
        49.7178                  6.5979             320.7           3588.0338     4120.2000     -532.1662
        49.7698                  6.6048             310.8           3375.7720     4026.2400     -650.4680
        49.8218                  6.6118             293.3           3282.2863     3861.1800     -578.8937
        49.8738                  6.6187             296.4           2980.8474     3890.1600     -909.3126
        49.9259                  6.6256             296.8           2836.0006     3894.4800    -1058.4794
        49.9778                  6.6325             302.6           3280.5319     3948.8400     -668.3081
        50.0297                  6.6395             304.3           3183.8620     3965.4000     -781.5380
        50.0817                  6.6464             310.9           3318.6959     4027.3200     -708.6241
        50.1338                  6.6533             308.4           3114.4138     4004.1000     -889.6862
        50.1858                  6.6603             292.7           3184.3373     3855.7800     -671.4427
        50.2377                  6.6672             288.4           3024.6202     3815.1000     -790.4798
        50.2500                  6.6688             317.3           3142.6591     4087.9800     -945.3209
        50.3019                  6.6758             295.1           3262.9074     3878.2800     -615.3726
        50.3539                  6.6827             302.2           3139.5560     3945.4200     -805.8640
        50.4058                  6.6896             316.4           3418.3790     4079.5200     -661.1410
        50.4578                  6.6965             306.3           3256.2094     3983.9400     -727.7306
        50.5097                  6.7035             307.8           3281.8782     3997.9800     -716.1018
        50.5616                  6.7104             317.1           3322.6100     4085.8200     -763.2100
        50.6136                  6.7173             314.1           3315.2593     4057.2000     -741.9407
        50.6656                  6.7243             322.8           3435.8953     4139.4600     -703.5647
        50.7177                  6.7312             323.1           3260.5223     4142.5200     -881.9977
        50.7697                  6.7381             307.2           3467.5756     3992.7600     -525.1844
        50.8216                  6.7450             308.1           3478.3680     4000.5000     -522.1320
        50.8736                  6.7520             321.7           3479.7348     4129.0200     -649.2852
        50.9256                  6.7589             313.0           3363.4002     4047.6600     -684.2598
        50.9776                  6.7658             329.9           3549.3886     4206.6000     -657.2114
        51.0296                  6.7727             309.9           3426.5634     4017.6000     -591.0366
        51.0814                  6.7797             316.7           3519.0784     4081.6800     -562.6016
        51.1332                  6.7866             304.6           3278.5790     3967.9200     -689.3410
        51.1851                  6.7935             306.3           3271.7092     3983.5800     -711.8708
        51.2371                  6.8005             304.6           3349.6986     3967.7400     -618.0414
        51.2500                  6.8022             287.2           3076.8532     3803.4000     -726.5468
        51.3019                  6.8091             319.6           3393.3069     4109.7600     -716.4531
        51.3539                  6.8160             317.0           3181.7862     4085.2800     -903.4938
        51.4058                  6.8230             314.3           3512.1656     4059.7200     -547.5544
        51.4578                  6.8299             297.9           3204.7419     3904.7400     -699.9981
        51.5097                  6.8368             309.7           3345.2408     4016.3400     -671.0992
        51.5616                  6.8437             308.0           3231.8587     3999.7800     -767.9213
        51.6135                  6.8507             310.4           3397.1297     4022.8200     -625.6903
        51.6655                  6.8576             293.3           3271.0910     3861.3600     -590.2690
        51.7174                  6.8645             326.8           3575.8884     4177.2600     -601.3716
        51.7694                  6.8715             298.0           3296.0494     3905.8200     -609.7706
        51.8214                  6.8784             293.7           3228.9303     3865.1400     -636.2097
        51.8733                  6.8853             306.0           3524.7743     3981.2400     -456.4657
        51.9252                  6.8922             290.0           2978.0950     3830.0400     -851.9450
        51.9773                  6.8992             301.7           3370.6981     3940.5600     -569.8619
        52.0292                  6.9061             288.2           3082.0824     3813.3000     -731.2176
        52.0813                  6.9130             298.8           3237.1618     3913.5600     -676.3982
        52.1334                  6.9199             290.9           3193.0043     3839.0400     -646.0357
        52.1852                  6.9269             303.5           3359.0191     3957.6600     -598.6409
        52.2372                  6.9338             297.8           3197.7194     3903.6600     -705.9406
        52.2500                  6.9355             309.7           3191.1867     4015.8000     -824.6133
        52.3019                  6.9424             301.3           3376.4844     3936.9600     -560.4756
        52.3538                  6.9494             308.8           3430.3131     4007.1600     -576.8469
        52.4057                  6.9563             302.0           3038.8636     3943.0800     -904.2164
        52.4577                  6.9632             329.9           3581.7138     4206.6000     -624.8862
        52.5096                  6.9701             291.2           3054.1716     3841.5600     -787.3884
        52.5616                  6.9771             317.0           2999.2714     4084.5600    -1085.2886
        52.6135                  6.9840             300.3           3297.4903     3927.2400     -629.7497
        52.6654                  6.9909             315.3           3368.2028     4068.7200     -700.5172
        52.7173                  6.9978             317.2           3223.4254     4087.2600     -863.8346
        52.7693                  7.0048             311.6           3210.6971     4033.8000     -823.1029
        52.8212                  7.0117             288.0           3211.1797     3811.1400     -599.9603
        52.8731                  7.0186             317.2           3443.1236     4087.2600     -644.1364
        52.9249                  7.0256             304.6           3269.5146     3967.5600     -698.0454
        52.9768                  7.0325             311.8           3504.0285     4035.7800     -531.7515
        53.0288                  7.0394             306.5           3284.3430     3985.9200     -701.5770
        53.0808                  7.0463             305.7           3406.7211     3978.3600     -571.6389
        53.1326                  7.0533             326.6           3738.8059     4175.1000     -436.2941
        53.1844                  7.0602             294.2           3139.8394     3870.1800     -730.3406
        53.2363                  7.0671             306.2           3296.3919     3982.8600     -686.4681
        53.2500                  7.0690             316.4           3363.4046     4079.3400     -715.9354
        53.3020                  7.0759             314.6           3348.8452     4062.4200     -713.5748
        53.3537                  7.0828             293.0           3265.6828     3858.3000     -592.6172
        53.4056                  7.0897             307.0           3350.4357     3990.2400     -639.8043
        53.4575                  7.0967             325.9           3559.9137     4169.1600     -609.2463
        53.5095                  7.1036             307.3           3358.3203     3993.6600     -635.3397
        53.5614                  7.1105             301.2           3329.3586     3935.8800     -606.5214
        53.6133                  7.1174             312.2           3407.2609     4039.5600     -632.2991
        53.6652                  7.1244             327.4           3581.1976     4183.0200     -601.8224
        53.7172                  7.1313             309.1           3439.7326     4010.4000     -570.6674
        53.7691                  7.1382             290.4           3128.7704     3833.8200     -705.0496
        53.8209                  7.1452             320.4           3626.4878     4116.6000     -490.1122
        53.8729                  7.1521             322.1           3645.8572     4133.3400     -487.4828
        53.9248                  7.1590             310.0           3496.9603     4018.8600     -521.8997
        53.9766                  7.1659             286.5           3337.5818     3797.1000     -459.5182
        54.0284                  7.1729             298.8           3132.7877     3913.5600     -780.7723
        54.0803                  7.1798             285.1           3045.6266     3783.6000     -737.9734
        54.1323                  7.1867             287.0           3065.5833     3802.1400     -736.5567
        54.1842                  7.1937             296.3           3089.5448     3889.8000     -800.2552
        54.2361                  7.2006             298.3           3330.4766     3907.9800     -577.5034
        54.2500                  7.2024             318.9           3497.8529     4102.7400     -604.8871
        54.3019                  7.2094             301.5           3323.0328     3938.4000     -615.3672
        54.3537                  7.2163             305.5           3375.3396     3976.5600     -601.2204
        54.4056                  7.2232             305.4           3224.3643     3975.6600     -751.2957
        54.4575                  7.2301             287.7           2968.5785     3808.8000     -840.2215
        54.5096                  7.2371             304.1           2980.1372     3963.0600     -982.9228
        54.5615                  7.2440             306.0           3171.5341     3981.0600     -809.5259
        54.6135                  7.2509             316.7           3385.3681     4082.4000     -697.0319
        54.6652                  7.2578             310.3           3496.7847     4021.7400     -524.9553
        54.7171                  7.2648             308.0           3231.0211     3999.9600     -768.9389
        54.7692                  7.2717             317.0           3197.8134     4085.1000     -887.2866
        54.8213                  7.2786             321.2           3316.3261     4124.1600     -807.8339
        54.8731                  7.2856             293.1           3050.9002     3859.5600     -808.6598
        54.9251                  7.2925             313.7           3615.2521     4053.7800     -438.5279
        54.9768                  7.2994             323.9           3493.4213     4149.9000     -656.4787
        55.0287                  7.3063             295.9           3282.0953     3885.6600     -603.5647
        55.0809                  7.3133             313.5           3506.9547     4051.6200     -544.6653
        55.1328                  7.3202             292.5           3097.8915     3853.4400     -755.5485
        55.1849                  7.3271             308.8           3350.9062     4007.5200     -656.6138
        55.2369                  7.3341             311.6           3171.7407     4034.1600     -862.4193
        55.2500                  7.3358             307.3           2925.9011     3993.3000    -1067.3989
        55.3021                  7.3427             316.4           3235.8681     4079.5200     -843.6519
        55.3541                  7.3496             298.7           3152.9015     3912.6600     -759.7585
        55.4060                  7.3566             293.8           3145.2402     3866.0400     -720.7998
        55.4580                  7.3635             309.5           3261.0509     4014.3600     -753.3091
        55.5101                  7.3704             307.2           3417.6234     3992.5800     -574.9566
        55.5619                  7.3774             313.9           3264.3403     4055.9400     -791.5997
        55.6138                  7.3843             302.8           3264.8348     3951.3600     -686.5252
        55.6659                  7.3912             301.9           3596.4588     3942.1800     -345.7212
        55.7178                  7.3981             305.4           3385.6064     3975.6600     -590.0536
        55.7696                  7.4051             307.8           3447.7694     3998.1600     -550.3906
        55.8216                  7.4120             307.9           3418.4199     3999.2400     -580.8201
        55.8735                  7.4189             296.6           3388.3788     3891.9600     -503.5812
        55.9253                  7.4259             295.3           3361.9487     3879.9000     -517.9513
        55.9771                  7.4328             297.9           3345.6462     3904.3800     -558.7338
        56.0290                  7.4397             319.0           3475.1614     4104.1800     -629.0186
        56.0808                  7.4466             330.5           3658.7574     4212.1800     -553.4226
        56.1328                  7.4536             316.3           3463.0972     4077.9000     -614.8028
        56.1846                  7.4605             281.4           3140.5262     3748.6800     -608.1538
        56.2366                  7.4674             317.0           3370.7953     4085.2800     -714.4847
        56.2500                  7.4692             302.1           3282.6270     3944.3400     -661.7130
        56.3019                  7.4761             297.9           3181.6942     3904.5600     -722.8658
        56.3539                  7.4831             303.2           3377.5548     3954.6000     -577.0452
        56.4057                  7.4900             316.1           3423.7892     4076.8200     -653.0308
        56.4577                  7.4969             303.2           3393.3424     3954.7800     -561.4376
        56.5097                  7.5038             314.4           3384.0356     4060.8000     -676.7644
        56.5615                  7.5108             281.7           3073.8252     3751.7400     -677.9148
        56.6134                  7.5177             337.0           3572.9430     4273.5600     -700.6170
        56.6652                  7.5246             309.1           3365.4503     4010.5800     -645.1297
        56.7172                  7.5316             308.0           3441.9466     4000.3200     -558.3734
        56.7689                  7.5385             311.8           3609.7837     4035.4200     -425.6363
        56.8209                  7.5454             314.0           3178.2082     4057.0200     -878.8118
        56.8731                  7.5523             304.5           3223.4966     3967.2000     -743.7034
        56.9250                  7.5593             303.8           3223.3341     3960.0000     -736.6659
        56.9769                  7.5662             306.6           3455.5034     3986.6400     -531.1366
        57.0289                  7.5731             326.8           3553.6740     4177.4400     -623.7660
        57.0808                  7.5800             289.7           3270.8234     3827.3400     -556.5166
        57.1327                  7.5870             325.2           3575.3534     4162.5000     -587.1466
        57.1847                  7.5939             303.7           3084.2798     3959.8200     -875.5402
        57.2367                  7.6008             290.5           3210.7519     3834.9000     -624.1481
        57.2500                  7.6026             294.9           3220.0526     3876.6600     -656.6074
        57.3020                  7.6095             307.3           3161.4744     3993.4800     -832.0056
        57.3539                  7.6165             300.4           3040.6329     3928.1400     -887.5071
        57.4060                  7.6234             294.4           3079.4992     3871.2600     -791.7608
        57.4579                  7.6303             312.1           3288.7386     4038.4800     -749.7414
        57.5100                  7.6372             289.9           3249.3298     3828.9600     -579.6302
        57.5618                  7.6442             310.4           3543.2497     4022.2800     -479.0303
        57.6137                  7.6511             310.6           3341.9512     4024.9800     -683.0288
        57.6657                  7.6580             303.6           3294.4084     3958.9200     -664.5116
        57.7176                  7.6649             312.5           3480.3435     4042.2600     -561.9165
        57.7696                  7.6719             313.1           3434.5497     4048.0200     -613.4703
        57.8216                  7.6788             302.3           3124.9009     3946.1400     -821.2391
        57.8735                  7.6857             312.6           3468.9033     4043.7000     -574.7967
        57.9256                  7.6927             308.9           3350.5970     4008.9600     -658.3630
        57.9776                  7.6996             295.8           2932.5752     3884.5800     -952.0048
        58.0297                  7.7065             306.3           2938.5147     3984.3000    -1045.7853
        58.0817                  7.7134             290.1           3091.4439     3831.4800     -740.0361
        58.1336                  7.7204             304.3           3218.5118     3965.4000     -746.8882
        58.1856                  7.7273             301.4           3108.0054     3938.0400     -830.0346
        58.2375                  7.7342             314.3           3310.4001     4059.9000     -749.4999
        58.2500                  7.7359             286.2           3064.5910     3794.5800     -729.9890
        58.3018                  7.7428             308.3           3412.9669     4003.2000     -590.2331
        58.3538                  7.7497             307.9           3070.1679     3998.8800     -928.7121
        58.4058                  7.7567             301.3           3186.7588     3936.4200     -749.6612
        58.4578                  7.7636             301.4           3241.7150     3937.5000     -695.7850
        58.5098                  7.7705             307.5           3298.4735     3995.6400     -697.1665
        58.5617                  7.7775             317.0           3570.9929     4084.7400     -513.7471
        58.6136                  7.7844             297.8           3309.8343     3904.0200     -594.1857
        58.6655                  7.7913             307.4           3479.7234     3994.0200     -514.2966
        58.7175                  7.7982             297.5           3099.3887     3901.1400     -801.7513
        58.7694                  7.8052             305.3           3359.6861     3974.4000     -614.7139
        58.8214                  7.8121             284.7           3124.0683     3780.1800     -656.1117
        58.8732                  7.8190             319.0           3277.1807     4103.4600     -826.2793
        58.9251                  7.8259             316.4           3457.0078     4079.5200     -622.5122
        58.9771                  7.8329             328.6           3542.0142     4194.1800     -652.1658
        59.0292                  7.8398             280.6           3046.0775     3741.1200     -695.0425
        59.0811                  7.8467             332.6           3697.2699     4232.5200     -535.2501
        59.1330                  7.8537             305.8           3485.4910     3979.2600     -493.7690
        59.1850                  7.8606             306.7           3219.6826     3988.0800     -768.3974
        59.2370                  7.8675             319.7           3694.4975     4110.4800     -415.9825
        59.2500                  7.8693             310.5           3444.1271     4023.9000     -579.7729
        59.3019                  7.8762             307.2           3291.4493     3992.2200     -700.7707
        59.3539                  7.8831             304.5           3299.1194     3967.2000     -668.0806
        59.4059                  7.8900             298.7           3424.9411     3912.1200     -487.1789
        59.4578                  7.8970             324.8           3578.5799     4158.7200     -580.1401
        59.5097                  7.9039             293.8           3050.8640     3865.5000     -814.6360
        59.5617                  7.9108             319.6           3386.1493     4109.7600     -723.6107
        59.6138                  7.9177             311.2           3021.4241     4030.0200    -1008.5959
        59.6657                  7.9247             302.2           3177.1562     3945.2400     -768.0838
        59.7175                  7.9316             319.0           3327.2436     4104.1800     -776.9364
        59.7694                  7.9385             322.9           3450.0239     4140.1800     -690.1561
        59.8214                  7.9455             314.2           3153.5326     4058.2800     -904.7474
        59.8735                  7.9524             301.3           3016.7881     3936.4200     -919.6319
        59.9254                  7.9593             313.4           3143.6900     4050.5400     -906.8500
        59.9775                  7.9662             323.2           3403.7026     4143.6000     -739.8974
        60.0295                  7.9732             293.7           3033.0881     3865.1400     -832.0519
        60.0815                  7.9801             298.4           3304.9500     3909.4200     -604.4700
        60.1335                  7.9870             316.0           3454.3598     4075.2000     -620.8402
        60.1854                  7.9940             302.6           3458.0831     3948.8400     -490.7569
        60.2373                  8.0009             301.0           3299.3039     3933.7200     -634.4161
        60.2500                  8.0026             300.3           3317.3352     3927.6000     -610.2648
        60.3021                  8.0095             303.2           3360.7128     3954.2400     -593.5272
        60.3539                  8.0164             305.3           3449.6582     3974.5800     -524.9218
        60.4058                  8.0234             282.6           3061.8475     3760.2000     -698.3525
        60.4578                  8.0303             287.7           2809.2787     3808.8000     -999.5213
        60.5099                  8.0372             309.9           3399.1294     4017.7800     -618.6506
        60.5618                  8.0441             293.0           3177.2652     3858.4800     -681.2148
        60.6137                  8.0511             296.8           3326.9208     3894.6600     -567.7392
        60.6656                  8.0580             301.9           3307.4835     3942.3600     -634.8765
        60.7176                  8.0649             302.7           3303.3871     3949.9200     -646.5329
        60.7696                  8.0719             300.8           3285.1294     3932.1000     -646.9706
        60.8215                  8.0788             316.5           3524.4543     4080.0600     -555.6057
        60.8735                  8.0857             306.1           3343.7243     3982.5000     -638.7757
        60.9255                  8.0926             305.0           3166.0100     3971.8800     -805.8700
        60.9775                  8.0996             319.2           3518.9701     4105.9800     -587.0099
        61.0294                  8.1065             307.4           3401.6251     3994.0200     -592.3949
        61.0814                  8.1134             312.2           3365.8793     4039.7400     -673.8607
        61.1333                  8.1203             304.7           3451.1670     3968.6400     -517.4730
        61.1852                  8.1273             300.0           3425.5903     3924.7200     -499.1297
        61.2371                  8.1342             314.9           3282.4141     4064.9400     -782.5259
        61.2500                  8.1359             310.4           3284.1743     4022.8200     -738.6457
        61.3021                  8.1429             298.8           3108.2271     3913.5600     -805.3329
        61.3541                  8.1498             311.3           3379.7721     4030.9200     -651.1479
        61.4061                  8.1567             289.6           3133.9773     3826.6200     -692.6427
        61.4580                  8.1636             312.3           3536.2055     4040.8200     -504.6145
        61.5100                  8.1706             289.4           3021.9959     3824.4600     -802.4641
        61.5620                  8.1775             296.2           3365.7035     3888.3600     -522.6565
        61.6139                  8.1844             327.6           3475.1380     4185.3600     -710.2220
        61.6659                  8.1913             304.9           3450.5407     3971.1600     -520.6193
        61.7179                  8.1983             327.2           3296.6657     4181.0400     -884.3743
        61.7698                  8.2052             303.4           3146.5659     3956.4000     -809.8341
        61.8219                  8.2121             305.2           3271.9505     3973.5000     -701.5495
        61.8738                  8.2191             298.0           3118.5772     3905.6400     -787.0628
        61.9259                  8.2260             306.0           3216.9511     3981.4200     -764.4689
        61.9777                  8.2329             296.3           3037.2760     3889.9800     -852.7040
        62.0296                  8.2398             302.9           2939.3726     3951.5400    -1012.1674
        62.0815                  8.2468             283.8           2792.5383     3771.3600     -978.8217
        62.1334                  8.2537             305.5           3109.3059     3976.2000     -866.8941
        62.1852                  8.2606             297.4           3299.5939     3900.0600     -600.4661
        62.2370                  8.2676             316.7           3598.2007     4082.2200     -484.0193
        62.2500                  8.2693             311.4           3476.4767     4032.3600     -555.8833
        62.3020                  8.2762             307.6           3308.8573     3996.1800     -687.3227
        62.3541                  8.2831             315.2           3237.9840     4068.0000     -830.0160
        62.4061                  8.2901             302.7           3453.7106     3950.2800     -496.5694
        62.4581                  8.2970             301.8           3586.1084     3941.4600     -355.3516
        62.5099                  8.3039             306.5           3459.3208     3985.3800     -526.0592
        62.5618                  8.3108             311.4           3307.9563     4031.8200     -723.8637
        62.6138                  8.3178             298.2           3352.0491     3907.8000     -555.7509
        62.6657                  8.3247             293.8           3245.2514     3865.5000     -620.2486
        62.7176                  8.3316             293.7           3279.2311     3864.7800     -585.5489
        62.7695                  8.3386             306.1           3302.4773     3981.7800     -679.3027
        62.8213                  8.3455             308.7           3288.2040     4006.6200     -718.4160
        62.8733                  8.3524             296.2           3404.7815     3888.3600     -483.5785
        62.9251                  8.3593             301.4           3281.9287     3937.3200     -655.3913
        62.9770                  8.3663             305.2           3194.6236     3973.6800     -779.0564
        63.0289                  8.3732             289.0           3169.8894     3820.6800     -650.7906
        63.0808                  8.3801             301.1           3358.2975     3934.4400     -576.1425
        63.1327                  8.3870             313.2           3537.0257     4049.2800     -512.2543
        63.1847                  8.3940             307.3           3364.2070     3993.3000     -629.0930
        63.2368                  8.4009             314.0           3185.9094     4056.4800     -870.5706
        63.2500                  8.4027             310.0           3252.8285     4018.5000     -765.6715
        63.3019                  8.4096             307.4           3417.3173     3994.0200     -576.7027
        63.3539                  8.4165             312.8           3342.4905     4045.5000     -703.0095
        63.4059                  8.4234             307.3           3288.4212     3993.1200     -704.6988
        63.4578                  8.4304             314.2           3251.0902     4058.1000     -807.0098
        63.5098                  8.4373             285.8           3245.6830     3790.4400     -544.7570
        63.5616                  8.4442             304.7           3308.8581     3968.8200     -659.9619
        63.6135                  8.4512             312.2           3425.5689     4039.3800     -613.8111
        63.6653                  8.4581             300.5           3203.0537     3929.2200     -726.1663
        63.7173                  8.4650             308.2           3412.1476     4002.3000     -590.1524
        63.7691                  8.4719             302.3           3449.0238     3945.9600     -496.9362
        63.8211                  8.4789             307.1           3336.2079     3991.8600     -655.6521
        63.8732                  8.4858             313.8           3208.4086     4054.3200     -845.9114
        63.9252                  8.4927             309.2           3513.3628     4011.1200     -497.7572
        63.9771                  8.4996             306.2           3530.3033     3983.4000     -453.0967
        64.0290                  8.5066             310.0           3405.5195     4019.2200     -613.7005
        64.0809                  8.5135             302.8           3382.3011     3951.1800     -568.8789
        64.1329                  8.5204             312.8           3481.7543     4045.5000     -563.7457
        64.1848                  8.5274             316.0           3438.7979     4075.7400     -636.9421
        64.2367                  8.5343             312.6           3376.2886     4043.8800     -667.5914
        64.2500                  8.5361             310.3           3478.4012     4021.7400     -543.3388
        64.3019                  8.5430             325.3           3340.6962     4163.5800     -822.8838
        64.3539                  8.5499             312.8           3266.3926     4045.3200     -778.9274
        64.4059                  8.5568             303.7           3428.4974     3959.4600     -530.9626
        64.4579                  8.5638             297.2           3140.3278     3897.9000     -757.5722
        64.5097                  8.5707             311.6           3581.2262     4033.6200     -452.3938
        64.5617                  8.5776             322.6           3478.4560     4138.2000     -659.7440
        64.6138                  8.5846             285.5           3085.2423     3787.7400     -702.4977
        64.6658                  8.5915             303.4           3459.8000     3956.4000     -496.6000
        64.7178                  8.5984             293.5           3150.4198     3863.5200     -713.1002
        64.7699                  8.6053             306.3           3083.7361     3983.7600     -900.0239
        64.8218                  8.6123             317.2           3400.6808     4086.7200     -686.0392
        64.8738                  8.6192             306.8           3315.9248     3988.8000     -672.8752
        64.9258                  8.6261             304.2           3380.8814     3964.3200     -583.4386
        64.9776                  8.6331             300.9           3274.5125     3933.3600     -658.8475
        65.0296                  8.6400             299.9           3149.5741     3923.6400     -774.0659
        65.0816                  8.6469             302.5           3348.8360     3948.4800     -599.6440
        65.1336                  8.6538             303.8           3183.2341     3960.5400     -777.3059
        65.1856                  8.6608             308.2           3549.4649     4001.5800     -452.1151
        65.2375                  8.6677             302.6           3358.8045     3949.0200     -590.2155
        65.2500                  8.6694             310.9           3431.6961     4026.9600     -595.2639
        65.3019                  8.6763             311.7           3316.3399     4034.7000     -718.3601
        65.3539                  8.6832             310.1           3439.6657     4019.4000     -579.7343
        65.4058                  8.6901             317.9           3435.8283     4093.3800     -657.5517
        65.4579                  8.6971             296.2           3349.9203     3888.7200     -538.7997
        65.5096                  8.7040             308.0           3403.4817     3999.7800     -596.2983
        65.5615                  8.7109             312.0           3554.6430     4037.4000     -482.7570
        65.6135                  8.7179             301.8           3058.4826     3941.6400     -883.1574
        65.6657                  8.7248             319.0           3549.2531     4103.4600     -554.2069
        65.7176                  8.7317             302.4           3322.7799     3947.0400     -624.2601
        65.7697                  8.7386             302.4           3296.5650     3946.8600     -650.2950
        65.8216                  8.7456             308.5           3539.5210     4004.2800     -464.7590
        65.8736                  8.7525             313.7           3383.8397     4053.4200     -669.5803
        65.9254                  8.7594             298.4           3275.9374     3909.2400     -633.3026
        65.9773                  8.7664             299.0           3344.9397     3915.0000     -570.0603
        66.0293                  8.7733             295.9           3058.3424     3885.6600     -827.3176
        66.0811                  8.7802             321.3           3568.1564     4125.9600     -557.8036
        66.1332                  8.7871             313.8           3100.2776     4055.0400     -954.7624
        66.1852                  8.7941             302.4           3393.3278     3947.0400     -553.7122
        66.2371                  8.8010             313.1           3456.9287     4048.0200     -591.0913
        66.2500                  8.8027             294.7           3063.8815     3874.6800     -810.7985
        66.3020                  8.8096             301.9           3209.2193     3942.1800     -732.9607
        66.3539                  8.8166             305.9           3157.6416     3979.8000     -822.1584
        66.4059                  8.8235             302.2           3432.1798     3945.0600     -512.8802
        66.4577                  8.8304             322.3           3376.0790     4134.7800     -758.7010
        66.5097                  8.8373             315.5           3338.1171     4070.8800     -732.7629
        66.5619                  8.8443             304.6           3322.1546     3968.1000     -645.9454
        66.6139                  8.8512             324.3           3706.6994     4154.2200     -447.5206
        66.6658                  8.8581             312.4           3491.8714     4041.5400     -549.6686
        66.7178                  8.8651             309.0           3424.6698     4009.6800     -585.0102
        66.7697                  8.8720             296.4           3214.2853     3890.7000     -676.4147
        66.8216                  8.8789             298.8           3183.2995     3913.5600     -730.2605
        66.8735                  8.8858             297.9           3256.3823     3905.1000     -648.7177
        66.9254                  8.8928             315.6           3415.6611     4072.1400     -656.4789
        66.9774                  8.8997             311.3           3341.9472     4031.2800     -689.3328
        67.0295                  8.9066             313.4           3425.6902     4051.0800     -625.3898
        67.0814                  8.9136             323.3           3559.0688     4144.8600     -585.7912
        67.1334                  8.9205             295.9           3064.8776     3885.4800     -820.6024
        67.1853                  8.9274             305.2           3347.3029     3973.6800     -626.3771
        67.2373                  8.9343             295.8           3235.8482     3885.3000     -649.4518
        67.2500                  8.9360             311.7           3446.6815     4035.0600     -588.3785
        67.3019                  8.9430             302.6           3028.6187     3949.2000     -920.5813
        67.3538                  8.9499             313.1           3180.8394     4048.0200     -867.1806
        67.4059                  8.9568             301.3           3066.2655     3936.7800     -870.5145
        67.4580                  8.9637             308.4           3303.3364     4004.1000     -700.7636
        67.5101                  8.9707             295.5           3138.3244     3881.7000     -743.3756
        67.5621                  8.9776             302.2           3252.9518     3945.6000     -692.6482
        67.6140                  8.9845             306.7           3416.3021     3987.9000     -571.5979
        67.6661                  8.9915             307.7           3206.4914     3997.0800     -790.5886
        67.7182                  8.9984             316.8           3171.0101     4083.3000     -912.2899
        67.7703                  9.0053             313.7           3239.7031     4053.7800     -814.0769
        67.8222                  9.0122             298.9           3136.8239     3914.1000     -777.2761
        67.8742                  9.0192             312.6           3452.8355     4042.9800     -590.1445
        67.9262                  9.0261             309.1           3303.3356     4010.0400     -706.7044
        67.9782                  9.0330             313.9           3380.7778     4055.5800     -674.8022
        68.0301                  9.0399             288.0           3071.4487     3810.7800     -739.3313
        68.0820                  9.0469             288.0           3047.9983     3811.3200     -763.3217
        68.1340                  9.0538             306.4           3247.2225     3985.2000     -737.9775
        68.1860                  9.0607             299.6           3271.6209     3920.9400     -649.3191
        68.2379                  9.0677             295.4           3254.2970     3880.8000     -626.5030
        68.2500                  9.0693             305.2           3330.1800     3973.1400     -642.9600
        68.3020                  9.0762             289.9           3285.0638     3828.7800     -543.7162
        68.3540                  9.0831             301.9           3242.8618     3942.7200     -699.8582
        68.4060                  9.0901             294.0           3220.9866     3867.8400     -646.8534
        68.4581                  9.0970             306.0           3278.9541     3981.2400     -702.2859
        68.5101                  9.1039             315.1           3306.2938     4067.2800     -760.9862
        68.5621                  9.1108             300.1           3262.8945     3925.6200     -662.7255
        68.6140                  9.1178             316.7           3388.8071     4082.2200     -693.4129
        68.6660                  9.1247             293.2           3179.4329     3860.4600     -681.0271
        68.7179                  9.1316             294.9           3250.1398     3876.6600     -626.5202
        68.7698                  9.1385             319.9           3527.9113     4112.4600     -584.5487
        68.8218                  9.1455             313.0           3450.1063     4047.6600     -597.5537
        68.8738                  9.1524             296.8           3186.7653     3894.3000     -707.5347
        68.9259                  9.1593             312.0           3205.7336     4038.1200     -832.3864
        68.9779                  9.1663             294.3           3182.4436     3870.9000     -688.4564
        69.0298                  9.1732             291.3           3276.8788     3842.8200     -565.9412
        69.0817                  9.1801             315.9           3326.5767     4074.1200     -747.5433
        69.1338                  9.1870             312.0           3230.6571     4037.5800     -806.9229
        69.1859                  9.1940             289.7           3219.1105     3827.1600     -608.0495
        69.2378                  9.2009             303.8           3611.7812     3960.5400     -348.7588
        69.2500                  9.2025             306.3           3530.8886     3983.7600     -452.8714
        69.3018                  9.2095             308.2           3388.4251     4002.1200     -613.6949
        69.3536                  9.2164             302.4           3546.8803     3947.5800     -400.6997
        69.4054                  9.2233             299.6           3387.3355     3920.9400     -533.6045
        69.4574                  9.2302             312.0           3491.0971     4037.7600     -546.6629
        69.5093                  9.2372             304.8           3251.7163     3969.9000     -718.1837
        69.5611                  9.2441             290.6           3132.6065     3835.8000     -703.1935
        69.6131                  9.2510             310.5           3328.7263     4023.7200     -694.9937
        69.6652                  9.2580             319.5           3487.5836     4108.3200     -620.7364
        69.7171                  9.2649             321.4           3564.5313     4126.3200     -561.7887
        69.7690                  9.2718             303.8           3340.9161     3960.7200     -619.8039
        69.8210                  9.2787             298.7           3061.8591     3912.4800     -850.6209
        69.8729                  9.2857             318.1           3481.2629     4095.5400     -614.2771
        69.9248                  9.2926             303.2           3435.8775     3954.6000     -518.7225
        69.9767                  9.2995             302.4           3200.7279     3947.4000     -746.6721
        70.0287                  9.3064             319.2           3486.9671     4105.4400     -618.4729
        70.0807                  9.3134             304.0           3498.2803     3962.3400     -464.0597
        70.1326                  9.3203             294.9           3488.9724     3876.6600     -387.6876
        70.1844                  9.3272             309.9           3282.8886     4017.9600     -735.0714
        70.2363                  9.3342             309.2           3373.6258     4011.6600     -638.0342
        70.2500                  9.3360             313.7           3460.1005     4053.7800     -593.6795
        70.3018                  9.3429             293.9           3331.7582     3866.9400     -535.1818
        70.3538                  9.3498             307.2           3499.9859     3992.5800     -492.5941
        70.4056                  9.3568             318.0           3637.1617     4094.6400     -457.4783
        70.4575                  9.3637             310.4           3394.8228     4022.4600     -627.6372
        70.5095                  9.3706             304.1           3287.0352     3962.8800     -675.8448
        70.5615                  9.3776             322.5           3604.8709     4136.4000     -531.5291
        70.6135                  9.3845             294.7           3267.7209     3874.6800     -606.9591
        70.6655                  9.3914             323.4           3516.3916     4145.2200     -628.8284
        70.7174                  9.3983             301.5           3227.6871     3938.9400     -711.2529
        70.7695                  9.4053             302.0           3421.3840     3943.2600     -521.8760
        70.8214                  9.4122             323.1           3478.0532     4142.5200     -664.4668
        70.8733                  9.4191             310.8           3611.8115     4026.6000     -414.7885
        70.9251                  9.4261             297.4           3363.7888     3899.5200     -535.7312
        70.9770                  9.4330             310.8           3610.8070     4026.4200     -415.6130
        71.0289                  9.4399             307.0           3494.9248     3990.4200     -495.4952
        71.0809                  9.4468             300.9           3260.1267     3932.8200     -672.6933
        71.1329                  9.4538             308.8           3436.6979     4007.7000     -571.0021
        71.1848                  9.4607             306.8           3574.6901     3988.4400     -413.7499
        71.2367                  9.4676             322.1           3646.4533     4133.5200     -487.0667
        71.2500                  9.4694             309.8           3420.0531     4016.7000     -596.6469
        71.3021                  9.4763             307.6           3311.5485     3996.0000     -684.4515
        71.3541                  9.4833             298.2           3337.4038     3907.4400     -570.0362
        71.4059                  9.4902             313.3           3415.0891     4050.3600     -635.2709
        71.4578                  9.4971             318.1           3535.2749     4095.3600     -560.0851
        71.5097                  9.5040             314.6           3494.6633     4062.2400     -567.5767
        71.5616                  9.5110             300.3           3345.7632     3927.0600     -581.2968
        71.6136                  9.5179             312.7           3178.4396     4044.6000     -866.1604
        71.6656                  9.5248             295.6           2952.2920     3882.9600     -930.6680
        71.7176                  9.5317             298.0           3262.3812     3905.4600     -643.0788
        71.7696                  9.5387             291.4           3053.4402     3843.0000     -789.5598
        71.8218                  9.5456             305.4           3325.3445     3975.4800     -650.1355
        71.8736                  9.5525             313.2           3371.8999     4049.4600     -677.5601
        71.9256                  9.5595             302.4           3289.5355     3947.2200     -657.6845
        71.9776                  9.5664             306.8           3319.5967     3988.8000     -669.2033
        72.0296                  9.5733             333.9           3533.0243     4244.0400     -711.0157
        72.0815                  9.5802             309.9           3231.7754     4017.6000     -785.8246
        72.1335                  9.5872             319.4           3494.8722     4107.6000     -612.7278
        72.1854                  9.5941             304.6           3462.2699     3967.5600     -505.2901
        72.2373                  9.6010             303.4           3304.4631     3956.5800     -652.1169
        72.2500                  9.6027             305.5           3342.6316     3976.2000     -633.5684
        72.3020                  9.6096             318.4           3395.8816     4098.6000     -702.7184
        72.3540                  9.6166             294.9           3350.4455     3876.6600     -526.2145
        72.4059                  9.6235             314.4           3309.1191     4060.4400     -751.3209
        72.4579                  9.6304             306.2           3019.5468     3983.0400     -963.4932
        72.5099                  9.6373             307.6           3352.5817     3995.8200     -643.2383
        72.5617                  9.6443             315.1           3458.7457     4066.9200     -608.1743
        72.6135                  9.6512             316.1           3463.1027     4076.1000     -612.9973
        72.6654                  9.6581             336.9           3596.0626     4272.6600     -676.5974
        72.7173                  9.6651             303.6           3293.8960     3958.3800     -664.4840
        72.7691                  9.6720             323.5           3522.3335     4146.3000     -623.9665
        72.8211                  9.6789             298.9           3432.2631     3914.1000     -481.8369
        72.8729                  9.6858             308.6           3482.7847     4005.3600     -522.5753
        72.9248                  9.6928             284.0           3156.0638     3773.3400     -617.2762
        72.9768                  9.6997             301.9           3319.3258     3942.1800     -622.8542
        73.0289                  9.7066             290.1           2972.5609     3830.5800     -858.0191
        73.0809                  9.7135             318.3           3282.6794     4096.8000     -814.1206
        73.1328                  9.7205             306.5           3323.9161     3986.2800     -662.3639
        73.1847                  9.7274             287.6           3267.8356     3807.1800     -539.3444
        73.2366                  9.7343             304.0           3310.4975     3962.3400     -651.8425
        73.2500                  9.7361             298.1           3219.0311     3906.1800     -687.1489
        73.3021                  9.7430             304.2           3351.6385     3964.5000     -612.8615
        73.3541                  9.7500             310.8           3451.6695     4026.6000     -574.9305
        73.4060                  9.7569             299.3           3242.8796     3918.2400     -675.3604
        73.4580                  9.7638             321.0           3535.9088     4122.9000     -586.9912
        73.5100                  9.7708             314.1           3506.9522     4057.7400     -550.7878
        73.5619                  9.7777             294.3           3238.6346     3870.7200     -632.0854
        73.6138                  9.7846             302.8           3334.2651     3950.6400     -616.3749
        73.6659                  9.7915             316.6           3434.9530     4080.9600     -646.0070
        73.7178                  9.7985             309.7           3496.4323     4016.1600     -519.7277
        73.7696                  9.8054             303.3           3260.3870     3955.3200     -694.9330
        73.8215                  9.8123             305.3           3316.4205     3974.4000     -657.9795
        73.8736                  9.8193             309.5           3295.6972     4014.0000     -718.3028
        73.9255                  9.8262             309.1           3435.9468     4010.0400     -574.0932
        73.9775                  9.8331             295.3           3235.4331     3879.9000     -644.4669
        74.0293                  9.8400             309.5           3511.6582     4014.1800     -502.5218
        74.0812                  9.8470             316.6           3374.5730     4081.5000     -706.9270
        74.1332                  9.8539             311.0           3505.8716     4028.7600     -522.8884
        74.1850                  9.8608             289.5           3178.2093     3825.0000     -646.7907
        74.2370                  9.8677             294.6           3156.6571     3873.2400     -716.5829
        74.2500                  9.8695             313.7           3478.4481     4053.7800     -575.3319
        74.3019                  9.8764             299.0           3146.5820     3914.8200     -768.2380
        74.3538                  9.8833             327.6           3601.5152     4184.8200     -583.3048
        74.4057                  9.8903             305.5           3639.9644     3976.7400     -336.7756
        74.4576                  9.8972             298.9           3126.4423     3914.2800     -787.8377
        74.5096                  9.9041             293.2           3338.7255     3860.1000     -521.3745
        74.5615                  9.9110             294.5           3039.7570     3872.1600     -832.4030
        74.6134                  9.9180             302.4           3350.4115     3946.6800     -596.2685
        74.6654                  9.9249             304.8           3304.6582     3969.7200     -665.0618
        74.7171                  9.9318             292.5           3195.2797     3853.2600     -657.9803
        74.7691                  9.9388             322.9           3392.9491     4140.9000     -747.9509
        74.8210                  9.9457             312.8           3518.8443     4045.6800     -526.8357
        74.8729                  9.9526             329.1           3567.7536     4199.0400     -631.2864
        74.9248                  9.9595             295.0           3291.1722     3876.8400     -585.6678
        74.9767                  9.9665             303.1           3290.4572     3953.3400     -662.8828
        75.0287                  9.9734             310.2           3418.6064     4020.3000     -601.6936
        75.0806                  9.9803             304.5           3273.5618     3966.8400     -693.2782
        75.1324                  9.9873             295.0           3291.2283     3877.2000     -585.9717
        75.1842                  9.9942             312.6           3472.9354     4043.8800     -570.9446
        75.2362                 10.0011             318.7           3527.8577     4100.7600     -572.9023
        75.2500                 10.0030             292.0           3292.9648     3849.3000     -556.3352
        75.3018                 10.0099             297.0           3344.8796     3896.6400     -551.7604
        75.3537                 10.0168             304.6           3179.3364     3968.1000     -788.7636
        75.4056                 10.0237             303.1           3333.9670     3953.5200     -619.5530
        75.4575                 10.0307             306.1           3650.3933     3981.9600     -331.5667
        75.5094                 10.0376             294.5           3392.7319     3872.5200     -479.7881
        75.5613                 10.0445             320.0           3463.5002     4112.8200     -649.3198
        75.6133                 10.0515             313.5           2993.6014     4051.9800    -1058.3786
        75.6654                 10.0584             290.5           3064.7239     3835.0800     -770.3561
        75.7173                 10.0653             298.3           2916.0199     3908.7000     -992.6801
        75.7693                 10.0722             323.7           3279.6531     4147.7400     -868.0869
        75.8212                 10.0792             295.8           3158.1208     3885.1200     -726.9992
        75.8732                 10.0861             318.6           3244.0605     4100.0400     -855.9795
        75.9253                 10.0930             309.2           3456.6391     4010.9400     -554.3009
        75.9772                 10.0999             308.3           3499.8371     4002.4800     -502.6429
        76.0290                 10.1069             299.3           3188.2382     3918.0600     -729.8218
        76.0811                 10.1138             308.7           3594.3060     4006.8000     -412.4940
        76.1330                 10.1207             292.8           3213.8733     3856.8600     -642.9867
        76.1848                 10.1277             317.0           3443.1491     4084.9200     -641.7709
        76.2366                 10.1346             339.2           3611.4153     4294.0800     -682.6647
        76.2500                 10.1364             312.9           3279.7298     4046.2200     -766.4902
        76.3020                 10.1433             303.6           3472.3762     3958.3800     -486.0038
        76.3538                 10.1502             321.5           3610.5247     4127.0400     -516.5153
        76.4058                 10.1572             301.9           3451.0494     3942.1800     -491.1306
        76.4577                 10.1641             312.9           3535.2510     4046.2200     -510.9690
        76.5095                 10.1710             310.0           3534.2958     4018.8600     -484.5642
        76.5613                 10.1779             304.2           3278.0706     3964.5000     -686.4294
        76.6133                 10.1849             295.6           3182.0765     3883.1400     -701.0635
        76.6652                 10.1918             299.8           3083.2768     3922.7400     -839.4632
        76.7172                 10.1987             325.9           3408.5496     4168.8000     -760.2504
        76.7691                 10.2057             315.3           3482.2998     4069.2600     -586.9602
        76.8211                 10.2126             317.6           3357.4771     4090.3200     -732.8429
        76.8729                 10.2195             316.7           3392.3391     4082.0400     -689.7009
        76.9248                 10.2264             324.5           3563.5654     4155.4800     -591.9146
        76.9769                 10.2334             327.4           3444.7692     4183.5600     -738.7908
        77.0289                 10.2403             304.9           3364.6721     3971.1600     -606.4879
        77.0808                 10.2472             304.4           3345.1706     3965.9400     -620.7694
        77.1327                 10.2541             305.2           3237.8012     3973.8600     -736.0588
        77.1847                 10.2611             322.5           3548.9811     4137.3000     -588.3189
        77.2366                 10.2680             323.6           3533.1476     4147.5600     -614.4124
        77.2500                 10.2698             305.8           3319.9789     3979.4400     -659.4611
        77.3021                 10.2767             297.5           3301.7907     3900.7800     -598.9893
        77.3540                 10.2836             320.4           3536.7051     4116.7800     -580.0749
        77.4061                 10.2906             298.7           3020.8417     3911.9400     -891.0983
        77.4581                 10.2975             323.9           3577.0411     4150.2600     -573.2189
        77.5102                 10.3044             323.3           3328.8783     4144.8600     -815.9817
        77.5621                 10.3114             301.0           3226.2936     3933.7200     -707.4264
        77.6141                 10.3183             306.2           3254.7276     3983.2200     -728.4924
        77.6660                 10.3252             320.0           3451.8940     4113.7200     -661.8260
        77.7180                 10.3321             301.7           3263.4208     3940.2000     -676.7792
        77.7698                 10.3391             310.1           3264.9553     4020.1200     -755.1647
        77.8218                 10.3460             304.8           3438.6053     3969.3600     -530.7547
        77.8739                 10.3529             314.0           3324.1537     4056.3000     -732.1463
        77.9260                 10.3598             306.2           3071.3363     3982.8600     -911.5237
        77.9780                 10.3668             309.4           3244.1085     4013.1000     -768.9915
        78.0300                 10.3737             320.5           3375.0429     4118.0400     -742.9971
        78.0820                 10.3806             299.2           3273.6466     3917.1600     -643.5134
        78.1339                 10.3876             317.0           3277.7017     4085.1000     -807.3983
        78.1858                 10.3945             314.1           3366.3548     4057.5600     -691.2052
        78.2379                 10.4014             293.2           3073.2171     3860.4600     -787.2429
        78.2500                 10.4030             313.4           3277.9593     4051.2600     -773.3007
        78.3020                 10.4100             302.9           3415.3799     3952.2600     -536.8801
        78.3539                 10.4169             307.3           3359.8526     3993.3000     -633.4474
        78.4059                 10.4238             298.1           3396.9803     3906.7200     -509.7397
        78.4579                 10.4307             319.2           3436.1369     4105.2600     -669.1231
        78.5098                 10.4377             312.2           3172.9228     4039.9200     -866.9972
        78.5618                 10.4446             290.8           3337.2239     3837.9600     -500.7361
        78.6137                 10.4515             317.5           3437.0239     4089.9600     -652.9361
        78.6656                 10.4585             306.1           3346.0725     3981.6000     -635.5275
        78.7176                 10.4654             313.0           3460.4338     4047.1200     -586.6862
        78.7696                 10.4723             309.7           3488.1212     4016.1600     -528.0388
        78.8217                 10.4792             302.2           3303.4848     3945.6000     -642.1152
        78.8736                 10.4862             312.0           3512.0496     4038.1200     -526.0704
        78.9255                 10.4931             320.7           3417.3339     4119.8400     -702.5061
        78.9774                 10.5000             298.9           3048.9034     3913.9200     -865.0166
        79.0293                 10.5069             305.0           3259.2640     3972.0600     -712.7960
        79.0812                 10.5139             311.0           3346.9974     4027.8600     -680.8626
        79.1331                 10.5208             306.7           3302.0887     3987.5400     -685.4513
        79.1852                 10.5277             306.7           3079.6412     3987.3600     -907.7188
        79.2371                 10.5347             302.8           3416.6824     3951.3600     -534.6776
        79.2500                 10.5364             301.2           3233.7185     3936.0600     -702.3415
        79.3019                 10.5433             280.2           2891.7541     3737.7000     -845.9459
        79.3538                 10.5502             298.9           3406.3205     3913.9200     -507.5995
        79.4057                 10.5572             310.4           3246.9486     4022.2800     -775.3314
        79.4577                 10.5641             303.8           3156.4811     3960.1800     -803.6989
        79.5098                 10.5710             298.3           3385.2305     3908.3400     -523.1095
        79.5616                 10.5779             294.3           3268.7804     3870.7200     -601.9396
        79.6136                 10.5849             300.6           3144.8590     3930.1200     -785.2610
        79.6655                 10.5918             318.7           3511.0361     4101.1200     -590.0839
        79.7175                 10.5987             297.8           3183.9437     3903.3000     -719.3563
        79.7695                 10.6057             306.9           3379.3161     3989.7000     -610.3839
        79.8214                 10.6126             298.0           3196.4816     3905.8200     -709.3384
        79.8733                 10.6195             299.6           3525.6761     3920.4000     -394.7239
        79.9252                 10.6264             335.7           3582.9364     4261.6800     -678.7436
        79.9771                 10.6334             319.8           3345.4587     4111.3800     -765.9213
        80.0290                 10.6403             304.9           3351.9782     3970.8000     -618.8218
        80.0810                 10.6472             316.1           3458.1701     4076.6400     -618.4699
        80.1330                 10.6541             312.6           3453.6367     4043.3400     -589.7033
        80.1850                 10.6611             294.3           3165.4772     3870.9000     -705.4228
        80.2369                 10.6680             297.9           3346.2683     3905.1000     -558.8317
        80.2500                 10.6697             308.8           3384.6549     4007.5200     -622.8651
        80.3019                 10.6767             301.9           3271.7631     3942.3600     -670.5969
        80.3537                 10.6836             286.3           3024.6696     3794.9400     -770.2704
        80.4058                 10.6905             305.3           3312.1225     3974.7600     -662.6375
        80.4578                 10.6975             305.6           3253.7828     3977.1000     -723.3172
        80.5099                 10.7044             310.3           3486.3325     4021.9200     -535.5875
        80.5617                 10.7113             309.9           3538.5015     4018.3200     -479.8185
        80.6137                 10.7182             296.6           3421.6611     3892.1400     -470.4789
        80.6655                 10.7252             293.1           3379.0085     3859.0200     -480.0115
        80.7174                 10.7321             325.8           3614.0203     4167.7200     -553.6997
        80.7692                 10.7390             297.9           3317.5420     3904.5600     -587.0180
        80.8211                 10.7460             323.3           3582.6507     4144.1400     -561.4893
        80.8731                 10.7529             318.0           3640.0602     4094.4600     -454.3998
        80.9251                 10.7598             298.7           3255.7333     3911.9400     -656.2067
        80.9772                 10.7667             288.0           3203.0885     3811.5000     -608.4115
        81.0291                 10.7737             309.5           3491.5135     4014.3600     -522.8465
        81.0808                 10.7806             314.9           3580.9827     4064.9400     -483.9573
        81.1327                 10.7875             297.4           3428.4752     3899.8800     -471.4048
        81.1845                 10.7944             300.2           3435.5629     3926.3400     -490.7771
        81.2363                 10.8014             310.5           3526.9025     4023.3600     -496.4575
        81.2500                 10.8032             322.2           3632.4028     4134.0600     -501.6572
        81.3020                 10.8101             294.5           3384.0853     3872.3400     -488.2547
        81.3539                 10.8171             319.5           3581.3944     4108.6800     -527.2856
        81.4058                 10.8240             296.1           3257.7967     3888.0000     -630.2033
        81.4577                 10.8309             308.9           3405.6427     4008.4200     -602.7773
        81.5097                 10.8378             322.9           3469.2760     4140.1800     -670.9040
        81.5618                 10.8448             296.2           2953.6900     3888.7200     -935.0300
        81.6138                 10.8517             307.6           3254.3240     3995.8200     -741.4960
        81.6658                 10.8586             308.8           3592.4486     4007.8800     -415.4314
        81.7178                 10.8656             315.5           3665.5887     4070.3400     -404.7513
        81.7698                 10.8725             304.4           3267.0111     3965.9400     -698.9289
        81.8219                 10.8794             316.8           3325.9458     4083.3000     -757.3542
        81.8740                 10.8863             312.0           3373.9943     4037.4000     -663.4057
        81.9260                 10.8933             303.4           3096.1179     3956.5800     -860.4621
        81.9779                 10.9002             308.3           3328.6724     4002.4800     -673.8076
        82.0298                 10.9071             300.3           3400.6161     3927.2400     -526.6239
        82.0818                 10.9140             307.6           3350.2245     3996.5400     -646.3155
        82.1337                 10.9210             302.3           3259.2728     3945.7800     -686.5072
        82.1855                 10.9279             326.1           3434.2216     4170.7800     -736.5584
        82.2375                 10.9348             324.1           3314.9026     4151.7000     -836.7974
        82.2500                 10.9365             323.1           3481.7874     4142.5200     -660.7326
        82.3020                 10.9434             297.9           3225.2534     3904.2000     -678.9466
        82.3541                 10.9503             302.3           3271.5638     3946.1400     -674.5762
        82.4061                 10.9573             297.4           3405.6825     3899.7000     -494.0175
        82.4582                 10.9642             305.6           3000.9337     3977.2800     -976.3463
        82.5102                 10.9711             313.5           3263.7122     4051.8000     -788.0878
        82.5622                 10.9781             299.3           3205.9275     3918.0600     -712.1325
        82.6141                 10.9850             323.1           3410.5757     4142.3400     -731.7643
        82.6660                 10.9919             307.2           3040.3729     3992.0400     -951.6671
        82.7180                 10.9988             296.0           3295.3030     3886.7400     -591.4370
        82.7699                 11.0058             323.9           3604.3471     4150.4400     -546.0929
        82.8219                 11.0127             318.1           3582.0208     4095.1800     -513.1592
        82.8739                 11.0196             300.3           3464.1536     3927.6000     -463.4464
        82.9257                 11.0265             304.4           3491.8520     3965.5800     -473.7280
        82.9774                 11.0335             314.7           3503.6811     4063.5000     -559.8189
        83.0294                 11.0404             312.6           3298.6340     4043.1600     -744.5260
        83.0815                 11.0473             307.4           3312.8109     3994.0200     -681.2091
        83.1335                 11.0543             302.8           3164.8129     3950.6400     -785.8271
        83.1855                 11.0612             307.7           3190.9934     3996.9000     -805.9066
        83.2375                 11.0681             303.7           3182.0133     3959.4600     -777.4467
        83.2500                 11.0698             304.7           3285.1275     3968.8200     -683.6925
        83.3019                 11.0767             315.1           3545.2508     4066.5600     -521.3092
        83.3537                 11.0836             312.3           3508.3764     4040.4600     -532.0836
        83.4055                 11.0906             304.2           3364.7938     3963.7800     -598.9862
        83.4574                 11.0975             304.0           3471.5344     3961.9800     -490.4456
        83.5094                 11.1044             304.8           3351.1568     3969.7200     -618.5632
        83.5613                 11.1114             315.2           3291.5607     4067.8200     -776.2593
        83.6133                 11.1183             305.9           3126.7992     3980.3400     -853.5408
        83.6653                 11.1252             291.6           3145.8269     3845.3400     -699.5131
        83.7173                 11.1321             305.0           3172.8990     3972.0600     -799.1610
        83.7692                 11.1391             317.0           3156.0365     4084.7400     -928.7035
        83.8212                 11.1460             307.0           3348.9095     3990.9600     -642.0505
        83.8732                 11.1529             287.7           3231.9774     3808.4400     -576.4626
        83.9252                 11.1598             313.7           3312.6500     4053.6000     -740.9500
        83.9773                 11.1668             289.6           3105.9097     3826.6200     -720.7103
        84.0294                 11.1737             306.1           3179.3598     3982.5000     -803.1402
        84.0813                 11.1806             321.0           3560.9354     4122.5400     -561.6046
        84.1332                 11.1876             313.8           3559.7689     4054.5000     -494.7311
        84.1852                 11.1945             312.2           3221.1699     4039.9200     -818.7501
        84.2372                 11.2014             295.3           3091.7349     3879.7200     -787.9851
        84.2500                 11.2031             299.1           3343.3978     3916.2600     -572.8622
        84.3019                 11.2100             305.1           3087.0408     3972.6000     -885.5592
        84.3540                 11.2170             306.9           3138.3163     3989.5200     -851.2037
        84.4060                 11.2239             308.5           3278.5160     4004.4600     -725.9440
        84.4581                 11.2308             312.3           3360.1912     4040.2800     -680.0888
        84.5101                 11.2378             304.6           3212.4382     3968.2800     -755.8418
        84.5622                 11.2447             308.5           3129.3501     4004.6400     -875.2899
        84.6143                 11.2516             307.7           3437.8986     3997.0800     -559.1814
        84.6662                 11.2585             307.4           3188.8593     3994.3800     -805.5207
        84.7182                 11.2655             304.2           3434.7351     3964.5000     -529.7649
        84.7702                 11.2724             299.0           3288.5727     3914.8200     -626.2473
        84.8221                 11.2793             319.6           3439.7658     4109.2200     -669.4542
        84.8741                 11.2862             315.7           3646.4941     4072.5000     -426.0059
        84.9261                 11.2932             305.2           3278.8608     3973.3200     -694.4592
        84.9780                 11.3001             305.0           3184.4161     3971.7000     -787.2839
        85.0300                 11.3070             308.2           3331.1727     4001.9400     -670.7673
        85.0818                 11.3140             304.7           3339.2938     3968.6400     -629.3462
        85.1337                 11.3209             304.4           3220.3621     3965.9400     -745.5779
        85.1855                 11.3278             312.4           3263.6360     4041.3600     -777.7240
        85.2375                 11.3347             300.0           3270.5496     3924.1800     -653.6304
        85.2500                 11.3364             297.7           3310.9000     3902.7600     -591.8600
        85.3020                 11.3433             304.6           3207.1776     3968.1000     -760.9224
        85.3540                 11.3503             302.3           3327.5612     3946.5000     -618.9388
        85.4060                 11.3572             307.6           3378.7534     3995.8200     -617.0666
        85.4582                 11.3641             321.3           3704.3669     4125.9600     -421.5931
        85.5102                 11.3711             299.8           3219.3414     3922.9200     -703.5786
        85.5621                 11.3780             299.1           3319.5282     3916.0800     -596.5518
        85.6140                 11.3849             309.5           3481.5449     4014.1800     -532.6351
        85.6659                 11.3918             299.1           3152.8003     3915.7200     -762.9197
        85.7181                 11.3988             332.2           3482.9906     4228.0200     -745.0294
        85.7701                 11.4057             309.5           3405.3713     4014.0000     -608.6287
        85.8220                 11.4126             320.8           3708.0256     4121.2800     -413.2544
        85.8740                 11.4196             297.0           3193.9168     3896.6400     -702.7232
        85.9260                 11.4265             303.0           3107.0178     3952.9800     -845.9622
        85.9780                 11.4334             308.4           3309.5414     4003.3800     -693.8386
        86.0300                 11.4403             330.6           3694.6186     4212.9000     -518.2814
        86.0819                 11.4473             302.4           3350.3716     3947.2200     -596.8484
        86.1339                 11.4542             298.5           3344.2056     3910.6800     -566.4744
        86.1858                 11.4611             314.0           3351.6279     4056.3000     -704.6721
        86.2378                 11.4680             312.2           3314.7186     4039.7400     -725.0214
        86.2500                 11.4697             303.8           3119.9403     3960.1800     -840.2397
        86.3020                 11.4766             303.1           3304.0553     3953.3400     -649.2847
        86.3539                 11.4835             294.3           3183.8548     3870.9000     -687.0452
        86.4058                 11.4904             306.3           3409.2925     3983.7600     -574.4675
        86.4577                 11.4974             312.2           3354.1176     4039.9200     -685.8024
        86.5096                 11.5043             306.0           3252.1248     3981.4200     -729.2952
        86.5616                 11.5112             307.0           3160.1436     3990.7800     -830.6364
        86.6136                 11.5182             304.4           3251.4027     3965.9400     -714.5373
        86.6657                 11.5251             291.9           3187.8520     3847.8600     -660.0080
        86.7176                 11.5320             306.4           3349.0786     3984.4800     -635.4014
        86.7697                 11.5389             305.1           3271.8651     3972.6000     -700.7349
        86.8216                 11.5459             300.6           3417.0984     3929.9400     -512.8416
        86.8736                 11.5528             323.7           3313.1693     4147.7400     -834.5707
        86.9255                 11.5597             306.3           3375.0063     3983.9400     -608.9337
        86.9775                 11.5667             314.9           3214.5007     4065.1200     -850.6193
        87.0296                 11.5736             305.0           3182.0768     3971.5200     -789.4432
        87.0816                 11.5805             301.8           3291.5917     3941.6400     -650.0483
        87.1338                 11.5874             309.0           3093.8333     4009.3200     -915.4867
        87.1859                 11.5944             315.1           3528.3239     4066.5600     -538.2361
        87.2378                 11.6013             289.8           3140.0489     3828.4200     -688.3711
        87.2500                 11.6029             301.9           3222.7608     3942.0000     -719.2392
        87.3021                 11.6098             307.6           3048.6327     3996.5400     -947.9073
        87.3540                 11.6168             291.9           3119.7444     3848.2200     -728.4756
        87.4059                 11.6237             316.9           3476.3970     4084.0200     -607.6230
        87.4578                 11.6306             332.4           3767.8902     4230.7200     -462.8298
        87.5096                 11.6375             309.3           3503.6041     4012.3800     -508.7759
        87.5614                 11.6445             302.6           3287.9225     3949.0200     -661.0975
        87.6133                 11.6514             319.5           3429.4187     4108.3200     -678.9013
        87.6652                 11.6583             301.4           3288.3738     3938.0400     -649.6662
        87.7172                 11.6653             298.4           3046.2752     3909.4200     -863.1448
        87.7693                 11.6722             320.4           3329.9176     4116.9600     -787.0424
        87.8213                 11.6791             304.7           3309.5177     3968.6400     -659.1223
        87.8734                 11.6860             317.8           3492.5366     4092.3000     -599.7634
        87.9254                 11.6930             290.8           3236.8193     3837.9600     -601.1407
        87.9773                 11.6999             315.3           3502.8002     4068.5400     -565.7398
        88.0292                 11.7068             327.2           3424.3167     4181.0400     -756.7233
        88.0812                 11.7137             295.6           3386.2714     3883.3200     -497.0486
        88.1332                 11.7207             294.7           3270.9625     3874.8600     -603.8975
        88.1852                 11.7276             286.4           3029.2700     3796.2000     -766.9300
        88.2371                 11.7345             298.0           3382.7032     3906.0000     -523.2968
        88.2500                 11.7363             306.3           3493.2386     3984.3000     -491.0614
        88.3020                 11.7432             310.2           3238.1082     4021.2000     -783.0918
        88.3540                 11.7501             314.1           3388.7356     4057.2000     -668.4644
        88.4060                 11.7570             299.1           3260.9795     3915.9000     -654.9205
        88.4580                 11.7640             306.2           3320.1520     3982.6800     -662.5280
        88.5101                 11.7709             317.1           3365.7453     4085.4600     -719.7147
        88.5620                 11.7778             319.2           3425.0336     4105.2600     -680.2264
        88.6140                 11.7848             310.6           3273.9565     4024.8000     -750.8435
        88.6659                 11.7917             290.4           3310.5605     3834.1800     -523.6195
        88.7177                 11.7986             299.4           3256.3028     3919.1400     -662.8372
        88.7695                 11.8055             307.6           3437.9736     3996.5400     -558.5664
        88.8215                 11.8125             289.6           3166.7426     3826.2600     -659.5174
        88.8733                 11.8194             318.8           3360.2210     4101.6600     -741.4390
        88.9253                 11.8263             314.3           3431.7766     4059.9000     -628.1234
        88.9772                 11.8332             315.9           3374.0412     4074.3000     -700.2588
        89.0293                 11.8402             328.8           3482.7245     4196.1600     -713.4355
        89.0814                 11.8471             305.7           3386.2307     3978.1800     -591.9493
        89.1334                 11.8540             320.3           3380.4406     4116.2400     -735.7994
        89.1855                 11.8610             293.9           2775.2998     3866.9400    -1091.6402
        89.2374                 11.8679             323.7           3430.7911     4147.9200     -717.1289
        89.2500                 11.8696             327.1           3411.3986     4180.6800     -769.2814
        89.3021                 11.8765             319.0           3316.7374     4104.1800     -787.4426
        89.3541                 11.8834             304.6           3449.5409     3968.1000     -518.5591
        89.4060                 11.8903             297.8           3464.9333     3903.6600     -438.7267
        89.4578                 11.8973             297.0           3371.6921     3896.2800     -524.5879
        89.5097                 11.9042             316.4           3378.0611     4079.3400     -701.2789
        89.5616                 11.9111             308.6           3296.6333     4006.0800     -709.4467
        89.6135                 11.9181             331.1           3568.8015     4218.3000     -649.4985
        89.6656                 11.9250             305.3           3308.9402     3974.5800     -665.6398
        89.7175                 11.9319             299.4           3178.4227     3919.1400     -740.7173
        89.7694                 11.9388             327.1           3585.7986     4180.1400     -594.3414
        89.8213                 11.9458             305.2           3177.1660     3973.6800     -796.5140
        89.8735                 11.9527             318.2           3368.5026     4096.2600     -727.7574
        89.9255                 11.9596             311.4           3353.4127     4031.8200     -678.4073
        89.9773                 11.9665             305.2           3485.3110     3973.8600     -488.5490
        90.0294                 11.9735             293.7           3202.6660     3864.6000     -661.9340
        90.0814                 11.9804             303.6           3257.6113     3958.9200     -701.3087
        90.1334                 11.9873             301.0           3107.9672     3934.2600     -826.2928
        90.1853                 11.9943             290.3           3126.1607     3832.9200     -706.7593
        90.2372                 12.0012             311.3           3350.5510     4031.2800     -680.7290
        90.2500                 12.0029             312.3           3315.9871     4040.8200     -724.8329
        90.3020                 12.0098             312.9           3151.2102     4045.8600     -894.6498
        90.3539                 12.0167             320.3           3362.7522     4115.7000     -752.9478
        90.4060                 12.0237             326.5           3572.8537     4174.3800     -601.5263
        90.4581                 12.0306             316.0           3454.7515     4075.7400     -620.9885
        90.5100                 12.0375             297.5           3354.9885     3901.1400     -546.1515
        90.5619                 12.0445             319.4           3430.2615     4107.9600     -677.6985
        90.6140                 12.0514             329.6           3447.0821     4203.5400     -756.4579
        90.6659                 12.0583             301.6           3420.8576     3939.3000     -518.4424
        90.7180                 12.0652             300.9           3222.8267     3933.3600     -710.5333
        90.7699                 12.0722             316.0           3533.6755     4075.5600     -541.8845
        90.8219                 12.0791             333.1           3686.3494     4236.6600     -550.3106
        90.8738                 12.0860             319.0           3460.2336     4104.0000     -643.7664
        90.9258                 12.0930             319.1           3429.0733     4104.3600     -675.2867
        90.9778                 12.0999             322.2           3375.9140     4134.2400     -758.3260
        91.0298                 12.1068             295.5           3459.7909     3882.4200     -422.6291
        91.0817                 12.1137             303.4           3159.4371     3956.9400     -797.5029
        91.1336                 12.1207             294.0           3135.4449     3867.6600     -732.2151
        91.1856                 12.1276             302.3           3290.7528     3946.1400     -655.3872
        91.2374                 12.1345             317.7           3443.9640     4091.2200     -647.2560
        91.2500                 12.1362             319.2           3401.3255     4105.6200     -704.2945
        91.3018                 12.1431             333.4           3713.2857     4239.9000     -526.6143
        91.3538                 12.1501             314.4           3455.0698     4060.6200     -605.5502
        91.4058                 12.1570             303.4           3440.5089     3956.5800     -516.0711
        91.4576                 12.1639             321.0           3655.2534     4122.7200     -467.4666
        91.5095                 12.1708             330.3           3710.3018     4210.3800     -500.0782
        91.5614                 12.1778             312.7           3320.0798     4044.2400     -724.1602
        91.6135                 12.1847             310.9           3393.6157     4027.6800     -634.0643
        91.6654                 12.1916             308.4           3523.2228     4004.1000     -480.8772
        91.7174                 12.1986             313.0           3599.6775     4047.3000     -447.6225
        91.7692                 12.2055             310.5           3591.7365     4023.5400     -431.8035
        91.8211                 12.2124             310.9           3518.5923     4027.3200     -508.7277
        91.8730                 12.2193             319.0           3399.0163     4104.0000     -704.9837
        91.9250                 12.2263             323.3           3431.6037     4143.9600     -712.3563
        91.9769                 12.2332             291.5           3260.1951     3844.6200     -584.4249
        92.0289                 12.2401             305.5           3533.8853     3976.3800     -442.4947
        92.0808                 12.2470             290.8           3471.2685     3837.6000     -366.3315
        92.1327                 12.2540             310.0           3287.9550     4019.0400     -731.0850
        92.1847                 12.2609             301.6           3463.5846     3939.1200     -475.5354
        92.2365                 12.2678             313.5           3421.7568     4051.8000     -630.0432
        92.2500                 12.2696             312.2           3611.9361     4039.3800     -427.4439
        92.3019                 12.2766             299.5           3563.3847     3920.0400     -356.6553
        92.3538                 12.2835             307.2           3191.8893     3992.2200     -800.3307
        92.4059                 12.2904             303.9           3175.1867     3961.6200     -786.4333
        92.4579                 12.2973             311.9           3399.2123     4037.0400     -637.8277
        92.5098                 12.3043             316.5           3447.0276     4080.2400     -633.2124
        92.5616                 12.3112             311.4           3511.1956     4032.0000     -520.8044
        92.6134                 12.3181             305.8           3394.5928     3979.4400     -584.8472
        92.6654                 12.3251             295.2           3285.8645     3878.8200     -592.9555
        92.7174                 12.3320             326.0           3635.9524     4170.2400     -534.2876
        92.7694                 12.3389             333.9           3490.7589     4244.2200     -753.4611
        92.8213                 12.3458             303.9           3267.0237     3961.6200     -694.5963
        92.8733                 12.3528             296.5           3200.4524     3891.6000     -691.1476
        92.9252                 12.3597             318.8           3206.6299     4101.4800     -894.8501
        92.9772                 12.3666             295.2           3182.5635     3879.5400     -696.9765
        93.0293                 12.3736             328.0           3405.7792     4188.9600     -783.1808
        93.0812                 12.3805             298.1           3294.7893     3906.7200     -611.9307
        93.1332                 12.3874             306.8           3256.0930     3988.6200     -732.5270
        93.1851                 12.3943             302.9           3335.1194     3952.0800     -616.9606
        93.2371                 12.4013             306.3           3319.2139     3984.1200     -664.9061
        93.2500                 12.4030             301.1           3273.1144     3935.3400     -662.2256
        93.3020                 12.4099             291.9           3123.5487     3847.6800     -724.1313
        93.3538                 12.4168             315.5           3393.5666     4070.3400     -676.7734
        93.4058                 12.4238             308.6           3238.2883     4005.5400     -767.2517
        93.4576                 12.4307             308.3           3277.2320     4002.4800     -725.2480
        93.5096                 12.4376             315.3           3388.4061     4069.0800     -680.6739
        93.5615                 12.4445             289.6           3201.8379     3826.4400     -624.6021
        93.6134                 12.4515             311.6           3551.5001     4034.3400     -482.8399
        93.6652                 12.4584             297.6           3159.6465     3902.2200     -742.5735
        93.7173                 12.4653             319.7           3317.9610     4110.6600     -792.6990
        93.7692                 12.4723             297.2           3191.3253     3898.2600     -706.9347
        93.8210                 12.4792             297.9           3229.3392     3904.7400     -675.4008
        93.8730                 12.4861             290.3           3158.8597     3832.9200     -674.0603
        93.9248                 12.4930             309.2           3547.7875     4010.9400     -463.1525
        93.9767                 12.5000             299.6           3515.9838     3920.4000     -404.4162
        94.0285                 12.5069             295.5           3224.1097     3882.2400     -658.1303
        94.0805                 12.5138             299.4           3278.8632     3918.7800     -639.9168
        94.1324                 12.5208             296.3           3191.9740     3889.4400     -697.4660
        94.1844                 12.5277             300.2           3086.9752     3926.7000     -839.7248
        94.2362                 12.5346             317.0           3187.0180     4084.5600     -897.5420
        94.2500                 12.5364             306.7           3258.2993     3987.5400     -729.2407
        94.3018                 12.5434             318.7           3429.9082     4100.9400     -671.0318
        94.3538                 12.5503             301.9           3340.5675     3942.1800     -601.6125
        94.4057                 12.5572             304.8           3196.9300     3970.0800     -773.1500
        94.4576                 12.5642             302.9           3276.5378     3951.9000     -675.3622
        94.5095                 12.5711             298.0           3348.0381     3905.4600     -557.4219
        94.5613                 12.5780             303.2           3403.2337     3955.1400     -551.9063
        94.6133                 12.5849             318.0           3375.5385     4094.1000     -718.5615
        94.6650                 12.5919             299.5           3048.2009     3920.2200     -872.0191
        94.7170                 12.5988             301.9           3219.1101     3942.0000     -722.8899
        94.7690                 12.6057             303.4           3149.6391     3956.4000     -806.7609
        94.8208                 12.6126             281.8           2982.3311     3752.6400     -770.3089
        94.8728                 12.6196             309.2           3410.8866     4011.4800     -600.5934
        94.9248                 12.6265             307.9           3219.3391     3998.8800     -779.5409
        94.9768                 12.6334             294.6           3068.5303     3873.2400     -804.7097
        95.0288                 12.6404             304.0           3288.8196     3961.8000     -672.9804
        95.0807                 12.6473             329.6           3429.9779     4203.7200     -773.7421
        95.1329                 12.6542             305.2           3347.3483     3973.1400     -625.7917
        95.1848                 12.6611             303.6           3462.3069     3958.0200     -495.7131
        95.2367                 12.6681             309.3           3253.4820     4012.5600     -759.0780
        95.2500                 12.6698             295.3           2931.9326     3880.2600     -948.3274
        95.3023                 12.6768             310.6           3360.0059     4024.8000     -664.7941
        95.3541                 12.6837             301.6           3439.1085     3940.0200     -500.9115
        95.4063                 12.6906             314.7           3304.1062     4063.5000     -759.3938
        95.4583                 12.6975             301.3           3259.1350     3936.9600     -677.8250
        95.5103                 12.7045             309.3           3235.7099     4012.2000     -776.4901
        95.5623                 12.7114             320.6           3743.8688     4119.3000     -375.4312
        95.6143                 12.7183             310.1           3504.1700     4019.5800     -515.4100
        95.6662                 12.7253             307.9           3264.2485     3999.0600     -734.8115
        95.7181                 12.7322             295.3           3245.3026     3879.7200     -634.4174
        95.7700                 12.7391             273.5           2946.3438     3674.3400     -727.9962
        95.8219                 12.7460             301.7           3312.6596     3940.3800     -627.7204
        95.8738                 12.7530             318.0           3596.7069     4094.2800     -497.5731
        95.9257                 12.7599             300.9           3418.8438     3933.3600     -514.5162
        95.9776                 12.7668             302.4           3278.9093     3947.5800     -668.6707
        96.0295                 12.7737             306.1           3524.0878     3982.1400     -458.0522
        96.0815                 12.7807             303.0           3316.8274     3952.4400     -635.6126
        96.1334                 12.7876             293.7           3228.7097     3864.6000     -635.8903
        96.1854                 12.7945             313.3           3424.5423     4050.0000     -625.4577
        96.2374                 12.8015             304.3           3300.8598     3965.4000     -664.5402
        96.2500                 12.8031             315.6           3549.7639     4071.4200     -521.6561
        96.3018                 12.8101             308.4           3420.3061     4003.5600     -583.2539
        96.3536                 12.8170             326.5           3589.6907     4174.3800     -584.6893
        96.4056                 12.8239             314.8           3290.0735     4064.4000     -774.3265
        96.4577                 12.8308             306.5           3135.3094     3986.2800     -850.9706
        96.5097                 12.8378             313.9           3456.0599     4055.5800     -599.5201
        96.5615                 12.8447             306.3           3262.3111     3983.7600     -721.4489
        96.6136                 12.8516             288.2           3132.3430     3812.7600     -680.4170
        96.6657                 12.8586             307.4           3307.6922     3994.3800     -686.6878
        96.7177                 12.8655             299.9           3119.3757     3923.2800     -803.9043
        96.7697                 12.8724             316.8           3410.1711     4082.7600     -672.5889
        96.8216                 12.8793             304.1           3347.8601     3963.2400     -615.3799
        96.8736                 12.8863             290.6           3057.0379     3835.9800     -778.9421
        96.9255                 12.8932             296.0           3085.4977     3886.9200     -801.4223
        96.9774                 12.9001             292.5           3177.2411     3853.2600     -676.0189
        97.0292                 12.9071             315.0           3578.0472     4066.2000     -488.1528
        97.0810                 12.9140             312.5           3370.5761     4042.6200     -672.0439
        97.1329                 12.9209             290.3           3382.7402     3832.5600     -449.8198
        97.1849                 12.9278             319.3           3366.7577     4106.5200     -739.7623
        97.2369                 12.9348             298.0           3210.0201     3906.0000     -695.9799
        97.2500                 12.9365             311.4           3490.4423     4032.5400     -542.0977
        97.3019                 12.9434             312.8           3506.4549     4045.3200     -538.8651
        97.3538                 12.9504             293.4           3150.0101     3861.9000     -711.8899
        97.4057                 12.9573             317.4           3458.3001     4088.5200     -630.2199
        97.4577                 12.9642             300.1           3229.5388     3925.2600     -695.7212
        97.5098                 12.9711             315.5           3411.5987     4070.3400     -658.7413
        97.5619                 12.9781             307.2           3212.9030     3992.5800     -779.6770
        97.6138                 12.9850             311.4           3567.8676     4032.0000     -464.1324
        97.6658                 12.9919             328.7           3619.7531     4195.4400     -575.6869
        97.7178                 12.9989             294.6           3189.7485     3873.9600     -684.2115
        97.7698                 13.0058             314.7           3387.0850     4063.5000     -676.4150
        97.8217                 13.0127             328.4           3516.8165     4192.5600     -675.7435
        97.8735                 13.0196             315.7           3505.4844     4073.0400     -567.5556
        97.9255                 13.0266             311.3           3439.7837     4030.7400     -590.9563
        97.9775                 13.0335             296.3           3242.5764     3889.6200     -647.0436
        98.0294                 13.0404             291.9           3190.2806     3847.6800     -657.3994
        98.0814                 13.0474             313.9           3389.6531     4055.5800     -665.9269
        98.1334                 13.0543             298.5           3262.6603     3910.1400     -647.4797
        98.1854                 13.0612             315.5           3255.8501     4070.7000     -814.8499
        98.2373                 13.0681             317.7           3405.6398     4091.7600     -686.1202
        98.2500                 13.0698             305.5           3425.3259     3976.2000     -550.8741
        98.3021                 13.0768             327.0           3336.2087     4179.4200     -843.2113
        98.3540                 13.0837             298.8           3296.9467     3913.2000     -616.2533
        98.4058                 13.0906             310.0           3262.6233     4018.5000     -755.8767
        98.4579                 13.0975             300.6           3155.9709     3930.3000     -774.3291
        98.5100                 13.1045             294.8           3080.3665     3875.2200     -794.8535
        98.5619                 13.1114             310.9           3514.9531     4027.3200     -512.3669
        98.6138                 13.1183             310.8           3455.8032     4026.4200     -570.6168
        98.6658                 13.1252             309.9           3395.6752     4017.7800     -622.1048
        98.7177                 13.1322             320.1           3469.0575     4113.9000     -644.8425
        98.7697                 13.1391             315.5           3414.2620     4070.3400     -656.0780
        98.8217                 13.1460             296.5           3370.9922     3891.0600     -520.0678
        98.8735                 13.1530             300.7           3287.6548     3931.3800     -643.7252
        98.9254                 13.1599             303.2           3408.3822     3954.2400     -545.8578
        98.9772                 13.1668             309.0           3580.7204     4009.8600     -429.1396
        99.0292                 13.1737             307.3           3145.8551     3993.8400     -847.9849
        99.0810                 13.1807             297.9           3099.4854     3904.7400     -805.2546
        99.1331                 13.1876             316.4           3607.3709     4079.3400     -471.9691
        99.1849                 13.1945             304.6           3333.6351     3967.7400     -634.1049
        99.2369                 13.2015             299.1           3167.4776     3915.5400     -748.0624
        99.2500                 13.2032             296.4           3135.9249     3890.7000     -754.7751
        99.3020                 13.2101             306.4           3123.3692     3984.8400     -861.4708
        99.3539                 13.2171             297.0           3099.4260     3896.1000     -796.6740
        99.4058                 13.2240             295.8           3129.6413     3884.7600     -755.1187
        99.4577                 13.2309             292.4           3278.7761     3852.3600     -573.5839
        99.5097                 13.2378             314.5           3502.3961     4061.3400     -558.9439
        99.5616                 13.2448             310.3           3354.3701     4022.1000     -667.7299
        99.6135                 13.2517             309.3           3543.3748     4012.2000     -468.8252
        99.6653                 13.2586             314.9           3463.9279     4065.4800     -601.5521
        99.7172                 13.2656             303.9           3555.7601     3960.9000     -405.1399
        99.7691                 13.2725             304.3           3175.4134     3965.2200     -789.8066
        99.8211                 13.2794             314.9           3367.5792     4065.3000     -697.7208
        99.8730                 13.2863             299.1           3232.0515     3916.2600     -684.2085
        99.9250                 13.2933             295.2           3136.8808     3878.8200     -741.9392
        99.9770                 13.3002             292.1           3381.7929     3850.2000     -468.4071
       100.0288                 13.3071             313.2           3393.3973     4048.9200     -655.5227
       100.0807                 13.3140             308.0           3443.1412     4000.3200     -557.1788
       100.1326                 13.3210             315.5           3589.4539     4071.0600     -481.6061
       100.1846                 13.3279             324.5           3618.9749     4155.3000     -536.3251
       100.2365                 13.3348             314.4           3455.4980     4060.2600     -604.7620
       100.2500                 13.3366             285.1           3150.6272     3783.7800     -633.1528
       100.3019                 13.3436             306.5           3364.4164     3986.1000     -621.6836
       100.3539                 13.3505             322.3           3361.2241     4134.9600     -773.7359
       100.4059                 13.3574             284.6           3021.2241     3778.9200     -757.6959
       100.4579                 13.3643             307.1           3349.6812     3991.8600     -642.1788
       100.5097                 13.3713             315.5           3536.1040     4070.7000     -534.5960
       100.5617                 13.3782             290.0           3181.3760     3829.6800     -648.3040
       100.6136                 13.3851             320.7           3498.5465     4120.2000     -621.6535
       100.6658                 13.3921             311.3           3341.3355     4030.7400     -689.4045
       100.7178                 13.3990             304.4           3426.4631     3966.1200     -539.6569
       100.7697                 13.4059             302.7           3134.3176     3949.9200     -815.6024
       100.8218                 13.4128             322.4           3431.3639     4135.5000     -704.1361
       100.8737                 13.4198             293.2           3201.5023     3860.6400     -659.1377
       100.9258                 13.4267             320.4           3427.2744     4117.1400     -689.8656
       100.9776                 13.4336             288.3           3312.8688     3813.8400     -500.9712
       101.0295                 13.4405             304.4           3404.5469     3965.9400     -561.3931
       101.0813                 13.4475             307.2           3501.5158     3992.2200     -490.7042
       101.1333                 13.4544             321.6           3442.0112     4128.1200     -686.1088
       101.1852                 13.4613             318.4           3535.2792     4097.8800     -562.6008
       101.2370                 13.4683             314.7           3389.2746     4063.3200     -674.0454
       101.2500                 13.4700             308.5           3446.8325     4004.8200     -557.9875
       101.3019                 13.4769             319.4           3457.0873     4107.4200     -650.3327
       101.3538                 13.4839             313.0           3209.7667     4047.3000     -837.5333
       101.4058                 13.4908             303.2           3174.7434     3954.2400     -779.4966
       101.4577                 13.4977             295.1           3175.6481     3878.1000     -702.4519
       101.5097                 13.5046             293.0           3298.4918     3858.8400     -560.3482
       101.5616                 13.5116             316.0           3363.5067     4075.5600     -712.0533
       101.6137                 13.5185             298.9           3154.4929     3914.1000     -759.6071
       101.6656                 13.5254             313.4           3447.2435     4051.0800     -603.8365
       101.7177                 13.5324             310.0           3430.9788     4018.8600     -587.8812
       101.7696                 13.5393             320.2           3318.3048     4114.8000     -796.4952
       101.8215                 13.5462             280.2           2806.0851     3738.0600     -931.9749
       101.8735                 13.5531             315.4           3325.6874     4069.8000     -744.1126
       101.9253                 13.5601             322.9           3424.3712     4140.5400     -716.1688
       101.9775                 13.5670             318.9           3573.4169     4102.9200     -529.5031
       102.0294                 13.5739             303.2           3267.5694     3954.4200     -686.8506
       102.0814                 13.5808             305.8           3139.6169     3979.6200     -840.0031
       102.1334                 13.5878             311.1           3239.6508     4028.9400     -789.2892
       102.1855                 13.5947             320.0           3314.5665     4113.1800     -798.6135
       102.2375                 13.6016             317.3           3327.3053     4087.6200     -760.3147
       102.2500                 13.6033             328.2           3583.5458     4190.2200     -606.6742
       102.3021                 13.6102             306.8           3305.4241     3988.4400     -683.0159
       102.3541                 13.6171             311.0           3438.7337     4028.7600     -590.0263
       102.4060                 13.6241             292.9           3206.7154     3857.4000     -650.6846
       102.4579                 13.6310             319.9           3430.5757     4111.9200     -681.3443
       102.5099                 13.6379             308.5           3290.2594     4005.1800     -714.9206
       102.5618                 13.6449             306.5           3454.7208     3986.1000     -531.3792
       102.6138                 13.6518             321.1           3559.2716     4123.8000     -564.5284
       102.6657                 13.6587             301.7           3328.5603     3940.2000     -611.6397
       102.7176                 13.6656             290.9           3132.6814     3839.0400     -706.3586
       102.7695                 13.6726             299.8           3299.1100     3922.2000     -623.0900
       102.8214                 13.6795             306.8           3234.9559     3988.6200     -753.6641
       102.8732                 13.6864             308.1           3487.4850     4000.8600     -513.3750
       102.9251                 13.6934             299.9           3335.3632     3923.2800     -587.9168
       102.9770                 13.7003             300.6           3248.2771     3930.3000     -682.0229
       103.0290                 13.7072             306.0           3334.3600     3980.8800     -646.5200
       103.0810                 13.7141             314.3           3400.0541     4059.5400     -659.4859
       103.1330                 13.7211             326.7           3586.6076     4176.7200     -590.1124
       103.1851                 13.7280             305.6           3244.9127     3976.9200     -732.0073
       103.2370                 13.7349             300.2           3264.6967     3925.9800     -661.2833
       103.2500                 13.7366             301.3           3366.7908     3936.4200     -569.6292
       103.3019                 13.7436             315.6           3538.0773     4071.4200     -533.3427
       103.3538                 13.7505             306.7           3303.3822     3988.0800     -684.6978
       103.4058                 13.7574             317.8           3410.7379     4092.6600     -681.9221
       103.4576                 13.7644             314.2           3349.6595     4058.1000     -708.4405
       103.5096                 13.7713             327.0           3382.3526     4179.6000     -797.2474
       103.5616                 13.7782             291.0           3283.6001     3839.5800     -555.9799
       103.6136                 13.7851             301.6           3248.9664     3939.6600     -690.6936
       103.6655                 13.7921             289.6           3286.9795     3825.9000     -538.9205
       103.7174                 13.7990             310.5           3375.7244     4023.7200     -647.9956
       103.7694                 13.8059             315.2           3441.7097     4068.3600     -626.6503
       103.8213                 13.8129             310.2           3350.5344     4020.6600     -670.1256
       103.8733                 13.8198             295.4           3092.6089     3881.5200     -788.9111
       103.9252                 13.8267             312.0           3374.3203     4037.9400     -663.6197
       103.9772                 13.8336             291.0           3249.3221     3839.9400     -590.6179
       104.0291                 13.8406             301.0           3120.8384     3933.5400     -812.7016
       104.0811                 13.8475             298.3           3207.9963     3908.3400     -700.3437
       104.1331                 13.8544             308.9           3418.9071     4008.9600     -590.0529
       104.1851                 13.8613             317.7           3343.3480     4091.4000     -748.0520
       104.2372                 13.8683             326.0           3407.2623     4170.0600     -762.7977
       104.2500                 13.8700             302.1           3327.0290     3944.5200     -617.4910
       104.3019                 13.8769             318.5           3301.7690     4098.7800     -797.0110
       104.3537                 13.8838             290.1           3058.5081     3831.1200     -772.6119
       104.4058                 13.8908             320.4           3412.2768     4116.9600     -704.6832
       104.4578                 13.8977             331.6           3616.0717     4222.9800     -606.9083
       104.5097                 13.9046             318.2           3486.1944     4095.9000     -609.7056
       104.5616                 13.9116             303.8           3396.9591     3960.5400     -563.5809
       104.6135                 13.9185             288.2           3209.2524     3812.9400     -603.6876
       104.6654                 13.9254             293.7           3285.0481     3865.1400     -580.0919
       104.7172                 13.9323             317.9           3469.0177     4093.0200     -624.0023
       104.7693                 13.9393             310.6           3295.4855     4024.8000     -729.3145
       104.8213                 13.9462             304.7           3431.0906     3968.6400     -537.5494
       104.8731                 13.9531             312.9           3645.0550     4046.0400     -400.9850
       104.9250                 13.9600             280.3           3151.3389     3738.2400     -586.9011
       104.9770                 13.9670             304.3           3278.3609     3965.4000     -687.0391
       105.0289                 13.9739             314.3           3427.8588     4059.5400     -631.6812
       105.0808                 13.9808             292.1           3184.9682     3849.4800     -664.5118
       105.1326                 13.9878             302.8           3347.2807     3950.8200     -603.5393
       105.1847                 13.9947             305.5           3262.6415     3976.0200     -713.3785
       105.2366                 14.0016             319.6           3385.9413     4109.4000     -723.4587
       105.2500                 14.0034             299.1           3306.3172     3915.5400     -609.2228
       105.3021                 14.0103             311.6           3251.4181     4034.3400     -782.9219
       105.3541                 14.0173             321.7           3481.9790     4129.3800     -647.4010
       105.4059                 14.0242             315.2           3592.6101     4068.3600     -475.7499
       105.4579                 14.0311             303.4           3338.0446     3956.9400     -618.8954
       105.5097                 14.0380             299.1           3390.4328     3915.9000     -525.4672
       105.5615                 14.0450             320.0           3410.8567     4113.3600     -702.5033
       105.6135                 14.0519             323.8           3497.8308     4149.5400     -651.7092
       105.6655                 14.0588             299.2           3242.9433     3917.1600     -674.2167
       105.7176                 14.0657             295.2           3214.3629     3879.5400     -665.1771
       105.7695                 14.0727             298.9           3329.0633     3913.7400     -584.6767
       105.8214                 14.0796             298.2           3226.4442     3907.0800     -680.6358
       105.8734                 14.0865             304.1           3444.5300     3962.8800     -518.3500
       105.9251                 14.0935             300.9           3314.8144     3933.1800     -618.3656
       105.9771                 14.1004             303.4           3309.6133     3956.5800     -646.9667
       106.0291                 14.1073             310.2           3238.9394     4020.8400     -781.9006
       106.0810                 14.1142             327.2           3469.7837     4181.4000     -711.6163
       106.1330                 14.1212             312.6           3380.1393     4043.3400     -663.2007
       106.1850                 14.1281             318.8           3509.1478     4102.2000     -593.0522
       106.2369                 14.1350             308.3           3334.0651     4002.4800     -668.4149
       106.2500                 14.1368             303.8           3164.5166     3960.5400     -796.0234
       106.3019                 14.1437             300.8           2936.1989     3932.4600     -996.2611
       106.3539                 14.1506             319.4           3320.9264     4107.4200     -786.4936
       106.4057                 14.1576             299.1           3187.8877     3916.2600     -728.3723
       106.4576                 14.1645             304.4           3243.9234     3965.5800     -721.6566
       106.5095                 14.1714             318.4           3538.6794     4098.4200     -559.7406
       106.5614                 14.1783             306.5           3246.3090     3985.7400     -739.4310
       106.6134                 14.1853             309.3           3479.8051     4012.0200     -532.2149
       106.6652                 14.1922             304.6           3276.9913     3967.9200     -690.9287
       106.7172                 14.1991             299.9           3347.0008     3924.0000     -576.9992
       106.7690                 14.2060             299.8           3394.5984     3922.3800     -527.7816
       106.8210                 14.2130             309.8           3045.6219     4017.4200     -971.7981
       106.8731                 14.2199             313.1           3195.0089     4048.0200     -853.0111
       106.9251                 14.2268             318.2           3429.9142     4096.0800     -666.1658
       106.9771                 14.2338             310.5           3444.5302     4023.1800     -578.6498
       107.0290                 14.2407             303.2           3573.7873     3955.1400     -381.3527
       107.0808                 14.2476             289.3           2903.4073     3823.5600     -920.1527
       107.1329                 14.2545             325.7           3603.2545     4167.0000     -563.7455
       107.1849                 14.2615             309.3           3374.8771     4012.0200     -637.1429
       107.2369                 14.2684             291.5           3200.8560     3844.2600     -643.4040
       107.2500                 14.2701             307.5           3176.0815     3995.6400     -819.5585
       107.3021                 14.2771             329.4           3521.9107     4201.5600     -679.6493
       107.3539                 14.2840             306.1           3293.1193     3982.3200     -689.2007
       107.4061                 14.2909             312.0           3214.5684     4037.9400     -823.3716
       107.4580                 14.2978             307.9           3224.2053     3998.8800     -774.6747
       107.5100                 14.3048             309.0           3370.4468     4009.1400     -638.6932
       107.5621                 14.3117             313.2           3434.4376     4049.1000     -614.6624
       107.6141                 14.3186             294.4           3314.8630     3871.8000     -556.9370
       107.6661                 14.3256             305.6           3467.0795     3976.9200     -509.8405
       107.7179                 14.3325             307.8           3413.2204     3998.3400     -585.1196
       107.7699                 14.3394             295.7           3324.9468     3883.5000     -558.5532
       107.8217                 14.3463             316.8           3466.0099     4083.3000     -617.2901
       107.8736                 14.3533             317.3           3433.6998     4087.9800     -654.2802
       107.9257                 14.3602             321.3           3517.4423     4125.9600     -608.5177
       107.9775                 14.3671             305.9           3241.4953     3980.1600     -738.6647
       108.0294                 14.3740             324.3           3436.8883     4153.6800     -716.7917
       108.0814                 14.3810             315.3           3009.2353     4068.5400    -1059.3047
       108.1333                 14.3879             306.4           3365.9639     3985.2000     -619.2361
       108.1852                 14.3948             320.2           3521.0986     4114.9800     -593.8814
       108.2372                 14.4018             290.2           3171.0485     3832.2000     -661.1515
       108.2500                 14.4035             315.3           3355.9328     4068.7200     -712.7872
       108.3021                 14.4104             303.1           3309.7864     3953.5200     -643.7336
       108.3540                 14.4173             310.1           3388.2994     4019.4000     -631.1006
       108.4060                 14.4242             291.7           2949.4517     3846.0600     -896.6083
       108.4581                 14.4312             289.6           3263.9162     3826.4400     -562.5238
       108.5101                 14.4381             316.1           3319.6665     4076.2800     -756.6135
       108.5621                 14.4450             319.6           3441.1493     4109.2200     -668.0707
       108.6140                 14.4520             299.2           3229.7436     3916.8000     -687.0564
       108.6659                 14.4589             290.4           3049.0304     3833.6400     -784.6096
       108.7180                 14.4658             306.0           3274.2575     3981.2400     -706.9825
       108.7699                 14.4727             312.8           3215.0167     4045.3200     -830.3033
       108.8220                 14.4797             301.2           3228.1361     3936.0600     -707.9239
       108.8739                 14.4866             315.8           3329.1791     4073.2200     -744.0409
       108.9259                 14.4935             308.8           3432.8721     4007.8800     -575.0079
       108.9780                 14.5005             311.3           2952.8654     4030.7400    -1077.8746
       109.0301                 14.5074             307.3           3190.2334     3993.4800     -803.2466
       109.0822                 14.5143             306.4           3138.1795     3985.0200     -846.8405
       109.1342                 14.5212             322.1           3403.2492     4132.8000     -729.5508
       109.1863                 14.5282             305.4           3288.2844     3975.4800     -687.1956
       109.2383                 14.5351             314.0           3137.9427     4057.0200     -919.0773
       109.2500                 14.5367             297.9           3077.6036     3904.3800     -826.7764
       109.3019                 14.5436             304.8           3202.9919     3969.5400     -766.5481
       109.3539                 14.5505             310.2           3402.8750     4021.2000     -618.3250
       109.4058                 14.5574             305.5           3259.2251     3976.0200     -716.7949
       109.4578                 14.5644             296.2           3167.9958     3888.7200     -720.7242
       109.5098                 14.5713             296.6           3296.1965     3892.6800     -596.4835
       109.5618                 14.5782             310.2           3450.9946     4020.3000     -569.3054
       109.6136                 14.5851             289.3           3317.8993     3823.2000     -505.3007
       109.6654                 14.5921             311.4           3544.0052     4032.5400     -488.5348
       109.7174                 14.5990             308.9           3400.7221     4008.7800     -608.0579
       109.7694                 14.6059             307.8           3410.0775     3998.5200     -588.4425
       109.8215                 14.6129             317.7           3462.6401     4091.5800     -628.9399
       109.8735                 14.6198             293.6           2955.2725     3864.0600     -908.7875
       109.9255                 14.6267             305.9           3416.9024     3980.1600     -563.2576
       109.9774                 14.6336             328.0           3608.4330     4188.4200     -579.9870
       110.0293                 14.6406             313.1           3422.6529     4047.8400     -625.1871
       110.0813                 14.6475             301.8           3137.4592     3941.1000     -803.6408
       110.1333                 14.6544             300.4           3271.4269     3928.3200     -656.8931
       110.1853                 14.6614             300.8           3053.5814     3931.9200     -878.3386
       110.2373                 14.6683             300.6           3344.7341     3930.1200     -585.3859
       110.2500                 14.6700             322.2           3495.9708     4133.8800     -637.9092
       110.3020                 14.6769             303.7           2932.5018     3959.1000    -1026.5982
       110.3541                 14.6838             312.3           3263.2360     4040.4600     -777.2240
       110.4061                 14.6908             313.0           3441.2137     4047.3000     -606.0863
       110.4581                 14.6977             294.0           3223.9469     3867.8400     -643.8931
       110.5102                 14.7046             316.8           3396.9897     4082.7600     -685.7703
       110.5622                 14.7115             315.6           3582.3612     4072.1400     -489.7788
       110.6142                 14.7185             298.7           3202.7228     3911.9400     -709.2172
       110.6660                 14.7254             302.0           3268.2354     3942.9000     -674.6646
       110.7178                 14.7323             297.8           3044.9086     3904.0200     -859.1114
       110.7698                 14.7392             300.3           3048.4847     3927.0600     -878.5753
       110.8218                 14.7462             314.8           3329.9745     4064.4000     -734.4255
       110.8738                 14.7531             312.6           3305.8016     4042.9800     -737.1784
       110.9258                 14.7600             302.8           3391.6645     3950.4600     -558.7955
       110.9777                 14.7670             305.2           3417.9238     3973.5000     -555.5762
       111.0297                 14.7739             291.8           3069.6743     3847.1400     -777.4657
       111.0816                 14.7808             316.9           3328.6239     4083.6600     -755.0361
       111.1334                 14.7877             300.0           3049.4919     3924.9000     -875.4081
       111.1855                 14.7947             291.3           3022.6493     3842.2800     -819.6307
       111.2375                 14.8016             304.7           2912.1540     3969.0000    -1056.8460
       111.2500                 14.8033             285.0           3011.8686     3782.8800     -771.0114
       111.3020                 14.8102             302.0           3112.5388     3943.2600     -830.7212
       111.3539                 14.8171             319.4           3230.2671     4107.2400     -876.9729
       111.4058                 14.8240             298.1           3000.1167     3906.1800     -906.0633
       111.4577                 14.8310             292.1           3000.3074     3850.0200     -849.7126
       111.5094                 14.8379             280.8           2762.8644     3743.2800     -980.4156
       111.5615                 14.8448             323.1           3180.4843     4142.3400     -961.8557
       111.6133                 14.8518             294.2           2793.0606     3869.6400    -1076.5794
       111.6652                 14.8587             316.3           3140.1665     4078.8000     -938.6335
       111.7170                 14.8656             308.1           3070.6860     4000.6800     -929.9940
       111.7689                 14.8725             315.5           3182.5637     4071.0600     -888.4963
       111.8209                 14.8795             312.3           3118.6187     4040.2800     -921.6613
       111.8727                 14.8864             307.3           3136.7116     3993.3000     -856.5884
       111.9246                 14.8933             308.6           3212.4666     4005.7200     -793.2534
       111.9766                 14.9002             302.7           3075.0708     3950.2800     -875.2092
       112.0284                 14.9072             298.9           3005.2171     3913.7400     -908.5229
       112.0804                 14.9141             312.1           3026.4935     4038.4800    -1011.9865
       112.1323                 14.9210             302.9           3082.1254     3952.2600     -870.1346
       112.1841                 14.9280             310.2           2938.4949     4020.3000    -1081.8051
       112.2360                 14.9349             301.5           3011.2629     3938.9400     -927.6771
       112.2500                 14.9367             317.6           3215.4526     4090.3200     -874.8674
       112.3018                 14.9437             313.5           3127.4567     4051.9800     -924.5233
       112.3537                 14.9506             294.5           2765.2327     3872.8800    -1107.6473
       112.4056                 14.9575             302.1           3038.5547     3944.3400     -905.7853
       112.4576                 14.9645             309.1           2920.8982     4010.5800    -1089.6818
       112.5097                 14.9714             296.9           2843.8904     3895.5600    -1051.6696
       112.5615                 14.9783             299.1           2787.0893     3915.9000    -1128.8107
       112.6134                 14.9852             289.7           2900.8678     3826.9800     -926.1122
       112.6654                 14.9922             308.4           3184.7832     4003.3800     -818.5968
       112.7174                 14.9991             314.7           3213.7143     4063.3200     -849.6057
       112.7693                 15.0060             310.1           3079.9027     4019.4000     -939.4973
       112.8212                 15.0130             297.9           2841.8579     3904.9200    -1063.0621
       112.8731                 15.0199             294.7           2717.5636     3874.5000    -1156.9364
       112.9251                 15.0268             319.6           3052.8307     4109.5800    -1056.7493
       112.9771                 15.0337             311.0           2930.9495     4028.5800    -1097.6305
       113.0291                 15.0407             305.0           3067.5532     3971.8800     -904.3268
       113.0809                 15.0476             308.7           3141.3575     4006.6200     -865.2625
       113.1328                 15.0545             303.1           2969.4305     3953.8800     -984.4495
       113.1848                 15.0614             319.1           3140.7845     4104.7200     -963.9355
       113.2368                 15.0684             291.6           2722.8931     3845.3400    -1122.4469
       113.2500                 15.0701             287.9           3037.5409     3810.2400     -772.6991
       113.3020                 15.0771             305.5           3052.1288     3976.3800     -924.2512
       113.3539                 15.0840             291.4           2967.3712     3843.1800     -875.8088
       113.4059                 15.0909             328.7           3237.3195     4195.8000     -958.4805
       113.4579                 15.0979             307.1           3132.2234     3991.1400     -858.9166
       113.5099                 15.1048             287.3           3085.7951     3804.3000     -718.5049
       113.5619                 15.1117             314.2           3162.1762     4058.1000     -895.9238
       113.6137                 15.1186             289.8           2845.7516     3828.0600     -982.3084
       113.6654                 15.1256             306.2           2970.1481     3982.6800    -1012.5319
       113.7173                 15.1325             313.0           3124.5328     4047.6600     -923.1272
       113.7693                 15.1394             318.5           3100.4398     4099.1400     -998.7002
       113.8212                 15.1464             304.8           3092.8193     3969.3600     -876.5407
       113.8731                 15.1533             323.7           3362.6294     4148.2800     -785.6506
       113.9250                 15.1602             324.4           3480.4480     4154.4000     -673.9520
       113.9769                 15.1671             312.2           3206.1515     4039.9200     -833.7685
       114.0288                 15.1741             306.9           3202.2238     3989.8800     -787.6562
       114.0805                 15.1810             296.4           3217.1231     3890.8800     -673.7569
       114.1324                 15.1879             317.8           3200.0225     4092.1200     -892.0975
       114.1844                 15.1948             296.3           3162.4855     3889.8000     -727.3145
       114.2364                 15.2018             305.8           2947.7416     3979.4400    -1031.6984
       114.2500                 15.2036             312.7           3031.5257     4044.4200    -1012.8943
       114.3019                 15.2105             304.5           3085.3639     3967.3800     -882.0161
       114.3537                 15.2174             287.7           2640.0750     3808.8000    -1168.7250
       114.4056                 15.2244             305.9           3227.5052     3979.9800     -752.4748
       114.4575                 15.2313             310.8           2929.4714     4026.4200    -1096.9486
       114.5093                 15.2382             288.4           2950.6434     3814.5600     -863.9166
       114.5611                 15.2452             304.5           3006.6370     3966.8400     -960.2030
       114.6130                 15.2521             306.0           2983.5458     3980.7000     -997.1542
       114.6650                 15.2590             299.2           2893.9043     3917.3400    -1023.4357
       114.7169                 15.2659             304.3           3250.0839     3964.8600     -714.7761
       114.7689                 15.2729             311.2           3225.5146     4029.8400     -804.3254
       114.8209                 15.2798             305.2           3050.8116     3973.8600     -923.0484
       114.8729                 15.2867             308.1           3058.5662     4000.8600     -942.2938
       114.9249                 15.2937             307.3           3086.9067     3993.1200     -906.2133
       114.9769                 15.3006             311.3           3083.4084     4030.9200     -947.5116
       115.0288                 15.3075             317.6           3253.0929     4091.0400     -837.9471
       115.0809                 15.3144             308.9           3227.4853     4008.7800     -781.2947
       115.1329                 15.3214             310.2           3208.7311     4020.8400     -812.1089
       115.1848                 15.3283             301.1           2821.4915     3934.8000    -1113.3085
       115.2367                 15.3352             288.1           2939.9590     3812.4000     -872.4410
       115.2500                 15.3370             308.6           3088.3933     4005.5400     -917.1467
       115.3020                 15.3439             311.1           3047.6178     4029.4800     -981.8622
       115.3538                 15.3508             305.4           3050.7836     3975.8400     -925.0564
       115.4058                 15.3578             315.4           3142.0351     4069.6200     -927.5849
       115.4578                 15.3647             296.1           2996.9882     3887.4600     -890.4718
       115.5095                 15.3716             291.4           3071.9242     3843.5400     -771.6158
       115.5616                 15.3786             311.6           3231.7162     4034.3400     -802.6238
       115.6135                 15.3855             299.1           3143.6309     3916.0800     -772.4491
       115.6655                 15.3924             299.1           2927.8427     3916.0800     -988.2373
       115.7174                 15.3993             307.9           3119.1594     3999.4200     -880.2606
       115.7694                 15.4063             298.2           2931.5996     3907.8000     -976.2004
       115.8213                 15.4132             303.2           2932.6152     3955.1400    -1022.5248
       115.8733                 15.4201             309.6           3085.4758     4015.0800     -929.6042
       115.9252                 15.4270             303.3           3044.9072     3955.5000     -910.5928
       115.9771                 15.4340             306.2           3131.6918     3983.0400     -851.3482
       116.0289                 15.4409             291.0           3005.6630     3839.2200     -833.5570
       116.0808                 15.4478             312.3           3141.2581     4040.2800     -899.0219
       116.1329                 15.4548             302.3           2855.1037     3946.3200    -1091.2163
       116.1848                 15.4617             297.5           3119.6429     3901.1400     -781.4971
       116.2367                 15.4686             323.1           3292.4207     4142.5200     -850.0993
       116.2500                 15.4704             319.9           3254.0400     4112.4600     -858.4200
       116.3018                 15.4773             291.1           3032.9508     3840.6600     -807.7092
       116.3538                 15.4842             301.6           3121.2781     3939.6600     -818.3819
       116.4058                 15.4912             303.8           3172.3300     3960.7200     -788.3900
       116.4577                 15.4981             296.9           2904.4936     3895.0200     -990.5264
       116.5096                 15.5050             328.2           3264.7231     4191.1200     -926.3969
       116.5616                 15.5120             313.8           3122.2107     4055.0400     -932.8293
       116.6134                 15.5189             327.4           3384.9116     4183.2000     -798.2884
       116.6652                 15.5258             311.7           3260.4689     4034.5200     -774.0511
       116.7172                 15.5327             306.6           3069.8509     3987.1800     -917.3291
       116.7692                 15.5397             312.8           3070.7495     4045.1400     -974.3905
       116.8212                 15.5466             304.6           3086.3156     3968.1000     -881.7844
       116.8732                 15.5535             297.1           2988.3644     3896.8200     -908.4556
       116.9252                 15.5604             320.0           2932.8671     4113.3600    -1180.4929
       116.9772                 15.5674             299.2           3031.8981     3916.8000     -884.9019
       117.0293                 15.5743             316.6           3091.9687     4081.5000     -989.5313
       117.0813                 15.5812             319.9           3405.1112     4111.9200     -706.8088
       117.1332                 15.5882             311.1           2952.3126     4029.3000    -1076.9874
       117.1852                 15.5951             293.9           2947.7015     3867.1200     -919.4185
       117.2372                 15.6020             310.3           3140.2137     4021.7400     -881.5263
       117.2500                 15.6037             307.8           3233.4670     3997.9800     -764.5130
       117.3020                 15.6107             301.0           3092.8133     3933.5400     -840.7267
       117.3540                 15.6176             306.8           2920.3119     3988.2600    -1067.9481
       117.4060                 15.6245             317.0           2976.2220     4085.2800    -1109.0580
       117.4580                 15.6314             316.8           3155.0737     4082.7600     -927.6863
       117.5101                 15.6384             319.5           3179.0763     4108.6800     -929.6037
       117.5620                 15.6453             305.4           3131.9488     3975.1200     -843.1712
       117.6138                 15.6522             302.7           3023.3992     3949.5600     -926.1608
       117.6656                 15.6591             308.2           3246.9745     4001.5800     -754.6055
       117.7176                 15.6661             311.0           3124.3276     4027.8600     -903.5324
       117.7696                 15.6730             304.9           3219.7050     3970.4400     -750.7350
       117.8215                 15.6799             317.6           3103.4507     4091.0400     -987.5893
       117.8734                 15.6869             309.7           3137.6142     4015.6200     -878.0058
       117.9252                 15.6938             317.2           3085.3795     4086.5400    -1001.1605
       117.9773                 15.7007             312.2           3012.9404     4039.7400    -1026.7996
       118.0294                 15.7076             320.4           3139.8791     4116.9600     -977.0809
       118.0813                 15.7146             296.9           2833.4077     3895.2000    -1061.7923
       118.1332                 15.7215             300.5           3209.6931     3929.5800     -719.8869
       118.1851                 15.7284             313.5           3106.8059     4052.1600     -945.3541
       118.2371                 15.7354             305.8           2880.4800     3979.0800    -1098.6000
       118.2500                 15.7371             301.8           2795.8889     3941.8200    -1145.9311
       118.3020                 15.7440             287.1           3048.3706     3802.3200     -753.9494
       118.3538                 15.7509             320.1           3139.3706     4114.2600     -974.8894
       118.4059                 15.7579             317.9           3146.6209     4093.0200     -946.3991
       118.4578                 15.7648             311.9           3098.3414     4037.2200     -938.8786
       118.5098                 15.7717             325.8           3096.7075     4168.2600    -1071.5525
       118.5618                 15.7786             314.1           3234.4777     4057.2000     -822.7223
       118.6137                 15.7856             322.7           3268.5573     4139.1000     -870.5427
       118.6656                 15.7925             309.1           2991.2473     4010.0400    -1018.7927
       118.7176                 15.7994             313.7           3285.2666     4053.7800     -768.5134
       118.7696                 15.8063             327.8           3500.0870     4186.9800     -686.8930
       118.8214                 15.8133             318.2           3363.5566     4096.0800     -732.5234
       118.8732                 15.8202             307.1           3227.7435     3991.3200     -763.5765
       118.9250                 15.8271             315.1           3226.5803     4067.1000     -840.5197
       118.9769                 15.8341             322.5           3037.8261     4137.3000    -1099.4739
       119.0288                 15.8410             303.4           3193.8877     3956.7600     -762.8723
       119.0806                 15.8479             317.5           3341.3990     4089.7800     -748.3810
       119.1324                 15.8548             299.4           2951.7502     3918.6000     -966.8498
       119.1843                 15.8618             314.7           3206.7758     4063.3200     -856.5442
       119.2360                 15.8687             309.9           3005.6974     4018.1400    -1012.4426
       119.2500                 15.8706             294.7           2871.1872     3874.6800    -1003.4928
       119.3018                 15.8775             298.8           2791.1233     3912.8400    -1121.7167
       119.3535                 15.8844             297.5           2749.9817     3901.1400    -1151.1583
       119.4054                 15.8913             326.1           2956.5566     4170.4200    -1213.8634
       119.4572                 15.8983             303.6           3126.1148     3958.0200     -831.9052
       119.5091                 15.9052             302.4           2797.3795     3946.8600    -1149.4805
       119.5609                 15.9121             297.4           2881.7758     3900.4200    -1018.6442
       119.6128                 15.9191             311.1           2839.0666     4029.6600    -1190.5934
       119.6647                 15.9260             291.9           2569.0012     3847.6800    -1278.6788
       119.7165                 15.9329             302.7           2862.7798     3949.5600    -1086.7802
       119.7683                 15.9398             291.2           2797.3126     3841.2000    -1043.8874
       119.8201                 15.9468             311.1           3032.0218     4029.6600     -997.6382
       119.8720                 15.9537             311.2           3002.4763     4030.3800    -1027.9037
       119.9238                 15.9606             302.7           3007.8672     3950.1000     -942.2328
       119.9756                 15.9676             290.8           2924.9691     3837.2400     -912.2709
       120.0275                 15.9745             313.4           2899.2750     4051.2600    -1151.9850
       120.0793                 15.9814             296.4           2759.0999     3890.8800    -1131.7801
       120.1311                 15.9883             312.2           2769.4327     4039.9200    -1270.4873
       120.1829                 15.9953             303.1           2899.6650     3953.3400    -1053.6750
       120.2347                 16.0022             307.4           2993.5939     3994.7400    -1001.1461
       120.2500                 16.0042             307.9           2968.4008     3999.2400    -1030.8392
       120.3018                 16.0112             319.7           2751.5010     4110.3000    -1358.7990
       120.3536                 16.0181             316.2           3053.2734     4077.5400    -1024.2666
       120.4055                 16.0250             310.7           3226.5078     4025.3400     -798.8322
       120.4573                 16.0319             319.2           2861.5881     4105.4400    -1243.8519
       120.5091                 16.0389             322.9           3071.2031     4140.1800    -1068.9769
       120.5610                 16.0458             296.2           2957.5741     3888.3600     -930.7859
       120.6129                 16.0527             318.7           3009.5013     4100.7600    -1091.2587
       120.6647                 16.0597             324.4           2983.9254     4155.1200    -1171.1946
       120.7166                 16.0666             308.1           2914.1231     4001.4000    -1087.2769
       120.7686                 16.0735             309.9           2943.7928     4017.9600    -1074.1672
       120.8203                 16.0804             306.8           3010.8661     3988.4400     -977.5739
       120.8721                 16.0874             300.4           2806.8847     3928.6800    -1121.7953
       120.9240                 16.0943             319.7           2950.5040     4110.3000    -1159.7960
       120.9757                 16.1012             294.8           2824.1296     3875.5800    -1051.4504
       121.0276                 16.1081             315.0           2999.6465     4066.2000    -1066.5535
       121.0794                 16.1151             316.7           3115.2843     4082.5800     -967.2957
       121.1312                 16.1220             302.4           2853.6335     3947.2200    -1093.5865
       121.1831                 16.1289             312.1           2795.7523     4039.0200    -1243.2677
       121.2351                 16.1359             302.4           2611.3812     3947.0400    -1335.6588
       121.2500                 16.1379             314.4           2952.5188     4060.0800    -1107.5612
       121.3018                 16.1448             300.7           2663.8980     3931.5600    -1267.6620
       121.3538                 16.1517             295.2           2659.7988     3879.3600    -1219.5612
       121.4058                 16.1586             294.0           2815.7044     3867.8400    -1052.1356
       121.4577                 16.1656             305.3           2792.3731     3974.7600    -1182.3869
       121.5096                 16.1725             308.4           2867.8671     4003.3800    -1135.5129
       121.5616                 16.1794             317.1           3011.1165     4086.3600    -1075.2435
       121.6134                 16.1863             298.2           2788.5578     3907.2600    -1118.7022
       121.6652                 16.1933             304.6           2934.4861     3967.5600    -1033.0739
       121.7170                 16.2002             309.0           2949.2816     4009.6800    -1060.3984
       121.7689                 16.2071             313.1           3005.2824     4048.5600    -1043.2776
       121.8208                 16.2141             311.4           2950.1799     4032.3600    -1082.1801
       121.8728                 16.2210             309.5           2836.2774     4014.1800    -1177.9026
       121.9246                 16.2279             318.0           3085.8646     4093.9200    -1008.0554
       121.9765                 16.2348             305.2           2781.7442     3973.1400    -1191.3958
       122.0284                 16.2418             326.5           3068.7670     4174.7400    -1105.9730
       122.0801                 16.2487             314.5           2908.3387     4060.9800    -1152.6413
       122.1321                 16.2556             300.8           2761.9190     3931.7400    -1169.8210
       122.1839                 16.2626             319.4           3132.9025     4107.2400     -974.3375
       122.2355                 16.2695             308.4           2854.1056     4003.5600    -1149.4544
       122.2500                 16.2714             322.0           3078.4437     4132.0800    -1053.6363
       122.3019                 16.2783             296.4           2797.9303     3890.5200    -1092.5897
       122.3537                 16.2853             301.4           3059.1849     3937.5000     -878.3151
       122.4057                 16.2922             295.6           2810.8653     3883.3200    -1072.4547
       122.4575                 16.2991             314.0           3150.4481     4056.8400     -906.3919
       122.5092                 16.3060             319.2           2958.6578     4105.4400    -1146.7822
       122.5610                 16.3130             320.7           2898.4841     4119.8400    -1221.3559
       122.6130                 16.3199             300.7           2861.0975     3931.0200    -1069.9225
       122.6648                 16.3268             288.7           2645.5840     3818.1600    -1172.5760
       122.7166                 16.3338             307.3           2884.3411     3993.6600    -1109.3189
       122.7685                 16.3407             321.0           3112.3127     4122.7200    -1010.4073
       122.8203                 16.3476             313.0           2998.9166     4046.9400    -1048.0234
       122.8721                 16.3545             301.7           2830.8328     3940.2000    -1109.3672
       122.9239                 16.3615             296.0           2666.0305     3886.3800    -1220.3495
       122.9758                 16.3684             305.5           2871.4426     3976.2000    -1104.7574
       123.0276                 16.3753             307.4           2918.6581     3994.2000    -1075.5419
       123.0792                 16.3822             297.0           2736.8472     3896.4600    -1159.6128
       123.1310                 16.3892             297.4           2754.6701     3899.8800    -1145.2099
       123.1828                 16.3961             310.2           2928.0930     4020.3000    -1092.2070
       123.2346                 16.4030             311.3           2976.5807     4031.2800    -1054.6993
       123.2500                 16.4051             306.8           2794.3674     3988.8000    -1194.4326
       123.3018                 16.4120             295.9           2623.6422     3885.8400    -1262.1978
       123.3537                 16.4190             292.3           2667.8434     3851.4600    -1183.6166
       123.4056                 16.4259             308.7           2709.6088     4006.8000    -1297.1912
       123.4574                 16.4328             303.4           2711.8174     3956.9400    -1245.1226
       123.5094                 16.4397             283.5           2717.3974     3768.6600    -1051.2626
       123.5612                 16.4467             315.2           3083.8646     4068.3600     -984.4954
       123.6132                 16.4536             307.4           3025.1972     3994.7400     -969.5428
       123.6649                 16.4605             298.4           2962.6364     3909.0600     -946.4236
       123.7168                 16.4674             311.9           3055.4219     4036.8600     -981.4381
       123.7686                 16.4744             309.0           3000.2520     4009.3200    -1009.0680
       123.8206                 16.4813             294.7           2962.1372     3874.1400     -912.0028
       123.8725                 16.4882             306.7           3071.6887     3987.9000     -916.2113
       123.9244                 16.4952             282.3           2534.9250     3757.3200    -1222.3950
       123.9762                 16.5021             303.9           2929.2557     3961.4400    -1032.1843
       124.0281                 16.5090             291.9           2814.7121     3848.4000    -1033.6879
       124.0800                 16.5159             308.8           3044.1026     4007.7000     -963.5974
       124.1317                 16.5229             299.6           2886.0673     3920.4000    -1034.3327
       124.1835                 16.5298             292.9           2930.6568     3857.9400     -927.2832
       124.2353                 16.5367             315.6           3145.1263     4071.9600     -926.8337
       124.2500                 16.5387             306.3           3164.9265     3983.5800     -818.6535
       124.3018                 16.5456             297.4           2903.3406     3900.0600     -996.7194
       124.3538                 16.5525             318.8           3192.3065     4102.0200     -909.7135
       124.4056                 16.5595             297.1           2851.0881     3897.1800    -1046.0919
       124.4574                 16.5664             296.5           2856.0825     3891.2400    -1035.1575
       124.5093                 16.5733             306.0           2989.8552     3981.4200     -991.5648
       124.5613                 16.5803             300.1           2967.1711     3925.8000     -958.6289
       124.6130                 16.5872             304.8           3172.8445     3969.3600     -796.5155
       124.6649                 16.5941             287.0           3003.7654     3801.9600     -798.1946
       124.7167                 16.6010             288.3           2759.3162     3813.8400    -1054.5238
       124.7686                 16.6080             302.7           3021.3725     3949.7400     -928.3675
       124.8204                 16.6149             305.6           2789.1304     3976.9200    -1187.7896
       124.8722                 16.6218             326.6           3101.1321     4175.8200    -1074.6879
       124.9240                 16.6287             318.5           3341.3782     4099.5000     -758.1218
       124.9759                 16.6357             318.3           3363.7588     4096.8000     -733.0412
       125.0277                 16.6426             277.5           2666.0493     3712.1400    -1046.0907
       125.0797                 16.6495             313.9           3002.3723     4056.1200    -1053.7477
       125.1314                 16.6565             308.3           3022.4838     4002.4800     -979.9962
       125.1832                 16.6634             308.8           3187.1709     4007.7000     -820.5291
       125.2349                 16.6703             314.9           3156.3647     4064.7600     -908.3953
       125.2500                 16.6723             309.1           3015.8034     4010.7600     -994.9566
       125.3018                 16.6793             315.6           2959.5673     4072.1400    -1112.5727
       125.3537                 16.6862             302.4           2922.7866     3946.8600    -1024.0734
       125.4055                 16.6931             311.8           2902.1334     4036.3200    -1134.1866
       125.4573                 16.7000             306.0           2879.3516     3981.0600    -1101.7084
       125.5092                 16.7070             309.6           3050.5751     4015.0800     -964.5049
       125.5609                 16.7139             315.1           3119.1133     4067.1000     -947.9867
       125.6128                 16.7208             302.1           2745.6604     3944.1600    -1198.4996
       125.6647                 16.7278             299.6           2882.7709     3920.4000    -1037.6291
       125.7164                 16.7347             325.9           3309.3397     4168.8000     -859.4603
       125.7683                 16.7416             313.6           3181.0064     4053.0600     -872.0536
       125.8202                 16.7485             296.2           2974.6845     3888.5400     -913.8555
       125.8721                 16.7555             301.9           3055.7096     3942.3600     -886.6504
       125.9240                 16.7624             321.4           3310.9404     4126.3200     -815.3796
       125.9758                 16.7693             325.0           3294.2821     4160.7000     -866.4179
       126.0277                 16.7762             309.3           2995.1274     4012.2000    -1017.0726
       126.0795                 16.7832             314.9           3179.6585     4064.7600     -885.1015
       126.1313                 16.7901             309.9           3076.6850     4018.1400     -941.4550
       126.1829                 16.7970             303.9           3018.9279     3961.6200     -942.6921
       126.2347                 16.8040             324.5           3088.6410     4155.8400    -1067.1990
       126.2500                 16.8060             312.6           2965.6673     4043.3400    -1077.6727
       126.3019                 16.8129             318.8           2975.8304     4102.2000    -1126.3696
       126.3540                 16.8199             295.6           2619.8832     3882.7800    -1262.8968
       126.4060                 16.8268             320.6           2913.4218     4118.7600    -1205.3382
       126.4579                 16.8337             298.4           2742.8123     3909.0600    -1166.2477
       126.5097                 16.8406             300.2           2574.1438     3926.7000    -1352.5562
       126.5618                 16.8476             301.2           2713.5648     3935.8800    -1222.3152
       126.6136                 16.8545             301.7           2817.0931     3940.3800    -1123.2869
       126.6654                 16.8614             314.5           3147.1732     4061.3400     -914.1668
       126.7171                 16.8684             295.5           2776.7034     3882.2400    -1105.5366
       126.7690                 16.8753             298.4           2889.9460     3909.2400    -1019.2940
       126.8208                 16.8822             310.3           2937.1924     4021.9200    -1084.7276
       126.8727                 16.8891             323.8           3125.8182     4148.8200    -1023.0018
       126.9244                 16.8961             308.2           3102.4228     4001.5800     -899.1572
       126.9762                 16.9030             315.1           2762.7720     4067.1000    -1304.3280
       127.0280                 16.9099             307.8           2893.9504     3998.3400    -1104.3896
       127.0798                 16.9168             317.3           3083.6164     4087.4400    -1003.8236
       127.1316                 16.9238             292.9           2747.5501     3857.9400    -1110.3899
       127.1834                 16.9307             303.5           2572.8855     3957.8400    -1384.9545
       127.2353                 16.9376             312.6           2649.2954     4043.8800    -1394.5846
       127.2500                 16.9396             317.9           2863.3305     4093.5600    -1230.2295
       127.3018                 16.9465             297.3           2616.4249     3898.6200    -1282.1951
       127.3536                 16.9534             309.0           2773.6651     4009.6800    -1236.0149
       127.4052                 16.9604             291.1           2622.0662     3840.4800    -1218.4138
       127.4571                 16.9673             305.8           2747.4557     3979.0800    -1231.6243
       127.5088                 16.9742             301.0           2735.7412     3934.0800    -1198.3388
       127.5606                 16.9812             328.6           2977.0396     4194.3600    -1217.3204
       127.6124                 16.9881             305.6           2692.5906     3977.4600    -1284.8694
       127.6643                 16.9950             308.0           2645.9223     4000.3200    -1354.3977
       127.7161                 17.0019             306.7           2809.4441     3988.0800    -1178.6359
       127.7680                 17.0089             305.6           2516.5119     3977.1000    -1460.5881
       127.8197                 17.0158             306.6           2738.1981     3987.1800    -1248.9819
       127.8714                 17.0227             311.0           2449.1400     4028.0400    -1578.9000
       127.9231                 17.0297             317.2           2704.6376     4086.5400    -1381.9024
       127.9750                 17.0366             294.5           2418.0132     3872.5200    -1454.5068
       128.0269                 17.0435             316.3           2954.1444     4078.8000    -1124.6556
       128.0786                 17.0504             300.5           2439.2352     3929.0400    -1489.8048
       128.1305                 17.0574             316.5           2734.1736     4080.6000    -1346.4264
       128.1823                 17.0643             317.9           2734.2838     4093.2000    -1358.9162
       128.2341                 17.0712             320.3           2557.6971     4115.7000    -1558.0029
       128.2500                 17.0733             297.9           2431.7225     3904.3800    -1472.6575
       128.3019                 17.0803             296.1           2470.6644     3887.8200    -1417.1556
       128.3537                 17.0872             324.1           2766.4445     4152.0600    -1385.6155
       128.4054                 17.0941             307.0           2728.7240     3990.9600    -1262.2360
       128.4572                 17.1011             308.5           2644.2729     4005.1800    -1360.9071
       128.5090                 17.1080             299.2           2636.2289     3917.3400    -1281.1111
       128.5608                 17.1149             301.9           2636.0320     3942.7200    -1306.6880
       128.6126                 17.1218             291.5           2393.4792     3844.6200    -1451.1408
       128.6644                 17.1288             315.9           2588.9657     4074.4800    -1485.5143
       128.7162                 17.1357             292.0           2292.2463     3848.7600    -1556.5137
       128.7680                 17.1426             312.7           2508.7733     4044.2400    -1535.4667
       128.8197                 17.1495             307.9           2819.0792     3998.8800    -1179.8008
       128.8714                 17.1565             295.2           2545.3962     3879.1800    -1333.7838
       128.9232                 17.1634             280.2           2320.6069     3737.1600    -1416.5531
       128.9749                 17.1703             307.3           2554.9351     3993.4800    -1438.5449
       129.0265                 17.1773             314.6           2600.4232     4062.6000    -1462.1768
       129.0782                 17.1842             300.1           2387.8903     3925.6200    -1537.7297
       129.1300                 17.1911             315.3           2559.5193     4068.7200    -1509.2007
       129.1819                 17.1980             304.0           2499.1788     3961.9800    -1462.8012
       129.2336                 17.2050             308.1           2511.6507     4001.0400    -1489.3893
       129.2500                 17.2072             299.3           2548.9978     3917.5200    -1368.5222
       129.3019                 17.2141             298.9           2630.7536     3913.7400    -1282.9864
       129.3537                 17.2210             300.8           2549.5306     3932.1000    -1382.5694
       129.4056                 17.2279             305.9           2594.5283     3979.9800    -1385.4517
       129.4573                 17.2349             287.7           2256.3514     3808.6200    -1552.2686
       129.5091                 17.2418             319.0           2627.6259     4104.0000    -1476.3741
       129.5610                 17.2487             312.3           2393.0195     4041.0000    -1647.9805
       129.6128                 17.2556             306.7           2505.5387     3987.9000    -1482.3613
       129.6644                 17.2626             303.2           2573.4727     3954.2400    -1380.7673
       129.7162                 17.2695             323.9           2768.0585     4149.9000    -1381.8415
       129.7678                 17.2764             300.7           2636.0049     3931.2000    -1295.1951
       129.8196                 17.2834             297.4           2579.9918     3899.5200    -1319.5282
       129.8715                 17.2903             301.9           2587.4842     3942.3600    -1354.8758
       129.9232                 17.2972             314.5           2643.9220     4061.1600    -1417.2380
       129.9749                 17.3041             324.0           2546.8902     4151.1600    -1604.2698
       130.0266                 17.3111             286.8           2542.2685     3799.6200    -1257.3515
       130.0784                 17.3180             314.3           2554.5417     4059.7200    -1505.1783
       130.1301                 17.3249             295.6           2421.1079     3883.3200    -1462.2121
       130.1820                 17.3319             311.4           2609.7493     4032.1800    -1422.4307
       130.2339                 17.3388             305.1           2551.0619     3972.4200    -1421.3581
       130.2500                 17.3409             309.9           2701.2387     4017.9600    -1316.7213
       130.3017                 17.3479             301.6           2700.4750     3939.1200    -1238.6450
       130.3533                 17.3548             308.9           2811.5706     4008.2400    -1196.6694
       130.4051                 17.3617             312.9           2707.3879     4046.4000    -1339.0121
       130.4568                 17.3687             311.5           2685.2368     4033.4400    -1348.2032
       130.5087                 17.3756             287.9           2581.5168     3810.0600    -1228.5432
       130.5604                 17.3825             291.7           2507.3334     3846.4200    -1339.0866
       130.6121                 17.3894             319.9           2991.9459     4112.4600    -1120.5141
       130.6638                 17.3964             295.4           2659.5989     3880.9800    -1221.3811
       130.7155                 17.4033             303.8           2758.0859     3960.1800    -1202.0941
       130.7672                 17.4102             294.1           2663.2802     3868.7400    -1205.4598
       130.8189                 17.4171             285.9           2510.1774     3791.7000    -1281.5226
       130.8707                 17.4241             305.3           2358.3982     3974.2200    -1615.8218
       130.9224                 17.4310             288.4           2475.8796     3815.1000    -1339.2204
       130.9742                 17.4379             292.6           2334.9187     3854.8800    -1519.9613
       131.0261                 17.4449             314.2           2750.2078     4058.6400    -1308.4322
       131.0778                 17.4518             310.9           2736.7424     4027.5000    -1290.7576
       131.1297                 17.4587             317.4           2754.4622     4088.8800    -1334.4178
       131.1814                 17.4656             301.3           2633.2167     3937.1400    -1303.9233
       131.2332                 17.4726             312.8           2675.2387     4045.5000    -1370.2613
       131.2500                 17.4748             317.3           2683.2172     4087.6200    -1404.4028
       131.3019                 17.4817             308.8           2804.6732     4007.1600    -1202.4868
       131.3538                 17.4887             314.0           2867.8977     4056.8400    -1188.9423
       131.4054                 17.4956             299.8           2648.9802     3922.9200    -1273.9398
       131.4571                 17.5025             308.0           2543.8056     3999.9600    -1456.1544
       131.5089                 17.5095             291.1           2150.5859     3840.1200    -1689.5341
       131.5606                 17.5164             314.8           2720.3393     4064.0400    -1343.7007
       131.6124                 17.5233             313.5           2747.0997     4051.9800    -1304.8803
       131.6642                 17.5302             311.0           2824.9411     4027.8600    -1202.9189
       131.7159                 17.5372             318.3           2492.5444     4097.5200    -1604.9756
       131.7678                 17.5441             298.7           2477.8058     3912.6600    -1434.8542
       131.8194                 17.5510             293.1           2646.0117     3859.7400    -1213.7283
       131.8711                 17.5580             298.9           2689.6576     3914.4600    -1224.8024
       131.9227                 17.5649             321.0           2856.8181     4122.3600    -1265.5419
       131.9746                 17.5718             323.9           2687.3803     4150.0800    -1462.6997
       132.0265                 17.5787             303.7           2659.6828     3959.1000    -1299.4172
       132.0783                 17.5857             317.8           2662.8420     4092.3000    -1429.4580
       132.1301                 17.5926             307.9           2661.5492     3998.8800    -1337.3308
       132.1819                 17.5995             309.9           2811.3731     4018.1400    -1206.7669
       132.2336                 17.6064             297.7           2737.2227     3903.1200    -1165.8973
       132.2500                 17.6086             296.7           2660.3965     3893.7600    -1233.3635
       132.3018                 17.6156             310.1           2578.2882     4019.4000    -1441.1118
       132.3537                 17.6225             317.5           2840.7179     4089.4200    -1248.7021
       132.4055                 17.6294             302.9           2641.5207     3951.5400    -1310.0193
       132.4572                 17.6363             293.6           2626.2773     3863.8800    -1237.6027
       132.5089                 17.6433             302.4           2612.7000     3947.2200    -1334.5200
       132.5607                 17.6502             308.7           2685.6230     4006.6200    -1320.9970
       132.6123                 17.6571             306.3           2524.9085     3983.5800    -1458.6715
       132.6640                 17.6641             313.4           2689.2241     4050.5400    -1361.3159
       132.7158                 17.6710             297.5           2536.3227     3900.7800    -1364.4573
       132.7677                 17.6779             309.5           2741.3185     4014.3600    -1273.0415
       132.8194                 17.6848             304.1           2727.4590     3963.0600    -1235.6010
       132.8712                 17.6918             326.0           2659.9545     4170.2400    -1510.2855
       132.9231                 17.6987             309.1           2671.7112     4010.4000    -1338.6888
       132.9748                 17.7056             314.3           2545.2532     4059.0000    -1513.7468
       133.0265                 17.7126             292.7           2527.1903     3855.6000    -1328.4097
       133.0782                 17.7195             296.9           2462.8697     3895.3800    -1432.5103
       133.1300                 17.7264             312.1           2823.0890     4039.0200    -1215.9310
       133.1817                 17.7333             323.1           2883.6871     4142.7000    -1259.0129
       133.2334                 17.7403             301.0           2691.1350     3933.5400    -1242.4050
       133.2500                 17.7425             308.9           2721.3361     4008.6000    -1287.2639
       133.3017                 17.7494             290.4           2619.6621     3834.0000    -1214.3379
       133.3533                 17.7563             294.6           2665.7651     3873.2400    -1207.4749
       133.4050                 17.7633             307.9           2674.8770     3999.0600    -1324.1830
       133.4566                 17.7702             308.4           2706.6620     4003.5600    -1296.8980
       133.5082                 17.7771             309.0           2586.3075     4009.5000    -1423.1925
       133.5600                 17.7840             302.2           2528.4293     3945.2400    -1416.8107
       133.6116                 17.7910             280.8           2465.0619     3742.9200    -1277.8581
       133.6633                 17.7979             291.3           2562.8094     3842.8200    -1280.0106
       133.7149                 17.8048             313.1           2623.9406     4048.3800    -1424.4394
       133.7667                 17.8117             317.2           2672.3009     4087.0800    -1414.7791
       133.8184                 17.8187             304.2           2641.9272     3964.3200    -1322.3928
       133.8701                 17.8256             302.0           2388.6034     3942.9000    -1554.2966
       133.9218                 17.8325             302.7           2490.2947     3949.5600    -1459.2653
       133.9735                 17.8395             313.1           2805.2167     4048.0200    -1242.8033
       134.0252                 17.8464             298.5           2472.9937     3910.6800    -1437.6863
       134.0769                 17.8533             282.2           2515.3393     3756.6000    -1241.2607
       134.1286                 17.8602             309.8           2704.6849     4017.0600    -1312.3751
       134.1803                 17.8672             302.0           2458.8464     3942.9000    -1484.0536
       134.2320                 17.8741             293.8           2680.9121     3866.0400    -1185.1279
       134.2500                 17.8765             303.8           2575.7823     3960.3600    -1384.5777
       134.3017                 17.8834             306.6           2702.5352     3986.6400    -1284.1048
       134.3535                 17.8904             308.2           2737.8811     4001.7600    -1263.8789
       134.4052                 17.8973             302.1           2504.2752     3944.1600    -1439.8848
       134.4569                 17.9042             300.8           2350.4132     3932.4600    -1582.0468
       134.5087                 17.9111             299.7           2384.2562     3922.0200    -1537.7638
       134.5604                 17.9181             306.1           2563.3799     3981.7800    -1418.4001
       134.6122                 17.9250             315.4           2752.2057     4069.4400    -1317.2343
       134.6638                 17.9319             323.6           2712.3844     4146.8400    -1434.4556
       134.7156                 17.9389             302.2           2435.7224     3945.6000    -1509.8776
       134.7674                 17.9458             291.5           2215.9738     3844.4400    -1628.4662
       134.8192                 17.9527             305.1           2421.5802     3972.4200    -1550.8398
       134.8709                 17.9596             310.8           2659.7277     4026.7800    -1367.0523
       134.9226                 17.9666             297.5           2103.0492     3900.9600    -1797.9108
       134.9742                 17.9735             305.2           2375.0205     3973.3200    -1598.2995
       135.0259                 17.9804             299.3           2276.9910     3917.8800    -1640.8890
       135.0775                 17.9873             328.8           2438.6514     4196.5200    -1757.8686
       135.1293                 17.9943             321.1           2279.1355     4123.4400    -1844.3045
       135.1810                 18.0012             290.0           1964.9916     3830.0400    -1865.0484
       135.2328                 18.0081             303.6           2390.9695     3958.9200    -1567.9505
       135.2500                 18.0104             320.7           2480.0393     4120.2000    -1640.1607
       135.3017                 18.0174             284.9           2228.8089     3781.9800    -1553.1711
       135.3535                 18.0243             311.6           2449.5494     4033.6200    -1584.0706
       135.4051                 18.0312             310.6           2582.9414     4024.0800    -1441.1386
       135.4567                 18.0381             308.7           2555.4430     4006.4400    -1450.9970
       135.5084                 18.0451             296.7           2546.1990     3893.4000    -1347.2010
       135.5600                 18.0520             323.6           2678.0811     4147.0200    -1468.9389
       135.6117                 18.0589             321.1           2672.9777     4123.9800    -1451.0023
       135.6633                 18.0659             321.1           2566.0079     4123.6200    -1557.6121
       135.7151                 18.0728             292.8           2199.6364     3856.6800    -1657.0436
       135.7667                 18.0797             302.2           2342.2133     3945.6000    -1603.3867
       135.8184                 18.0866             312.5           2542.5329     4042.8000    -1500.2671
       135.8701                 18.0936             311.9           2377.8002     4037.0400    -1659.2398
       135.9217                 18.1005             307.9           2387.2960     3999.4200    -1612.1240
       135.9735                 18.1074             298.7           2300.7036     3911.9400    -1611.2364
       136.0251                 18.1143             310.0           2356.8469     4019.0400    -1662.1931
       136.0767                 18.1213             296.5           2335.2893     3891.6000    -1556.3107
       136.1283                 18.1282             307.3           2464.4675     3993.8400    -1529.3725
       136.1800                 18.1351             312.4           2449.2269     4041.3600    -1592.1331
       136.2318                 18.1421             324.0           2601.2501     4150.9800    -1549.7299
       136.2500                 18.1445             293.0           2336.9625     3858.3000    -1521.3375
       136.3018                 18.1514             306.9           2562.1044     3989.8800    -1427.7756
       136.3536                 18.1584             314.1           2652.2720     4057.5600    -1405.2880
       136.4053                 18.1653             307.4           2461.1484     3994.5600    -1533.4116
       136.4570                 18.1722             304.3           2387.5222     3964.8600    -1577.3378
       136.5087                 18.1791             315.8           2496.6275     4073.5800    -1576.9525
       136.5605                 18.1861             297.6           2287.6281     3902.2200    -1614.5919
       136.6121                 18.1930             302.7           2423.7218     3949.5600    -1525.8382
       136.6638                 18.1999             295.8           2427.9469     3884.4000    -1456.4531
       136.7155                 18.2068             317.9           2519.1270     4093.2000    -1574.0730
       136.7673                 18.2138             310.4           2603.9923     4022.8200    -1418.8277
       136.8190                 18.2207             303.8           2291.4210     3960.3600    -1668.9390
       136.8707                 18.2276             307.7           2509.5503     3996.7200    -1487.1697
       136.9224                 18.2346             310.1           2525.4326     4020.1200    -1494.6874
       136.9741                 18.2415             330.3           2889.0238     4210.7400    -1321.7162
       137.0258                 18.2484             306.0           2576.3934     3981.4200    -1405.0266
       137.0777                 18.2553             320.5           2741.7087     4118.2200    -1376.5113
       137.1295                 18.2623             317.8           2503.7094     4092.1200    -1588.4106
       137.1811                 18.2692             323.6           2703.3515     4147.0200    -1443.6685
       137.2328                 18.2761             318.4           2640.9798     4098.0600    -1457.0802
       137.2500                 18.2784             318.3           2635.0314     4097.1600    -1462.1286
       137.3016                 18.2854             301.9           2221.6577     3942.7200    -1721.0623
       137.3533                 18.2923             295.9           2218.5875     3886.2000    -1667.6125
       137.4050                 18.2992             308.2           2420.6686     4002.1200    -1581.4514
       137.4568                 18.3061             298.5           2516.4165     3909.9600    -1393.5435
       137.5084                 18.3131             306.2           2390.2358     3983.2200    -1592.9842
       137.5601                 18.3200             315.2           2648.4735     4068.0000    -1419.5265
       137.6117                 18.3269             292.1           2439.2212     3849.6600    -1410.4388
       137.6634                 18.3338             308.0           2554.3455     3999.9600    -1445.6145
       137.7150                 18.3408             314.2           2692.3722     4058.1000    -1365.7278
       137.7667                 18.3477             297.3           2347.0960     3899.1600    -1552.0640
       137.8183                 18.3546             307.3           2472.5966     3993.1200    -1520.5234
       137.8701                 18.3616             321.1           2486.5502     4123.2600    -1636.7098
       137.9218                 18.3685             318.9           2257.7618     4102.9200    -1845.1582
       137.9734                 18.3754             288.1           2046.0929     3812.0400    -1765.9471
       138.0249                 18.3823             296.2           2290.5088     3888.3600    -1597.8512
       138.0766                 18.3893             292.4           2355.3754     3852.7200    -1497.3446
       138.1283                 18.3962             300.2           2393.5997     3925.9800    -1532.3803
       138.1800                 18.4031             306.4           2390.5156     3985.2000    -1594.6844
       138.2318                 18.4101             313.3           2500.3573     4049.8200    -1549.4627
       138.2500                 18.4125             299.7           2443.6093     3922.0200    -1478.4107
       138.3016                 18.4194             294.2           2344.3106     3869.8200    -1525.5094
       138.3533                 18.4263             307.3           2398.5454     3992.9400    -1594.3946
       138.4049                 18.4333             305.4           2491.8145     3975.8400    -1484.0255
       138.4566                 18.4402             305.0           2342.5885     3972.0600    -1629.4715
       138.5083                 18.4471             315.7           2533.0237     4072.8600    -1539.8363
       138.5599                 18.4541             317.1           2597.3089     4085.4600    -1488.1511
       138.6115                 18.4610             309.2           2404.3944     4011.1200    -1606.7256
       138.6633                 18.4679             323.8           2642.4278     4148.8200    -1506.3922
       138.7150                 18.4748             304.5           2290.4373     3967.0200    -1676.5827
       138.7667                 18.4818             314.4           2274.5347     4060.2600    -1785.7253
       138.8183                 18.4887             302.6           2340.1416     3949.0200    -1608.8784
       138.8700                 18.4956             311.0           2427.0175     4028.2200    -1601.2025
       138.9217                 18.5026             303.2           2535.4756     3954.7800    -1419.3044
       138.9732                 18.5095             295.1           2446.4658     3877.9200    -1431.4542
       139.0248                 18.5164             300.2           2408.1717     3926.1600    -1517.9883
       139.0767                 18.5233             307.4           2389.5966     3994.7400    -1605.1434
       139.1285                 18.5303             317.0           2331.1949     4084.5600    -1753.3651
       139.1803                 18.5372             312.6           2261.4763     4043.7000    -1782.2237
       139.2321                 18.5441             303.3           2433.3270     3955.8600    -1522.5330
       139.2500                 18.5465             320.0           2694.7269     4113.5400    -1418.8131
       139.3017                 18.5534             288.6           2151.6815     3816.9000    -1665.2185
       139.3534                 18.5604             311.1           2302.2023     4029.1200    -1726.9177
       139.4052                 18.5673             288.3           2344.0975     3813.6600    -1469.5625
       139.4569                 18.5742             298.3           2315.0476     3908.1600    -1593.1124
       139.5087                 18.5812             307.5           2198.3470     3995.6400    -1797.2930
       139.5606                 18.5881             290.7           2367.3939     3836.5200    -1469.1261
       139.6123                 18.5950             311.4           2202.6476     4032.5400    -1829.8924
       139.6640                 18.6019             318.4           2517.5253     4098.6000    -1581.0747
       139.7158                 18.6089             291.6           2431.7511     3845.1600    -1413.4089
       139.7673                 18.6158             331.1           2672.1837     4217.7600    -1545.5763
       139.8190                 18.6227             298.9           2251.6181     3914.2800    -1662.6619
       139.8708                 18.6296             306.3           2551.6328     3983.7600    -1432.1272
       139.9224                 18.6366             302.4           2395.2781     3947.4000    -1552.1219
       139.9741                 18.6435             297.9           2297.9750     3904.9200    -1606.9450
       140.0258                 18.6504             323.0           2438.9509     4141.9800    -1703.0291
       140.0776                 18.6574             311.7           2292.5841     4034.5200    -1741.9359
       140.1293                 18.6643             314.8           2340.8397     4063.8600    -1723.0203
       140.1809                 18.6712             324.4           2452.7626     4154.9400    -1702.1774
       140.2327                 18.6781             309.5           2436.0873     4013.8200    -1577.7327
       140.2500                 18.6805             325.1           2516.4435     4161.6000    -1645.1565
       140.3016                 18.6874             302.0           2018.0504     3942.9000    -1924.8496
       140.3533                 18.6943             301.4           1948.1772     3938.0400    -1989.8628
       140.4048                 18.7012             305.0           2143.6894     3972.0600    -1828.3706
       140.4564                 18.7082             306.1           2162.3370     3982.3200    -1819.9830
       140.5080                 18.7151             303.3           2081.0868     3956.0400    -1874.9532
       140.5594                 18.7220             316.4           2236.3443     4079.5200    -1843.1757
       140.6110                 18.7290             319.5           2352.1770     4108.8600    -1756.6830
       140.6626                 18.7359             318.8           2359.4436     4101.6600    -1742.2164
       140.7143                 18.7428             321.9           2108.9721     4131.5400    -2022.5679
       140.7660                 18.7497             301.0           1971.4914     3933.7200    -1962.2286
       140.8176                 18.7567             298.8           2128.4786     3913.5600    -1785.0814
       140.8695                 18.7636             304.1           2133.6845     3963.6000    -1829.9155
       140.9212                 18.7705             313.3           2205.3205     4050.0000    -1844.6795
       140.9729                 18.7774             325.8           2392.0703     4168.4400    -1776.3697
       141.0246                 18.7844             288.0           2023.4471     3811.5000    -1788.0529
       141.0762                 18.7913             320.9           2576.7600     4121.6400    -1544.8800
       141.1279                 18.7982             299.5           2206.0689     3919.5000    -1713.4311
       141.1796                 18.8052             311.5           2384.0332     4033.0800    -1649.0468
       141.2311                 18.8121             285.4           2186.4731     3786.6600    -1600.1869
       141.2500                 18.8146             283.6           2072.6493     3769.7400    -1697.0907
       141.3016                 18.8216             297.5           2428.8653     3900.7800    -1471.9147
       141.3533                 18.8285             300.2           2293.0492     3926.7000    -1633.6508
       141.4050                 18.8354             313.8           2369.4157     4054.6800    -1685.2643
       141.4566                 18.8423             306.1           2291.9323     3982.3200    -1690.3877
       141.5083                 18.8493             311.7           2138.5211     4034.7000    -1896.1789
       141.5601                 18.8562             307.9           2122.2756     3999.4200    -1877.1444
       141.6119                 18.8631             315.1           2177.0310     4067.2800    -1890.2490
       141.6636                 18.8700             311.0           2164.7127     4028.5800    -1863.8673
       141.7152                 18.8770             305.6           2241.8979     3977.2800    -1735.3821
       141.7669                 18.8839             302.6           2144.4794     3949.0200    -1804.5406
       141.8186                 18.8908             294.6           2196.8867     3873.0600    -1676.1733
       141.8702                 18.8978             314.7           2144.8606     4063.3200    -1918.4594
       141.9220                 18.9047             308.4           2457.5458     4003.7400    -1546.1942
       141.9737                 18.9116             310.2           2381.9250     4021.0200    -1639.0950
       142.0253                 18.9185             306.6           2289.0827     3987.0000    -1697.9173
       142.0770                 18.9255             307.7           2509.4706     3996.9000    -1487.4294
       142.1287                 18.9324             293.4           2265.9512     3862.0800    -1596.1288
       142.1804                 18.9393             301.8           2272.0734     3941.8200    -1669.7466
       142.2320                 18.9463             300.9           2370.7198     3933.0000    -1562.2802
       142.2500                 18.9487             295.6           2309.6679     3882.9600    -1573.2921
       142.3016                 18.9556             283.0           2113.6354     3763.6200    -1649.9846
       142.3531                 18.9625             294.4           2319.4856     3871.6200    -1552.1344
       142.4047                 18.9694             309.9           2513.9952     4017.6000    -1503.6048
       142.4563                 18.9764             320.5           2512.6335     4118.2200    -1605.5865
       142.5079                 18.9833             309.0           2243.7292     4009.1400    -1765.4108
       142.5596                 18.9902             315.2           2402.0125     4067.6400    -1665.6275
       142.6112                 18.9972             316.6           2339.8631     4080.7800    -1740.9169
       142.6628                 19.0041             292.4           2170.3491     3852.9000    -1682.5509
       142.7145                 19.0110             298.4           2211.0645     3909.4200    -1698.3555
       142.7661                 19.0179             300.7           2366.6793     3930.6600    -1563.9807
       142.8179                 19.0249             307.9           2286.0943     3998.8800    -1712.7857
       142.8694                 19.0318             297.2           2192.3376     3898.2600    -1705.9224
       142.9211                 19.0387             303.9           2087.9804     3961.4400    -1873.4596
       142.9727                 19.0456             315.1           2181.8486     4066.7400    -1884.8914
       143.0245                 19.0526             299.6           2055.2918     3920.4000    -1865.1082
       143.0762                 19.0595             293.0           2175.9150     3858.1200    -1682.2050
       143.1278                 19.0664             289.0           2076.4828     3820.8600    -1744.3772
       143.1797                 19.0734             311.7           2222.0020     4035.0600    -1813.0580
       143.2314                 19.0803             312.4           2284.4455     4041.5400    -1757.0945
       143.2500                 19.0828             307.4           2126.4848     3994.2000    -1867.7152
       143.3017                 19.0897             301.9           2201.8877     3942.7200    -1740.8323
       143.3533                 19.0966             309.7           2269.3401     4016.3400    -1746.9999
       143.4050                 19.1036             299.0           2038.2739     3915.1800    -1876.9061
       143.4566                 19.1105             298.6           2071.8900     3911.2200    -1839.3300
       143.5084                 19.1174             306.9           2195.7996     3989.7000    -1793.9004
       143.5600                 19.1243             305.8           2157.2554     3979.0800    -1821.8246
       143.6117                 19.1313             304.0           2201.6648     3962.5200    -1760.8552
       143.6633                 19.1382             293.9           2311.9134     3866.7600    -1554.8466
       143.7150                 19.1451             317.1           2498.2660     4085.8200    -1587.5540
       143.7666                 19.1521             312.7           2249.6161     4044.2400    -1794.6239
       143.8184                 19.1590             310.7           2114.0581     4025.3400    -1911.2819
       143.8701                 19.1659             291.2           2003.2110     3841.7400    -1838.5290
       143.9218                 19.1728             303.5           2359.2065     3957.6600    -1598.4535
       143.9734                 19.1798             312.9           2390.8380     4045.8600    -1655.0220
       144.0250                 19.1867             302.7           2126.5530     3950.1000    -1823.5470
       144.0768                 19.1936             318.9           2524.4905     4102.7400    -1578.2495
       144.1285                 19.2006             317.4           2448.3114     4089.0600    -1640.7486
       144.1801                 19.2075             316.2           2303.5759     4077.1800    -1773.6041
       144.2319                 19.2144             303.9           2153.6558     3961.4400    -1807.7842
       144.2500                 19.2168             300.6           2085.9060     3930.4800    -1844.5740
       144.3017                 19.2238             305.3           2267.1251     3974.4000    -1707.2749
       144.3532                 19.2307             299.6           2131.7191     3920.4000    -1788.6809
       144.4049                 19.2376             294.4           2154.0543     3871.2600    -1717.2057
       144.4564                 19.2445             306.0           2459.9804     3981.4200    -1521.4396
       144.5082                 19.2515             308.2           2353.6306     4001.5800    -1647.9494
       144.5598                 19.2584             311.0           2591.6723     4028.0400    -1436.3677
       144.6114                 19.2653             302.8           2290.5437     3951.3600    -1660.8163
       144.6630                 19.2723             298.6           2365.6878     3911.2200    -1545.5322
       144.7147                 19.2792             317.3           2395.8804     4087.9800    -1692.0996
       144.7664                 19.2861             311.5           2531.4194     4033.4400    -1502.0206
       144.8181                 19.2930             300.5           2218.6639     3929.0400    -1710.3761
       144.8699                 19.3000             303.7           2346.9116     3959.4600    -1612.5484
       144.9217                 19.3069             317.1           2580.1129     4085.4600    -1505.3471
       144.9733                 19.3138             285.5           2135.2935     3788.1000    -1652.8065
       145.0249                 19.3207             313.7           2513.7817     4053.9600    -1540.1783
       145.0766                 19.3277             303.7           2268.8221     3959.8200    -1690.9979
       145.1282                 19.3346             323.2           2537.7989     4143.7800    -1605.9811
       145.1799                 19.3415             306.6           2410.5721     3987.1800    -1576.6079
       145.2316                 19.3485             312.8           2470.2849     4045.3200    -1575.0351
       145.2500                 19.3509             313.7           2489.1219     4053.4200    -1564.2981
       145.3016                 19.3579             301.1           2279.7321     3935.1600    -1655.4279
       145.3532                 19.3648             322.2           2494.5178     4134.0600    -1639.5422
       145.4049                 19.3717             311.6           2269.5705     4034.1600    -1764.5895
       145.4567                 19.3786             312.0           2344.3622     4037.4000    -1693.0378
       145.5083                 19.3856             307.9           2336.6096     3999.4200    -1662.8104
       145.5599                 19.3925             312.2           2391.3210     4039.9200    -1648.5990
       145.6116                 19.3994             308.8           2292.2845     4007.1600    -1714.8755
       145.6632                 19.4064             314.1           2285.0869     4057.5600    -1772.4731
       145.7149                 19.4133             310.5           2109.1941     4023.1800    -1913.9859
       145.7667                 19.4202             313.9           2216.8515     4055.9400    -1839.0885
       145.8184                 19.4271             301.6           2201.1118     3939.8400    -1738.7282
       145.8701                 19.4341             319.4           2364.7616     4107.7800    -1743.0184
       145.9217                 19.4410             305.8           2153.1667     3979.6200    -1826.4533
       145.9735                 19.4479             312.7           2079.4591     4044.2400    -1964.7809
       146.0251                 19.4548             318.6           2359.7655     4099.8600    -1740.0945
       146.0767                 19.4618             313.1           2461.1167     4048.0200    -1586.9033
       146.1283                 19.4687             314.8           2270.0789     4064.5800    -1794.5011
       146.1797                 19.4756             301.0           2135.3861     3934.0800    -1798.6939
       146.2313                 19.4826             293.3           1988.4553     3861.7200    -1873.2647
       146.2500                 19.4851             298.7           2157.1424     3911.9400    -1754.7976
       146.3016                 19.4920             301.6           1926.7332     3940.0200    -2013.2868
       146.3531                 19.4989             295.0           2131.2244     3877.7400    -1746.5156
       146.4046                 19.5058             316.2           2169.1664     4077.3600    -1908.1936
       146.4561                 19.5128             297.0           2041.0805     3896.1000    -1855.0195
       146.5076                 19.5197             305.5           2140.1757     3976.3800    -1836.2043
       146.5593                 19.5266             304.5           2082.8601     3967.3800    -1884.5199
       146.6109                 19.5336             300.8           2165.0934     3932.2800    -1767.1866
       146.6626                 19.5405             312.6           2152.7476     4043.7000    -1890.9524
       146.7143                 19.5474             301.6           2055.1513     3939.1200    -1883.9687
       146.7659                 19.5543             302.7           2163.4268     3949.9200    -1786.4932
       146.8177                 19.5613             288.7           2090.6865     3817.6200    -1726.9335
       146.8695                 19.5682             308.2           2165.7774     4002.1200    -1836.3426
       146.9210                 19.5751             303.8           2003.6946     3960.3600    -1956.6654
       146.9727                 19.5821             323.1           2403.6245     4142.5200    -1738.8955
       147.0243                 19.5890             301.3           1962.8238     3937.1400    -1974.3162
       147.0760                 19.5959             318.4           2223.8302     4098.0600    -1874.2298
       147.1275                 19.6028             307.3           2129.0898     3992.9400    -1863.8502
       147.1792                 19.6098             300.5           2089.9613     3928.8600    -1838.8987
       147.2307                 19.6167             297.5           2169.1614     3900.9600    -1731.7986
       147.2500                 19.6193             306.4           2124.3086     3984.4800    -1860.1714
       147.3016                 19.6262             296.8           1962.8578     3894.6600    -1931.8022
       147.3534                 19.6331             319.4           2402.1065     4107.4200    -1705.3135
       147.4048                 19.6401             295.4           1882.4565     3881.1600    -1998.7035
       147.4564                 19.6470             294.4           2044.6249     3871.2600    -1826.6351
       147.5081                 19.6539             317.5           2108.7913     4089.9600    -1981.1687
       147.5598                 19.6608             312.0           2045.9004     4037.4000    -1991.4996
       147.6113                 19.6678             319.5           2248.9343     4108.8600    -1859.9257
       147.6629                 19.6747             309.8           2353.1480     4017.4200    -1664.2720
       147.7145                 19.6816             315.1           2356.5189     4067.2800    -1710.7611
       147.7663                 19.6886             306.7           2211.0133     3987.9000    -1776.8867
       147.8180                 19.6955             305.2           2094.3697     3974.0400    -1879.6703
       147.8696                 19.7024             304.8           1979.4220     3969.9000    -1990.4780
       147.9213                 19.7093             293.5           2044.6713     3863.1600    -1818.4887
       147.9729                 19.7163             304.2           2069.4286     3963.7800    -1894.3514
       148.0245                 19.7232             297.8           1968.3264     3904.0200    -1935.6936
       148.0762                 19.7301             296.7           1898.0238     3893.7600    -1995.7362
       148.1279                 19.7370             295.2           1980.7475     3878.8200    -1898.0725
       148.1794                 19.7440             316.0           2043.4643     4075.3800    -2031.9157
       148.2311                 19.7509             305.4           1963.5741     3975.6600    -2012.0859
       148.2500                 19.7534             309.1           1766.1779     4010.5800    -2244.4021
       148.3017                 19.7604             299.6           1916.2896     3921.1200    -2004.8304
       148.3532                 19.7673             310.8           1893.0105     4026.6000    -2133.5895
       148.4049                 19.7742             300.9           2003.0324     3933.1800    -1930.1476
       148.4564                 19.7811             316.3           1837.5149     4078.0800    -2240.5651
       148.5081                 19.7881             292.7           1836.2935     3855.4200    -2019.1265
       148.5596                 19.7950             295.1           1830.0578     3878.2800    -2048.2222
       148.6112                 19.8019             293.9           1825.8642     3866.9400    -2041.0758
       148.6627                 19.8089             298.1           2016.4807     3906.9000    -1890.4193
       148.7142                 19.8158             312.0           2240.7547     4037.7600    -1797.0053
       148.7658                 19.8227             304.4           2168.0697     3966.1200    -1798.0503
       148.8172                 19.8296             334.9           2199.0886     4254.3000    -2055.2114
       148.8686                 19.8366             315.8           2124.6808     4073.2200    -1948.5392
       148.9201                 19.8435             304.2           2030.5683     3964.5000    -1933.9317
       148.9715                 19.8504             308.7           2085.5667     4006.8000    -1921.2333
       149.0232                 19.8574             292.0           1980.4499     3848.9400    -1868.4901
       149.0748                 19.8643             302.7           2033.1868     3949.7400    -1916.5532
       149.1265                 19.8712             320.7           1918.6438     4120.2000    -2201.5562
       149.1780                 19.8781             312.2           1984.4283     4039.3800    -2054.9517
       149.2296                 19.8851             288.4           1810.3818     3814.7400    -2004.3582
       149.2500                 19.8878             295.6           2047.5225     3882.9600    -1835.4375
       149.3017                 19.8947             315.3           1997.3561     4068.9000    -2071.5439
       149.3532                 19.9017             306.9           1954.7572     3989.1600    -2034.4028
       149.4048                 19.9086             321.2           2113.3559     4124.1600    -2010.8041
       149.4563                 19.9155             317.8           2041.0553     4092.6600    -2051.6047
       149.5080                 19.9224             309.2           2249.8626     4010.9400    -1761.0774
       149.5596                 19.9294             297.6           1987.8994     3901.8600    -1913.9606
       149.6112                 19.9363             315.6           2058.0436     4071.4200    -2013.3764
       149.6629                 19.9432             300.3           2081.5828     3927.2400    -1845.6572
       149.7144                 19.9501             287.8           1804.4538     3809.1600    -2004.7062
       149.7660                 19.9571             290.7           1907.5839     3836.7000    -1929.1161
       149.8175                 19.9640             315.0           2070.5892     4066.2000    -1995.6108
       149.8691                 19.9709             310.4           2071.5070     4022.6400    -1951.1330
       149.9206                 19.9779             303.9           1905.8129     3961.4400    -2055.6271
       149.9722                 19.9848             295.3           1933.7666     3879.9000    -1946.1334
       150.0237                 19.9917             282.0           1677.8124     3754.2600    -2076.4476
       150.0754                 19.9986             299.1           1867.0174     3916.4400    -2049.4226
       150.1270                 20.0056             319.7           2112.4177     4110.8400    -1998.4223
       150.1785                 20.0125             300.3           1895.6530     3926.8800    -2031.2270
       150.2302                 20.0194             301.2           1805.1092     3935.5200    -2130.4108
       150.2500                 20.0221             317.3           2041.0159     4087.4400    -2046.4241
       150.3014                 20.0290             317.2           1988.7778     4086.9000    -2098.1222
       150.3530                 20.0359             309.7           1839.1448     4015.8000    -2176.6552
       150.4046                 20.0429             319.2           2053.9328     4106.1600    -2052.2272
       150.4561                 20.0498             300.2           1900.4291     3926.7000    -2026.2709
       150.5077                 20.0567             315.1           2073.2610     4066.5600    -1993.2990
       150.5591                 20.0637             309.9           1874.2082     4017.7800    -2143.5718
       150.6107                 20.0706             313.1           1804.8698     4048.0200    -2243.1502
       150.6623                 20.0775             317.1           1973.1934     4085.8200    -2112.6266
       150.7138                 20.0844             296.9           1817.8546     3895.2000    -2077.3454
       150.7654                 20.0914             302.0           1844.1728     3943.8000    -2099.6272
       150.8169                 20.0983             326.9           2152.6922     4178.5200    -2025.8278
       150.8684                 20.1052             314.9           1811.9005     4065.4800    -2253.5795
       150.9200                 20.1121             308.8           1829.7832     4007.5200    -2177.7368
       150.9717                 20.1191             289.6           1751.3720     3826.2600    -2074.8880
       151.0233                 20.1260             311.9           2074.2375     4036.6800    -1962.4425
       151.0751                 20.1329             299.6           1854.7223     3920.7600    -2066.0377
       151.1266                 20.1399             283.9           1775.5850     3772.0800    -1996.4950
       151.1781                 20.1468             313.6           2122.3948     4052.8800    -1930.4852
       151.2295                 20.1537             306.2           2153.0456     3983.4000    -1830.3544
       151.2500                 20.1565             310.7           1956.9617     4025.3400    -2068.3783
       151.3016                 20.1634             327.5           2258.2568     4184.1000    -1925.8432
       151.3532                 20.1703             294.5           1718.9824     3872.8800    -2153.8976
       151.4048                 20.1773             309.7           2053.9178     4015.6200    -1961.7022
       151.4563                 20.1842             328.8           2293.3974     4196.5200    -1903.1226
       151.5079                 20.1911             301.5           2086.9277     3938.5800    -1851.6523
       151.5594                 20.1980             319.8           2103.5000     4111.0200    -2007.5200
       151.6110                 20.2050             312.0           2064.5656     4037.7600    -1973.1944
       151.6626                 20.2119             327.0           2068.8856     4179.2400    -2110.3544
       151.7143                 20.2188             318.2           2067.7568     4096.2600    -2028.5032
       151.7658                 20.2258             296.5           1971.0863     3891.4200    -1920.3337
       151.8174                 20.2327             305.7           2089.3443     3978.0000    -1888.6557
       151.8691                 20.2396             303.2           2044.4914     3954.2400    -1909.7486
       151.9207                 20.2465             318.3           2189.9938     4097.3400    -1907.3462
       151.9724                 20.2535             306.7           2064.5815     3988.0800    -1923.4985
       152.0240                 20.2604             295.9           2021.3499     3886.2000    -1864.8501
       152.0756                 20.2673             306.1           2166.7136     3981.9600    -1815.2464
       152.1272                 20.2742             313.8           2182.4107     4054.5000    -1872.0893
       152.1788                 20.2812             304.3           1947.7616     3964.8600    -2017.0984
       152.2304                 20.2881             315.8           2013.5915     4073.5800    -2059.9885
       152.2500                 20.2907             324.4           2121.3454     4154.4000    -2033.0546
       152.3017                 20.2977             287.4           1842.6660     3805.7400    -1963.0740
       152.3534                 20.3046             296.5           1805.4208     3891.2400    -2085.8192
       152.4050                 20.3115             299.8           1877.9915     3922.2000    -2044.2085
       152.4565                 20.3185             302.8           1874.7801     3951.1800    -2076.3999
       152.5080                 20.3254             315.9           2095.5745     4074.3000    -1978.7255
       152.5594                 20.3323             301.2           1789.4932     3936.2400    -2146.7468
       152.6111                 20.3392             288.1           1686.5193     3811.8600    -2125.3407
       152.6627                 20.3462             303.8           1951.8014     3960.3600    -2008.5586
       152.7143                 20.3531             303.1           1881.7476     3954.0600    -2072.3124
       152.7659                 20.3600             316.8           1954.7331     4083.1200    -2128.3869
       152.8176                 20.3669             307.4           1704.9277     3994.7400    -2289.8123
       152.8692                 20.3739             319.0           1940.6188     4104.1800    -2163.5612
       152.9209                 20.3808             308.6           1809.6349     4005.7200    -2196.0851
       152.9726                 20.3877             314.2           1877.6949     4058.2800    -2180.5851
       153.0242                 20.3947             324.5           1895.3058     4155.8400    -2260.5342
       153.0757                 20.4016             304.9           1884.3933     3970.8000    -2086.4067
       153.1274                 20.4085             319.3           1920.9628     4107.0600    -2186.0972
       153.1789                 20.4154             315.0           1812.9255     4065.8400    -2252.9145
       153.2303                 20.4224             300.4           1845.7780     3928.6800    -2082.9020
       153.2500                 20.4250             301.6           1815.5086     3940.0200    -2124.5114
       153.3016                 20.4319             312.9           1800.7477     4046.4000    -2245.6523
       153.3532                 20.4389             311.8           1791.6980     4035.9600    -2244.2620
       153.4049                 20.4458             313.9           1995.9695     4056.1200    -2060.1505
       153.4564                 20.4527             292.6           1488.6476     3855.0600    -2366.4124
       153.5081                 20.4597             292.0           1446.2368     3848.7600    -2402.5232
       153.5596                 20.4666             306.7           1796.7630     3987.7200    -2190.9570
       153.6112                 20.4735             311.2           1877.5176     4030.2000    -2152.6824
       153.6628                 20.4804             317.2           1963.4611     4087.2600    -2123.7989
       153.7143                 20.4874             287.6           1748.6046     3807.9000    -2059.2954
       153.7658                 20.4943             312.2           1777.0178     4039.9200    -2262.9022
       153.8172                 20.5012             296.8           1791.8064     3894.4800    -2102.6736
       153.8687                 20.5082             305.1           1861.9113     3972.6000    -2110.6887
       153.9203                 20.5151             306.1           1724.2069     3982.1400    -2257.9331
       153.9719                 20.5220             313.5           1712.0904     4052.1600    -2340.0696
       154.0234                 20.5289             296.5           1726.4089     3891.2400    -2164.8311
       154.0750                 20.5359             312.9           1773.6109     4046.0400    -2272.4291
       154.1266                 20.5428             321.6           1918.1669     4128.1200    -2209.9531
       154.1782                 20.5497             291.7           1690.1504     3846.6000    -2156.4496
       154.2297                 20.5566             317.4           1936.1097     4089.0600    -2152.9503
       154.2500                 20.5594             322.4           1897.0347     4135.5000    -2238.4653
       154.3015                 20.5663             306.6           1995.7555     3987.0000    -1991.2445
       154.3531                 20.5732             313.6           1966.4523     4052.5200    -2086.0677
       154.4047                 20.5802             311.2           1800.5908     4030.2000    -2229.6092
       154.4562                 20.5871             295.6           1698.6724     3882.9600    -2184.2876
       154.5077                 20.5940             307.8           1906.6088     3998.3400    -2091.7312
       154.5591                 20.6009             320.4           2047.6052     4117.3200    -2069.7148
       154.6107                 20.6079             317.9           1925.4878     4093.3800    -2167.8922
       154.6623                 20.6148             319.4           2019.0612     4107.6000    -2088.5388
       154.7139                 20.6217             315.8           2009.0001     4073.2200    -2064.2199
       154.7654                 20.6287             306.5           1897.5655     3986.2800    -2088.7145
       154.8169                 20.6356             294.5           1652.6723     3872.3400    -2219.6677
       154.8685                 20.6425             290.6           1761.4229     3835.9800    -2074.5571
       154.9200                 20.6494             292.8           1610.7028     3856.5000    -2245.7972
       154.9716                 20.6564             278.4           1725.2054     3720.2400    -1995.0346
       155.0232                 20.6633             311.8           1970.8095     4036.3200    -2065.5105
       155.0747                 20.6702             304.4           1823.3034     3965.5800    -2142.2766
       155.1261                 20.6771             318.0           2004.2301     4093.9200    -2089.6899
       155.1777                 20.6841             319.8           1814.2075     4111.5600    -2297.3525
       155.2293                 20.6910             314.6           1972.7536     4062.2400    -2089.4864
       155.2500                 20.6938             303.3           1848.9237     3955.8600    -2106.9363
       155.3015                 20.7007             304.1           2044.4031     3963.6000    -1919.1969
       155.3530                 20.7076             306.3           1862.3040     3983.5800    -2121.2760
       155.4046                 20.7146             286.0           1515.7931     3792.4200    -2276.6269
       155.4562                 20.7215             310.4           1755.3276     4022.4600    -2267.1324
       155.5078                 20.7284             320.0           1771.9287     4112.8200    -2340.8913
       155.5595                 20.7353             315.3           1945.9086     4068.5400    -2122.6314
       155.6110                 20.7423             314.7           1693.9942     4063.3200    -2369.3258
       155.6626                 20.7492             296.3           1666.1090     3889.8000    -2223.6910
       155.7142                 20.7561             313.9           2053.3377     4055.4000    -2002.0623
       155.7657                 20.7631             310.2           1858.3388     4021.0200    -2162.6812
       155.8173                 20.7700             315.1           2066.9541     4066.9200    -1999.9659
       155.8688                 20.7769             304.6           1911.3696     3967.7400    -2056.3704
       155.9204                 20.7838             299.9           1900.7452     3923.2800    -2022.5348
       155.9722                 20.7908             285.9           1348.3807     3791.3400    -2442.9593
       156.0237                 20.7977             309.2           1639.8899     4010.9400    -2371.0501
       156.0751                 20.8046             324.8           2006.3729     4158.5400    -2152.1671
       156.1267                 20.8116             315.0           2014.9182     4066.2000    -2051.2818
       156.1780                 20.8185             299.9           1667.7943     3923.6400    -2255.8457
       156.2296                 20.8254             306.7           1868.7027     3987.7200    -2119.0173
       156.2500                 20.8282             331.1           2104.2218     4218.4800    -2114.2582
       156.3015                 20.8351             314.5           1802.4896     4061.1600    -2258.6704
       156.3531                 20.8420             314.2           1946.9361     4058.1000    -2111.1639
       156.4047                 20.8489             301.4           1766.8878     3937.3200    -2170.4322
       156.4563                 20.8559             300.4           1697.1416     3927.9600    -2230.8184
       156.5078                 20.8628             300.5           1833.0961     3929.4000    -2096.3039
       156.5594                 20.8697             314.3           1964.9507     4059.9000    -2094.9493
       156.6110                 20.8766             306.9           1820.0393     3989.8800    -2169.8407
       156.6625                 20.8836             319.8           1885.2419     4111.0200    -2225.7781
       156.7140                 20.8905             318.7           1994.6542     4101.1200    -2106.4658
       156.7656                 20.8974             310.0           1969.7238     4018.6800    -2048.9562
       156.8172                 20.9044             299.6           1910.6550     3920.9400    -2010.2850
       156.8686                 20.9113             300.3           1928.0037     3927.4200    -1999.4163
       156.9201                 20.9182             306.8           1930.2010     3988.2600    -2058.0590
       156.9716                 20.9251             316.6           2005.3638     4080.7800    -2075.4162
       157.0232                 20.9321             302.1           1807.2918     3944.7000    -2137.4082
       157.0748                 20.9390             295.7           1700.3481     3884.0400    -2183.6919
       157.1264                 20.9459             314.7           1976.8437     4062.7800    -2085.9363
       157.1779                 20.9528             307.2           2010.2633     3992.4000    -1982.1367
       157.2293                 20.9598             291.0           1722.9882     3839.2200    -2116.2318
       157.2500                 20.9626             310.5           1932.7471     4023.5400    -2090.7929
       157.3016                 20.9695             303.8           1859.6845     3960.5400    -2100.8555
       157.3531                 20.9764             300.4           1711.0503     3927.9600    -2216.9097
       157.4047                 20.9833             305.8           1726.2753     3979.0800    -2252.8047
       157.4564                 20.9903             303.9           1734.0126     3961.4400    -2227.4274
       157.5080                 20.9972             300.9           1765.2667     3932.6400    -2167.3733
       157.5597                 21.0041             304.6           1693.1307     3967.5600    -2274.4293
       157.6112                 21.0111             304.7           1748.1935     3968.4600    -2220.2665
       157.6627                 21.0180             288.2           1565.2233     3813.1200    -2247.8967
       157.7142                 21.0249             288.4           1717.7651     3815.2800    -2097.5149
       157.7657                 21.0318             301.9           1803.0950     3942.1800    -2139.0850
       157.8171                 21.0388             312.0           1826.4501     4037.7600    -2211.3099
       157.8686                 21.0457             315.9           1838.8549     4074.3000    -2235.4451
       157.9201                 21.0526             307.3           1795.6538     3992.9400    -2197.2862
       157.9717                 21.0596             311.8           1716.3827     4035.4200    -2319.0373
       158.0233                 21.0665             310.3           1724.5907     4021.5600    -2296.9693
       158.0748                 21.0734             295.0           1631.4079     3877.0200    -2245.6121
       158.1264                 21.0803             343.7           2104.8122     4337.2800    -2232.4678
       158.1779                 21.0873             308.4           1915.0340     4003.9200    -2088.8860
       158.2294                 21.0942             298.3           1572.7919     3908.5200    -2335.7281
       158.2500                 21.0970             298.0           1402.5552     3905.8200    -2503.2648
       158.3015                 21.1039             264.6           1258.7673     3590.6400    -2331.8727
       158.3530                 21.1108             304.0           1521.1760     3962.7000    -2441.5240
       158.4044                 21.1177             305.7           1652.2488     3977.8200    -2325.5712
       158.4559                 21.1247             310.0           1699.6198     4019.2200    -2319.6002
       158.5073                 21.1316             307.7           1857.8371     3997.4400    -2139.6029
       158.5587                 21.1385             310.2           1681.9106     4021.0200    -2339.1094
       158.6101                 21.1454             302.9           1684.8943     3951.9000    -2267.0057
       158.6617                 21.1524             306.4           1549.2205     3984.4800    -2435.2595
       158.7132                 21.1593             301.4           1498.2246     3937.5000    -2439.2754
       158.7648                 21.1662             313.0           1613.5657     4047.1200    -2433.5543
       158.8163                 21.1732             300.9           1454.2541     3932.6400    -2478.3859
       158.8677                 21.1801             319.0           1765.8523     4103.6400    -2337.7877
       158.9192                 21.1870             324.6           1727.1769     4157.1000    -2429.9231
       158.9706                 21.1939             301.5           1591.8547     3938.4000    -2346.5453
       159.0222                 21.2009             314.1           1599.6253     4057.5600    -2457.9347
       159.0738                 21.2078             312.1           1636.9933     4038.4800    -2401.4867
       159.1253                 21.2147             304.7           1566.8486     3968.4600    -2401.6114
       159.1769                 21.2216             305.6           1626.6712     3977.1000    -2350.4288
       159.2284                 21.2286             292.0           1340.8745     3849.1200    -2508.2455
       159.2500                 21.2315             308.7           1406.7068     4006.9800    -2600.2732
       159.3016                 21.2384             302.0           1328.1068     3943.0800    -2614.9732
       159.3531                 21.2453             298.8           1262.8071     3913.5600    -2650.7529
       159.4045                 21.2523             292.2           1508.5035     3850.7400    -2342.2365
       159.4560                 21.2592             306.6           1546.0545     3987.0000    -2440.9455
       159.5076                 21.2661             302.0           1355.1420     3943.2600    -2588.1180
       159.5591                 21.2730             309.8           1415.3037     4016.7000    -2601.3963
       159.6106                 21.2800             287.3           1280.8497     3804.3000    -2523.4503
       159.6622                 21.2869             290.5           1530.2504     3834.7200    -2304.4696
       159.7137                 21.2938             328.3           1871.5500     4192.0200    -2320.4700
       159.7653                 21.3008             314.7           1644.9208     4062.9600    -2418.0392
       159.8168                 21.3077             289.8           1318.6085     3828.6000    -2509.9915
       159.8683                 21.3146             322.9           1663.0211     4140.9000    -2477.8789
       159.9200                 21.3215             292.6           1467.3306     3854.7000    -2387.3694
       159.9714                 21.3285             326.1           1561.5521     4170.9600    -2609.4079
       160.0229                 21.3354             302.4           1418.5061     3946.6800    -2528.1739
       160.0744                 21.3423             308.9           1578.4740     4008.6000    -2430.1260
       160.1259                 21.3492             295.4           1450.0269     3881.3400    -2431.3131
       160.1775                 21.3562             322.0           1664.4482     4131.7200    -2467.2718
       160.2291                 21.3631             309.8           1665.7173     4017.4200    -2351.7027
       160.2500                 21.3659             311.2           1724.3100     4030.5600    -2306.2500
       160.3015                 21.3728             316.6           1635.4539     4081.3200    -2445.8661
       160.3529                 21.3798             296.4           1499.0562     3890.3400    -2391.2838
       160.4044                 21.3867             299.6           1628.6401     3920.7600    -2292.1199
       160.4557                 21.3936             307.8           1654.6708     3998.5200    -2343.8492
       160.5071                 21.4006             298.2           1560.2218     3907.4400    -2347.2182
       160.5586                 21.4075             318.2           1694.5374     4096.2600    -2401.7226
       160.6101                 21.4144             314.5           1711.5768     4061.1600    -2349.5832
       160.6618                 21.4213             294.2           1422.7989     3870.1800    -2447.3811
       160.7133                 21.4283             298.2           1607.1149     3907.0800    -2299.9651
       160.7647                 21.4352             308.8           1362.0607     4007.8800    -2645.8193
       160.8161                 21.4421             299.2           1219.0810     3917.1600    -2698.0790
       160.8676                 21.4491             311.7           1589.9334     4034.8800    -2444.9466
       160.9191                 21.4560             298.6           1382.3123     3911.5800    -2529.2677
       160.9705                 21.4629             304.2           1483.2576     3964.1400    -2480.8824
       161.0219                 21.4698             285.8           1110.0956     3790.2600    -2680.1644
       161.0733                 21.4768             312.7           1514.3027     4044.7800    -2530.4773
       161.1247                 21.4837             300.9           1486.1714     3933.1800    -2447.0086
       161.1763                 21.4906             321.6           1432.5724     4128.6600    -2696.0876
       161.2278                 21.4975             293.1           1277.5136     3859.2000    -2581.6864
       161.2500                 21.5005             310.7           1398.1239     4025.7000    -2627.5761
       161.3015                 21.5075             309.5           1448.7131     4014.5400    -2565.8269
       161.3530                 21.5144             325.6           1734.5029     4165.7400    -2431.2371
       161.4046                 21.5213             317.1           1548.7050     4086.0000    -2537.2950
       161.4561                 21.5282             309.0           1474.9782     4009.3200    -2534.3418
       161.5077                 21.5352             315.0           1464.6652     4066.0200    -2601.3548
       161.5592                 21.5421             303.3           1343.5226     3956.0400    -2612.5174
       161.6108                 21.5490             295.3           1271.1180     3879.7200    -2608.6020
       161.6623                 21.5559             299.9           1432.6198     3923.1000    -2490.4802
       161.7137                 21.5629             300.4           1347.0234     3928.3200    -2581.2966
       161.7653                 21.5698             299.9           1341.4495     3923.1000    -2581.6505
       161.8168                 21.5767             307.1           1515.7319     3991.8600    -2476.1281
       161.8683                 21.5837             323.3           1596.0818     4144.8600    -2548.7782
       161.9197                 21.5906             302.9           1484.8724     3952.2600    -2467.3876
       161.9712                 21.5975             304.3           1530.3016     3965.4000    -2435.0984
       162.0226                 21.6044             305.7           1496.1285     3978.0000    -2481.8715
       162.0739                 21.6114             315.5           1457.6642     4070.8800    -2613.2158
       162.1255                 21.6183             302.9           1447.7428     3951.9000    -2504.1572
       162.1770                 21.6252             300.5           1445.5842     3929.2200    -2483.6358
       162.2285                 21.6322             297.7           1339.9458     3902.5800    -2562.6342
       162.2500                 21.6350             304.9           1382.2545     3970.8000    -2588.5455
       162.3015                 21.6420             321.4           1633.8793     4126.1400    -2492.2607
       162.3530                 21.6489             301.0           1380.1155     3933.9000    -2553.7845
       162.4045                 21.6558             317.2           1409.6278     4086.7200    -2677.0922
       162.4561                 21.6628             313.4           1552.5136     4051.2600    -2498.7464
       162.5075                 21.6697             302.3           1389.8891     3946.3200    -2556.4309
       162.5590                 21.6766             316.2           1535.9800     4077.0000    -2541.0200
       162.6105                 21.6835             306.2           1463.6509     3983.2200    -2519.5691
       162.6618                 21.6905             302.5           1247.3004     3947.7600    -2700.4596
       162.7133                 21.6974             329.2           1638.1714     4199.7600    -2561.5886
       162.7647                 21.7043             319.5           1578.8676     4108.3200    -2529.4524
       162.8161                 21.7112             302.1           1268.9763     3944.7000    -2675.7237
       162.8675                 21.7182             322.3           1602.9988     4135.3200    -2532.3212
       162.9190                 21.7251             307.7           1375.8210     3996.9000    -2621.0790
       162.9705                 21.7320             304.6           1338.1895     3967.5600    -2629.3705
       163.0220                 21.7390             314.5           1607.8009     4061.5200    -2453.7191
       163.0735                 21.7459             303.8           1422.0322     3960.3600    -2538.3278
       163.1250                 21.7528             302.1           1353.7219     3944.3400    -2590.6181
       163.1765                 21.7597             325.8           1651.0197     4168.4400    -2517.4203
       163.2281                 21.7667             314.9           1504.0703     4064.9400    -2560.8697
       163.2500                 21.7696             314.5           1455.8072     4061.1600    -2605.3528
       163.3016                 21.7765             313.2           1395.7192     4049.4600    -2653.7408
       163.3531                 21.7835             308.8           1413.0407     4007.7000    -2594.6593
       163.4047                 21.7904             303.9           1421.9736     3961.0800    -2539.1064
       163.4561                 21.7973             294.3           1277.6487     3870.9000    -2593.2513
       163.5076                 21.8043             318.5           1536.1571     4099.3200    -2563.1629
       163.5591                 21.8112             299.3           1358.2378     3918.0600    -2559.8222
       163.6105                 21.8181             312.1           1669.1883     4038.4800    -2369.2917
       163.6620                 21.8250             292.1           1382.8756     3850.0200    -2467.1444
       163.7134                 21.8320             315.1           1713.4409     4066.9200    -2353.4791
       163.7649                 21.8389             338.0           1703.6640     4282.9200    -2579.2560
       163.8164                 21.8458             309.8           1462.3907     4016.7000    -2554.3093
       163.8681                 21.8527             291.3           1338.6817     3842.2800    -2503.5983
       163.9198                 21.8597             294.1           1265.5048     3868.5600    -2603.0552
       163.9714                 21.8666             307.0           1525.4212     3990.7800    -2465.3588
       164.0229                 21.8735             301.9           1398.5341     3942.0000    -2543.4659
       164.0744                 21.8805             292.0           1279.8388     3848.5800    -2568.7412
       164.1259                 21.8874             297.6           1495.0996     3901.8600    -2406.7604
       164.1774                 21.8943             321.7           1573.3402     4129.0200    -2555.6798
       164.2289                 21.9012             319.7           1559.1859     4110.1200    -2550.9341
       164.2500                 21.9041             303.4           1429.5051     3956.4000    -2526.8949
       164.3015                 21.9110             310.2           1509.0345     4020.6600    -2511.6255
       164.3530                 21.9179             307.5           1412.0138     3995.2800    -2583.2662
       164.4046                 21.9249             300.5           1494.9834     3929.0400    -2434.0566
       164.4563                 21.9318             311.1           1627.2455     4028.9400    -2401.6945
       164.5078                 21.9387             299.8           1532.0329     3922.7400    -2390.7071
       164.5593                 21.9456             298.6           1314.7783     3911.5800    -2596.8017
       164.6108                 21.9526             305.2           1538.6738     3974.0400    -2435.3662
       164.6623                 21.9595             299.0           1604.9848     3915.0000    -2310.0152
       164.7139                 21.9664             296.4           1499.8029     3890.1600    -2390.3571
       164.7653                 21.9734             320.9           1679.9170     4121.4600    -2441.5430
       164.8167                 21.9803             302.6           1591.4126     3949.0200    -2357.6074
       164.8683                 21.9872             303.8           1666.4481     3960.7200    -2294.2719
       164.9197                 21.9941             299.9           1534.8042     3923.8200    -2389.0158
       164.9713                 22.0011             310.6           1808.2478     4024.8000    -2216.5522
       165.0227                 22.0080             304.2           1661.1343     3963.9600    -2302.8257
       165.0741                 22.0149             308.3           1819.1100     4003.2000    -2184.0900
       165.1257                 22.0218             303.3           1648.1241     3955.5000    -2307.3759
       165.1771                 22.0288             290.5           1349.4250     3834.5400    -2485.1150
       165.2287                 22.0357             310.4           1786.4705     4022.8200    -2236.3495
       165.2500                 22.0386             301.0           1598.8778     3933.9000    -2335.0222
       165.3014                 22.0455             318.6           1754.5930     4100.4000    -2345.8070
       165.3530                 22.0524             299.5           1421.9620     3919.3200    -2497.3580
       165.4046                 22.0594             305.0           1544.8266     3972.0600    -2427.2334
       165.4561                 22.0663             317.5           1603.2698     4089.4200    -2486.1502
       165.5076                 22.0732             313.2           1797.6938     4048.7400    -2251.0462
       165.5592                 22.0801             318.6           1903.0747     4099.6800    -2196.6053
       165.6107                 22.0871             295.4           1510.0327     3880.8000    -2370.7673
       165.6622                 22.0940             315.0           1657.7123     4065.6600    -2407.9477
       165.7138                 22.1009             289.7           1228.0963     3827.5200    -2599.4237
       165.7653                 22.1078             309.3           1694.1063     4011.8400    -2317.7337
       165.8168                 22.1148             296.0           1561.7994     3887.1000    -2325.3006
       165.8683                 22.1217             326.7           1789.7455     4176.1800    -2386.4345
       165.9199                 22.1286             310.1           1491.7817     4019.5800    -2527.7983
       165.9714                 22.1356             306.7           1624.6691     3987.9000    -2363.2309
       166.0228                 22.1425             297.0           1598.0377     3896.1000    -2298.0623
       166.0743                 22.1494             313.0           1633.1215     4047.1200    -2413.9985
       166.1257                 22.1563             308.9           1698.8951     4008.0600    -2309.1649
       166.1772                 22.1633             333.6           1830.9018     4241.7000    -2410.7982
       166.2286                 22.1702             301.0           1522.3577     3933.7200    -2411.3623
       166.2500                 22.1731             307.3           1644.1840     3992.9400    -2348.7560
       166.3015                 22.1800             303.0           1685.5929     3953.1600    -2267.5671
       166.3530                 22.1869             314.2           1472.0108     4058.6400    -2586.6292
       166.4047                 22.1938             302.3           1508.1053     3946.5000    -2438.3947
       166.4563                 22.2008             315.8           1870.3236     4073.4000    -2203.0764
       166.5077                 22.2077             301.7           1658.5889     3940.2000    -2281.6111
       166.5591                 22.2146             304.6           1750.7865     3967.5600    -2216.7735
       166.6106                 22.2216             314.1           1879.1322     4057.9200    -2178.7878
       166.6621                 22.2285             315.2           1627.4680     4068.0000    -2440.5320
       166.7136                 22.2354             297.0           1820.7065     3895.7400    -2075.0335
       166.7650                 22.2423             308.2           1737.2304     4002.3000    -2265.0696
       166.8165                 22.2493             309.3           1865.9669     4011.8400    -2145.8731
       166.8679                 22.2562             307.8           1666.3414     3998.1600    -2331.8186
       166.9195                 22.2631             306.8           1569.3587     3988.9800    -2419.6213
       166.9710                 22.2701             294.0           1787.8789     3867.4800    -2079.6011
       167.0224                 22.2770             293.0           1667.2153     3858.4800    -2191.2647
       167.0742                 22.2839             291.7           1499.6005     3846.2400    -2346.6395
       167.1256                 22.2908             303.3           1698.3208     3956.0400    -2257.7192
       167.1772                 22.2978             307.9           1892.1836     3998.7000    -2106.5164
       167.2287                 22.3047             306.9           1717.2068     3989.5200    -2272.3132
       167.2500                 22.3076             310.4           1682.0754     4022.8200    -2340.7446
       167.3014                 22.3145             299.9           1645.7125     3924.0000    -2278.2875
       167.3530                 22.3214             296.9           1820.0572     3894.8400    -2074.7828
       167.4043                 22.3283             318.5           1950.9895     4099.5000    -2148.5105
       167.4559                 22.3353             311.5           1737.0762     4032.7200    -2295.6438
       167.5074                 22.3422             290.5           1682.7652     3835.2600    -2152.4948
       167.5589                 22.3491             307.4           1810.3762     3994.2000    -2183.8238
       167.6104                 22.3561             309.4           1621.7879     4013.1000    -2391.3121
       167.6617                 22.3630             308.7           1745.8654     4006.9800    -2261.1146
       167.7133                 22.3699             312.9           1841.5168     4046.2200    -2204.7032
       167.7648                 22.3768             301.5           1735.1828     3938.7600    -2203.5772
       167.8163                 22.3838             307.5           1692.3319     3995.1000    -2302.7681
       167.8679                 22.3907             309.1           1847.8304     4010.2200    -2162.3896
       167.9194                 22.3976             329.0           2012.9670     4198.6800    -2185.7130
       167.9711                 22.4045             324.4           1977.0357     4155.1200    -2178.0843
       168.0225                 22.4115             319.2           1974.5143     4105.8000    -2131.2857
       168.0740                 22.4184             306.7           1739.0529     3987.9000    -2248.8471
       168.1256                 22.4253             295.2           1602.6396     3879.3600    -2276.7204
       168.1773                 22.4323             319.2           1749.7223     4105.2600    -2355.5377
       168.2288                 22.4392             315.5           1909.4758     4070.5200    -2161.0442
       168.2500                 22.4420             319.7           1984.9153     4110.8400    -2125.9247
       168.3015                 22.4490             327.0           1896.2272     4178.8800    -2282.6528
       168.3531                 22.4559             304.0           1682.8671     3961.9800    -2279.1129
       168.4047                 22.4628             315.5           1900.8192     4070.3400    -2169.5208
       168.4562                 22.4697             310.0           1821.9715     4018.5000    -2196.5285
       168.5077                 22.4767             295.2           1639.0310     3879.3600    -2240.3290
       168.5593                 22.4836             303.3           1507.6344     3956.0400    -2448.4056
       168.6109                 22.4905             309.5           1657.6137     4014.3600    -2356.7463
       168.6625                 22.4975             299.4           1659.0692     3918.4200    -2259.3508
       168.7140                 22.5044             305.0           1723.5056     3971.5200    -2248.0144
       168.7656                 22.5113             303.5           1692.6979     3957.6600    -2264.9621
       168.8170                 22.5182             306.7           1636.0141     3987.9000    -2351.8859
       168.8686                 22.5252             315.4           1804.9900     4069.4400    -2264.4500
       168.9201                 22.5321             301.4           1628.4338     3937.5000    -2309.0662
       168.9717                 22.5390             308.7           1699.3859     4006.2600    -2306.8741
       169.0232                 22.5459             307.9           1811.3147     3998.8800    -2187.5653
       169.0747                 22.5529             313.9           1875.4693     4055.5800    -2180.1107
       169.1262                 22.5598             312.3           1816.2526     4041.0000    -2224.7474
       169.1777                 22.5667             310.2           1933.4402     4020.3000    -2086.8598
       169.2292                 22.5737             292.0           1493.8167     3848.5800    -2354.7633
       169.2500                 22.5764             303.2           1583.3024     3954.4200    -2371.1176
       169.3015                 22.5834             308.7           1990.1069     4006.6200    -2016.5131
       169.3529                 22.5903             310.2           1908.8602     4021.0200    -2112.1598
       169.4045                 22.5972             292.2           1519.5767     3851.1000    -2331.5233
       169.4560                 22.6042             291.4           1424.8307     3843.7200    -2418.8893
       169.5077                 22.6111             296.2           1649.6078     3888.9000    -2239.2922
       169.5593                 22.6180             300.2           1767.7164     3926.7000    -2158.9836
       169.6110                 22.6249             295.1           1820.4805     3878.6400    -2058.1595
       169.6625                 22.6319             298.4           1769.7193     3909.2400    -2139.5207
       169.7141                 22.6388             308.1           1838.6804     4001.4000    -2162.7196
       169.7656                 22.6457             303.8           1835.8389     3960.3600    -2124.5211
       169.8172                 22.6527             309.0           1887.8435     4009.6800    -2121.8365
       169.8688                 22.6596             306.3           1739.3551     3984.1200    -2244.7649
       169.9204                 22.6665             303.8           1869.8651     3960.0000    -2090.1349
       169.9721                 22.6734             301.9           1660.1788     3942.0000    -2281.8212
       170.0236                 22.6804             301.4           1777.6109     3937.5000    -2159.8891
       170.0752                 22.6873             309.1           1917.8928     4010.5800    -2092.6872
       170.1268                 22.6942             334.2           1868.1683     4247.4600    -2379.2917
       170.1783                 22.7011             317.2           1778.7825     4087.2600    -2308.4775
       170.2299                 22.7081             312.3           1689.0549     4041.0000    -2351.9451
       170.2500                 22.7108             307.4           1847.6555     3994.0200    -2146.3645
       170.3016                 22.7177             312.0           1664.7934     4037.7600    -2372.9666
       170.3531                 22.7246             296.0           1642.3638     3886.7400    -2244.3762
       170.4047                 22.7316             304.5           1785.1822     3966.8400    -2181.6578
       170.4563                 22.7385             290.1           1452.9851     3831.3000    -2378.3149
       170.5079                 22.7454             318.3           1860.9626     4097.1600    -2236.1974
       170.5595                 22.7523             296.8           1555.1885     3894.3000    -2339.1115
       170.6111                 22.7593             308.7           1945.9607     4006.9800    -2061.0193
       170.6628                 22.7662             297.9           1588.3210     3904.3800    -2316.0590
       170.7143                 22.7731             287.0           1629.0603     3801.9600    -2172.8997
       170.7659                 22.7800             296.8           1476.2211     3893.9400    -2417.7189
       170.8173                 22.7870             297.7           1767.6057     3902.5800    -2134.9743
       170.8690                 22.7939             318.4           1949.2937     4097.7000    -2148.4063
       170.9206                 22.8008             308.9           1758.1645     4008.4200    -2250.2555
       170.9720                 22.8078             314.1           1881.7195     4057.7400    -2176.0205
       171.0234                 22.8147             302.9           1745.3449     3951.5400    -2206.1951
       171.0748                 22.8216             308.2           1711.4482     4001.5800    -2290.1318
       171.1264                 22.8285             319.6           1882.5875     4109.5800    -2226.9925
       171.1779                 22.8355             319.3           1919.7945     4107.0600    -2187.2655
       171.2294                 22.8424             293.0           1554.6177     3858.3000    -2303.6823
       171.2500                 22.8451             306.1           1613.6334     3981.6000    -2367.9666
       171.3016                 22.8521             315.0           1825.5474     4066.2000    -2240.6526
       171.3532                 22.8590             316.4           1821.6988     4079.3400    -2257.6412
       171.4047                 22.8659             313.2           1822.0847     4048.7400    -2226.6553
       171.4563                 22.8729             308.9           1885.4712     4008.4200    -2122.9488
       171.5078                 22.8798             297.4           1719.8106     3900.4200    -2180.6094
       171.5594                 22.8867             314.0           1732.2844     4057.0200    -2324.7356
       171.6108                 22.8936             308.5           1726.5040     4004.6400    -2278.1360
       171.6623                 22.9006             302.4           1692.8405     3947.5800    -2254.7395
       171.7139                 22.9075             321.7           1897.4640     4129.0200    -2231.5560
       171.7654                 22.9144             314.3           1817.5409     4059.7200    -2242.1791
       171.8169                 22.9214             297.8           1574.0552     3903.4800    -2329.4248
       171.8684                 22.9283             310.6           1526.8380     4024.6200    -2497.7820
       171.9199                 22.9352             309.1           1770.8690     4010.2200    -2239.3510
       171.9715                 22.9421             299.8           1586.6012     3922.9200    -2336.3188
       172.0231                 22.9491             324.4           1895.8379     4154.5800    -2258.7421
       172.0748                 22.9560             309.9           1673.7703     4017.7800    -2344.0097
       172.1264                 22.9629             304.7           1704.3043     3968.6400    -2264.3357
       172.1780                 22.9698             293.7           1457.4224     3864.6000    -2407.1776
       172.2295                 22.9768             293.6           1545.4120     3864.0600    -2318.6480
       172.2500                 22.9795             305.4           1502.4780     3975.1200    -2472.6420
       172.3015                 22.9865             320.8           1813.5551     4120.9200    -2307.3649
       172.3529                 22.9934             296.6           1518.4735     3892.8600    -2374.3865
       172.4042                 23.0003             302.4           1541.1731     3947.5800    -2406.4069
       172.4558                 23.0072             304.4           1640.8071     3965.9400    -2325.1329
       172.5074                 23.0142             301.5           1607.5134     3938.4000    -2330.8866
       172.5590                 23.0211             320.5           1645.8545     4118.4000    -2472.5455
       172.6106                 23.0280             299.2           1673.2078     3916.6200    -2243.4122
       172.6621                 23.0350             294.3           1678.3781     3871.0800    -2192.7019
       172.7136                 23.0419             303.5           1628.3097     3957.3000    -2328.9903
       172.7651                 23.0488             294.9           1586.7058     3876.3000    -2289.5942
       172.8166                 23.0557             293.6           1596.5804     3864.0600    -2267.4796
       172.8682                 23.0627             294.1           1569.5182     3868.7400    -2299.2218
       172.9199                 23.0696             317.3           1798.0068     4087.6200    -2289.6132
       172.9714                 23.0765             313.9           1730.8727     4055.9400    -2325.0673
       173.0229                 23.0835             312.6           1788.4938     4042.9800    -2254.4862
       173.0745                 23.0904             321.6           1695.4432     4127.9400    -2432.4968
       173.1260                 23.0973             306.2           1707.2261     3983.2200    -2275.9939
       173.1776                 23.1042             318.6           1764.4089     4100.2200    -2335.8111
       173.2291                 23.1112             295.0           1417.7964     3877.3800    -2459.5836
       173.2500                 23.1140             292.3           1590.5017     3851.6400    -2261.1383
       173.3015                 23.1209             295.1           1436.1152     3878.1000    -2441.9848
       173.3531                 23.1278             311.6           1672.9358     4034.3400    -2361.4042
       173.4046                 23.1348             305.5           1555.9523     3976.7400    -2420.7877
       173.4563                 23.1417             292.2           1331.0676     3851.2800    -2520.2124
       173.5077                 23.1486             303.1           1497.8484     3954.0600    -2456.2116
       173.5594                 23.1555             311.1           1732.6711     4029.6600    -2296.9889
       173.6111                 23.1625             308.7           1705.1288     4006.2600    -2301.1312
       173.6625                 23.1694             305.4           1546.5315     3975.8400    -2429.3085
       173.7140                 23.1763             316.3           1678.7344     4078.6200    -2399.8856
       173.7657                 23.1832             317.1           1693.7108     4086.0000    -2392.2892
       173.8172                 23.1902             299.4           1565.7869     3919.1400    -2353.3531
       173.8686                 23.1971             314.5           1692.3580     4061.3400    -2368.9820
       173.9203                 23.2040             313.6           1769.1934     4053.2400    -2284.0466
       173.9718                 23.2110             318.7           1788.4751     4100.9400    -2312.4649
       174.0233                 23.2179             307.9           1771.6926     3999.0600    -2227.3674
       174.0748                 23.2248             299.5           1618.7866     3919.5000    -2300.7134
       174.1263                 23.2317             314.6           2030.8383     4062.6000    -2031.7617
       174.1777                 23.2387             311.1           1702.4911     4029.6600    -2327.1689
       174.2292                 23.2456             311.3           1652.0149     4030.9200    -2378.9051
       174.2500                 23.2484             308.5           1688.5960     4004.2800    -2315.6840
       174.3015                 23.2553             315.4           2032.7570     4069.4400    -2036.6830
       174.3530                 23.2622             317.0           1960.7099     4084.7400    -2124.0301
       174.4043                 23.2692             299.6           1681.7225     3920.5800    -2238.8575
       174.4556                 23.2761             275.5           1524.5147     3692.8800    -2168.3653
       174.5071                 23.2830             309.9           1752.8257     4018.1400    -2265.3143
       174.5585                 23.2900             316.7           1856.2663     4082.4000    -2226.1337
       174.6100                 23.2969             317.8           1900.0852     4092.8400    -2192.7548
       174.6616                 23.3038             296.2           1521.0409     3888.1800    -2367.1391
       174.7131                 23.3107             315.9           1790.9727     4075.0200    -2284.0473
       174.7646                 23.3177             296.3           1670.1444     3889.9800    -2219.8356
       174.8161                 23.3246             319.1           1768.3569     4105.0800    -2336.7231
       174.8677                 23.3315             320.5           1817.8039     4117.6800    -2299.8761
       174.9192                 23.3384             307.7           1496.8967     3997.6200    -2500.7233
       174.9707                 23.3454             310.5           1711.1200     4023.9000    -2312.7800
       175.0222                 23.3523             299.7           1457.6410     3921.3000    -2463.6590
       175.0736                 23.3592             304.4           1560.2320     3965.7600    -2405.5280
       175.1251                 23.3662             307.2           1583.5911     3992.4000    -2408.8089
       175.1766                 23.3731             316.9           1583.7418     4084.2000    -2500.4582
       175.2281                 23.3800             295.3           1414.6546     3880.4400    -2465.7854
       175.2500                 23.3830             291.6           1455.2212     3845.3400    -2390.1188
       175.3014                 23.3899             301.0           1623.7184     3934.0800    -2310.3616
       175.3528                 23.3968             313.7           1626.9749     4053.9600    -2426.9851
       175.4043                 23.4037             310.2           1674.6357     4020.8400    -2346.2043
       175.4557                 23.4107             306.0           1654.7727     3981.4200    -2326.6473
       175.5072                 23.4176             317.2           1587.7600     4086.5400    -2498.7800
       175.5588                 23.4245             305.5           1659.8632     3976.2000    -2316.3368
       175.6105                 23.4315             320.0           1768.8785     4112.8200    -2343.9415
       175.6619                 23.4384             301.8           1627.0760     3941.2800    -2314.2040
       175.7134                 23.4453             316.3           1766.6696     4078.8000    -2312.1304
       175.7648                 23.4522             302.7           1712.5376     3950.1000    -2237.5624
       175.8163                 23.4592             292.4           1532.9546     3852.3600    -2319.4054
       175.8677                 23.4661             313.8           1599.3660     4055.0400    -2455.6740
       175.9192                 23.4730             322.6           1902.5028     4137.8400    -2235.3372
       175.9707                 23.4800             314.9           1745.9595     4064.9400    -2318.9805
       176.0222                 23.4869             314.0           1662.0883     4056.3000    -2394.2117
       176.0737                 23.4938             292.7           1431.9111     3855.4200    -2423.5089
       176.1251                 23.5007             284.7           1509.2017     3780.0000    -2270.7983
       176.1765                 23.5077             300.9           1608.3802     3933.1800    -2324.7998
       176.2281                 23.5146             309.0           1804.9923     4009.3200    -2204.3277
       176.2500                 23.5175             297.8           1594.4105     3903.4800    -2309.0695
       176.3014                 23.5245             306.1           1633.6771     3981.9600    -2348.2829
       176.3530                 23.5314             291.1           1438.3235     3840.4800    -2402.1565
       176.4045                 23.5383             315.5           1657.0420     4070.5200    -2413.4780
       176.4560                 23.5452             302.7           1679.6347     3949.9200    -2270.2853
       176.5076                 23.5522             314.8           1702.4906     4064.5800    -2362.0894
       176.5590                 23.5591             308.4           1796.6830     4003.3800    -2206.6970
       176.6105                 23.5660             313.8           1663.9013     4054.8600    -2390.9587
       176.6621                 23.5730             316.7           1727.5732     4082.2200    -2354.6468
       176.7135                 23.5799             321.4           1755.2922     4126.8600    -2371.5678
       176.7649                 23.5868             306.2           1619.4091     3983.4000    -2363.9909
       176.8165                 23.5937             308.3           1549.8809     4002.8400    -2452.9591
       176.8680                 23.6007             310.7           1638.6870     4025.1600    -2386.4730
       176.9195                 23.6076             312.2           1549.4366     4039.2000    -2489.7634
       176.9710                 23.6145             317.1           1564.1773     4085.4600    -2521.2827
       177.0225                 23.6215             303.5           1516.1191     3957.3000    -2441.1809
       177.0739                 23.6284             312.1           1618.3822     4039.0200    -2420.6378
       177.1254                 23.6353             306.7           1521.8373     3987.3600    -2465.5227
       177.1768                 23.6422             318.8           1560.7052     4101.4800    -2540.7748
       177.2282                 23.6492             322.5           1718.1880     4136.5800    -2418.3920
       177.2500                 23.6521             308.5           1507.1579     4004.6400    -2497.4821
       177.3014                 23.6590             326.0           1638.4279     4169.5200    -2531.0921
       177.3529                 23.6660             300.8           1366.6046     3932.2800    -2565.6754
       177.4044                 23.6729             291.7           1163.2095     3846.0600    -2682.8505
       177.4558                 23.6798             324.1           1650.9628     4151.5200    -2500.5572
       177.5073                 23.6867             317.1           1584.8169     4085.6400    -2500.8231
       177.5588                 23.6937             320.5           1445.2831     4118.0400    -2672.7569
       177.6103                 23.7006             300.8           1290.1434     3932.2800    -2642.1366
       177.6618                 23.7075             328.2           1523.3918     4191.1200    -2667.7282
       177.7132                 23.7145             314.6           1450.7527     4062.2400    -2611.4873
       177.7648                 23.7214             311.4           1412.7517     4032.3600    -2619.6083
       177.8163                 23.7283             291.0           1218.7200     3839.2200    -2620.5000
       177.8678                 23.7352             308.6           1218.1783     4006.0800    -2787.9017
       177.9193                 23.7422             304.7           1397.7045     3968.4600    -2570.7555
       177.9708                 23.7491             318.5           1481.3739     4099.1400    -2617.7661
       178.0224                 23.7560             316.7           1650.7189     4082.0400    -2431.3211
       178.0739                 23.7630             296.1           1297.6102     3887.8200    -2590.2098
       178.1253                 23.7699             312.6           1553.1283     4042.9800    -2489.8517
       178.1768                 23.7768             312.7           1553.6865     4044.2400    -2490.5535
       178.2283                 23.7837             308.6           1460.8633     4005.9000    -2545.0367
       178.2500                 23.7867             297.6           1347.1007     3901.8600    -2554.7593
       178.3014                 23.7936             305.6           1653.5669     3977.2800    -2323.7131
       178.3528                 23.8005             295.5           1437.1949     3881.7000    -2444.5051
       178.4040                 23.8074             288.2           1337.6002     3813.4800    -2475.8798
       178.4554                 23.8144             308.1           1536.4951     4001.2200    -2464.7249
       178.5069                 23.8213             297.4           1412.6461     3899.7000    -2487.0539
       178.5583                 23.8282             293.6           1170.1033     3864.0600    -2693.9567
       178.6097                 23.8352             320.9           1621.6186     4122.1800    -2500.5614
       178.6612                 23.8421             299.9           1321.6225     3923.2800    -2601.6575
       178.7125                 23.8490             309.7           1218.6129     4015.6200    -2797.0071
       178.7640                 23.8559             304.1           1417.4580     3963.6000    -2546.1420
       178.8155                 23.8629             282.9           1057.0425     3763.2600    -2706.2175
       178.8670                 23.8698             305.5           1302.2743     3976.3800    -2674.1057
       178.9185                 23.8767             291.3           1160.6657     3842.2800    -2681.6143
       178.9700                 23.8836             288.3           1378.8768     3813.8400    -2434.9632
       179.0213                 23.8906             308.7           1461.5409     4006.9800    -2545.4391
       179.0728                 23.8975             295.0           1330.8775     3877.5600    -2546.6825
       179.1244                 23.9044             295.0           1409.6769     3876.8400    -2467.1631
       179.1759                 23.9114             292.2           1368.9370     3850.7400    -2481.8030
       179.2274                 23.9183             307.3           1654.9247     3992.9400    -2338.0153
       179.2500                 23.9213             305.6           1577.6815     3977.1000    -2399.4185
       179.3015                 23.9283             310.6           1616.3962     4024.8000    -2408.4038
       179.3530                 23.9352             311.7           1649.0340     4035.2400    -2386.2060
       179.4045                 23.9421             291.4           1429.9584     3843.3600    -2413.4016
       179.4559                 23.9490             313.5           1723.7845     4051.6200    -2327.8355
       179.5073                 23.9560             304.3           1553.3400     3964.8600    -2411.5200
       179.5589                 23.9629             322.5           1733.0794     4136.5800    -2403.5006
       179.6105                 23.9698             296.4           1286.2373     3890.3400    -2604.1027
       179.6621                 23.9767             292.4           1122.7635     3852.9000    -2730.1365
       179.7135                 23.9837             306.5           1523.9114     3985.7400    -2461.8286
       179.7651                 23.9906             316.4           1726.9297     4079.1600    -2352.2303
       179.8165                 23.9975             285.3           1388.1390     3785.5800    -2397.4410
       179.8679                 24.0045             304.3           1429.1856     3965.0400    -2535.8544
       179.9195                 24.0114             309.2           1598.2204     4011.1200    -2412.8996
       179.9709                 24.0183             306.9           1495.7252     3989.1600    -2493.4348
       180.0224                 24.0252             311.5           1678.5628     4032.7200    -2354.1572
       180.0739                 24.0322             300.8           1583.7519     3931.9200    -2348.1681
       180.1253                 24.0391             305.2           1435.5272     3973.6800    -2538.1528
       180.1766                 24.0460             304.7           1552.6387     3968.4600    -2415.8213
       180.2282                 24.0530             288.1           1320.1497     3812.2200    -2492.0703
       180.2500                 24.0559             316.9           1644.0650     4083.6600    -2439.5950
       180.3016                 24.0628             302.0           1574.6625     3942.9000    -2368.2375
       180.3533                 24.0697             310.5           1515.4084     4023.3600    -2507.9516
       180.4049                 24.0767             311.4           1398.2827     4032.1800    -2633.8973
       180.4565                 24.0836             288.4           1430.8687     3815.2800    -2384.4113
       180.5081                 24.0905             308.0           1679.0560     3999.6000    -2320.5440
       180.5596                 24.0974             307.5           1686.4594     3995.6400    -2309.1806
       180.6110                 24.1044             305.8           1569.7537     3979.0800    -2409.3263
       180.6625                 24.1113             315.3           1641.1931     4068.9000    -2427.7069
       180.7139                 24.1182             277.7           1183.4008     3714.3000    -2530.8992
       180.7653                 24.1252             305.3           1534.2528     3974.2200    -2439.9672
       180.8168                 24.1321             300.2           1479.5648     3926.5200    -2446.9552
       180.8681                 24.1390             314.0           1613.2643     4056.3000    -2443.0357
       180.9195                 24.1459             313.2           1524.4107     4049.4600    -2525.0493
       180.9709                 24.1529             317.5           1734.5515     4089.9600    -2355.4085
       181.0224                 24.1598             295.0           1402.1202     3877.0200    -2474.8998
       181.0738                 24.1667             299.7           1629.1888     3921.3000    -2292.1112
       181.1252                 24.1736             303.6           1661.0297     3958.9200    -2297.8903
       181.1767                 24.1806             306.1           1617.5533     3981.6000    -2364.0467
       181.2282                 24.1875             298.2           1620.8916     3907.6200    -2286.7284
       181.2500                 24.1904             323.2           1727.2577     4143.0600    -2415.8023
       181.3015                 24.1974             302.4           1504.0244     3946.8600    -2442.8356
       181.3529                 24.2043             320.5           1840.2757     4117.6800    -2277.4043
       181.4044                 24.2112             314.9           1654.6056     4065.4800    -2410.8744
       181.4558                 24.2181             295.4           1581.0798     3881.1600    -2300.0802
       181.5072                 24.2251             297.8           1452.3718     3904.0200    -2451.6482
       181.5586                 24.2320             301.0           1508.9549     3933.9000    -2424.9451
       181.6102                 24.2389             318.6           1479.3377     4099.8600    -2620.5223
       181.6617                 24.2459             313.8           1524.0836     4054.3200    -2530.2364
       181.7131                 24.2528             314.8           1549.7664     4063.8600    -2514.0936
       181.7645                 24.2597             298.9           1440.1668     3914.1000    -2473.9332
       181.8160                 24.2666             307.9           1401.2730     3999.0600    -2597.7870
       181.8674                 24.2736             312.0           1380.3914     4037.4000    -2657.0086
       181.9189                 24.2805             294.0           1373.5003     3868.2000    -2494.6997
       181.9703                 24.2874             297.0           1371.3526     3896.1000    -2524.7474
       182.0219                 24.2943             295.0           1336.7867     3877.7400    -2540.9533
       182.0733                 24.3013             302.8           1475.4279     3951.3600    -2475.9321
       182.1249                 24.3082             307.3           1528.6579     3993.1200    -2464.4621
       182.1762                 24.3151             310.9           1630.1437     4027.5000    -2397.3563
       182.2278                 24.3221             288.0           1297.3671     3811.1400    -2513.7729
       182.2500                 24.3251             297.6           1447.3243     3902.2200    -2454.8957
       182.3014                 24.3320             300.3           1654.4236     3927.4200    -2272.9964
       182.3527                 24.3389             306.2           1387.8583     3983.4000    -2595.5417
       182.4041                 24.3458             322.7           1605.8645     4138.7400    -2532.8755
       182.4555                 24.3528             307.0           1557.3532     3990.7800    -2433.4268
       182.5070                 24.3597             322.2           1545.9624     4134.2400    -2588.2776
       182.5585                 24.3666             310.2           1473.0230     4020.4800    -2547.4570
       182.6099                 24.3735             308.3           1472.8526     4002.4800    -2529.6274
       182.6614                 24.3805             300.6           1273.8725     3930.3000    -2656.4275
       182.7129                 24.3874             304.0           1516.9088     3962.3400    -2445.4312
       182.7644                 24.3943             299.5           1277.6776     3919.8600    -2642.1824
       182.8158                 24.4013             300.7           1398.0652     3931.0200    -2532.9548
       182.8674                 24.4082             295.8           1246.4569     3885.1200    -2638.6631
       182.9188                 24.4151             304.2           1345.8278     3964.5000    -2618.6722
       182.9703                 24.4220             312.3           1391.1981     4040.2800    -2649.0819
       183.0218                 24.4290             313.1           1595.3614     4048.3800    -2453.0186
       183.0732                 24.4359             322.3           1670.7068     4135.1400    -2464.4332
       183.1246                 24.4428             280.6           1256.2792     3741.4800    -2485.2008
       183.1761                 24.4497             303.9           1378.2762     3961.6200    -2583.3438
       183.2274                 24.4567             306.0           1432.1118     3981.0600    -2548.9482
       183.2500                 24.4597             309.9           1527.0874     4018.3200    -2491.2326
       183.3013                 24.4666             302.9           1418.3508     3951.7200    -2533.3692
       183.3529                 24.4736             302.0           1422.2845     3943.8000    -2521.5155
       183.4042                 24.4805             314.6           1604.7887     4062.6000    -2457.8113
       183.4557                 24.4874             306.5           1426.1318     3985.9200    -2559.7882
       183.5072                 24.4944             319.0           1589.8376     4104.0000    -2514.1624
       183.5587                 24.5013             322.6           1560.1602     4137.6600    -2577.4998
       183.6100                 24.5082             316.4           1525.5527     4079.1600    -2553.6073
       183.6615                 24.5151             299.8           1312.4075     3922.5600    -2610.1525
       183.7129                 24.5221             298.2           1389.0420     3907.6200    -2518.5780
       183.7643                 24.5290             317.1           1584.2186     4086.0000    -2501.7814
       183.8159                 24.5359             300.1           1283.7613     3925.4400    -2641.6787
       183.8674                 24.5429             322.1           1548.0556     4132.6200    -2584.5644
       183.9190                 24.5498             297.6           1355.7615     3901.6800    -2545.9185
       183.9704                 24.5567             309.7           1342.5839     4015.6200    -2673.0361
       184.0217                 24.5636             311.9           1346.3115     4037.0400    -2690.7285
       184.0733                 24.5706             301.9           1351.7119     3942.0000    -2590.2881
       184.1249                 24.5775             302.6           1600.8786     3948.8400    -2347.9614
       184.1764                 24.5844             318.6           1737.6603     4099.8600    -2362.1997
       184.2279                 24.5913             305.0           1591.9920     3971.8800    -2379.8880
       184.2500                 24.5943             311.2           1585.5599     4030.5600    -2445.0001
       184.3015                 24.6012             304.2           1611.4710     3963.7800    -2352.3090
       184.3529                 24.6082             305.0           1469.3355     3971.8800    -2502.5445
       184.4043                 24.6151             305.8           1682.2459     3979.0800    -2296.8341
       184.4558                 24.6220             309.4           1488.9022     4013.1000    -2524.1978
       184.5072                 24.6290             289.5           1320.1602     3825.7200    -2505.5598
       184.5587                 24.6359             302.4           1392.8311     3947.4000    -2554.5689
       184.6101                 24.6428             292.5           1355.4648     3853.9800    -2498.5152
       184.6614                 24.6497             297.8           1424.6818     3903.6600    -2478.9782
       184.7129                 24.6567             323.7           1586.3215     4148.1000    -2561.7785
       184.7643                 24.6636             300.6           1393.8135     3930.1200    -2536.3065
       184.8159                 24.6705             303.0           1329.3245     3953.1600    -2623.8355
       184.8674                 24.6775             298.4           1401.7905     3909.4200    -2507.6295
       184.9190                 24.6844             327.7           1584.2500     4185.7200    -2601.4700
       184.9705                 24.6913             319.6           1465.6041     4109.7600    -2644.1559
       185.0220                 24.6982             302.1           1363.8643     3944.5200    -2580.6557
       185.0736                 24.7052             328.1           1541.0629     4189.5000    -2648.4371
       185.1250                 24.7121             306.0           1599.0435     3980.8800    -2381.8365
       185.1764                 24.7190             316.3           1663.9037     4078.2600    -2414.3563
       185.2280                 24.7259             298.9           1315.2432     3913.7400    -2598.4968
       185.2500                 24.7289             305.8           1371.5825     3979.6200    -2608.0375
       185.3015                 24.7358             322.4           1637.4486     4136.2200    -2498.7714
       185.3530                 24.7428             291.4           1503.7218     3843.7200    -2339.9982
       185.4045                 24.7497             297.9           1492.6715     3904.3800    -2411.7085
       185.4560                 24.7566             308.9           1526.6663     4008.6000    -2481.9337
       185.5073                 24.7635             311.0           1622.4854     4028.5800    -2406.0946
       185.5587                 24.7705             292.9           1431.0207     3857.4000    -2426.3793
       185.6102                 24.7774             290.5           1367.0118     3834.7200    -2467.7082
       185.6616                 24.7843             316.7           1589.0985     4082.4000    -2493.3015
       185.7132                 24.7913             305.3           1564.1716     3974.5800    -2410.4084
       185.7646                 24.7982             313.8           1516.5664     4054.8600    -2538.2936
       185.8160                 24.8051             296.5           1617.3987     3891.2400    -2273.8413
       185.8676                 24.8120             305.8           1527.5868     3979.4400    -2451.8532
       185.9191                 24.8190             326.2           1743.4079     4171.3200    -2427.9121
       185.9706                 24.8259             311.3           1578.6850     4031.4600    -2452.7750
       186.0222                 24.8328             310.8           1698.9532     4026.4200    -2327.4668
       186.0736                 24.8398             310.6           1573.5215     4024.8000    -2451.2785
       186.1252                 24.8467             303.9           1729.7437     3961.2600    -2231.5163
       186.1767                 24.8536             311.0           1723.6862     4028.5800    -2304.8938
       186.2282                 24.8605             327.4           1712.8833     4183.3800    -2470.4967
       186.2500                 24.8635             308.9           1479.6754     4008.6000    -2528.9246
       186.3016                 24.8704             304.1           1434.4118     3963.6000    -2529.1882
       186.3530                 24.8773             322.3           1694.8636     4135.1400    -2440.2764
       186.4045                 24.8842             327.9           1741.2716     4187.5200    -2446.2484
       186.4560                 24.8912             315.1           1636.1038     4067.1000    -2430.9962
       186.5074                 24.8981             307.3           1429.7961     3993.6600    -2563.8639
       186.5589                 24.9050             304.2           1512.5001     3963.7800    -2451.2799
       186.6103                 24.9120             315.2           1702.4996     4068.3600    -2365.8604
       186.6619                 24.9189             297.8           1460.3874     3904.0200    -2443.6326
       186.7133                 24.9258             284.7           1363.1401     3780.0000    -2416.8599
       186.7648                 24.9327             318.7           1587.9626     4101.1200    -2513.1574
       186.8162                 24.9397             304.5           1440.8846     3967.2000    -2526.3154
       186.8676                 24.9466             300.7           1497.9614     3931.0200    -2433.0586
       186.9191                 24.9535             314.4           1642.5840     4060.0800    -2417.4960
       186.9706                 24.9605             319.9           1685.8788     4112.6400    -2426.7612
       187.0221                 24.9674             299.1           1389.3177     3916.4400    -2527.1223
       187.0736                 24.9743             306.0           1382.6984     3980.7000    -2598.0016
       187.1251                 24.9812             302.8           1450.1626     3950.4600    -2500.2974
       187.1764                 24.9882             299.3           1412.5234     3917.8800    -2505.3566
       187.2279                 24.9951             326.9           1691.9723     4178.5200    -2486.5477
       187.2500                 24.9981             319.9           1648.5728     4112.6400    -2464.0672
       187.3014                 25.0050             314.7           1495.0486     4063.5000    -2568.4514
       187.3529                 25.0119             306.9           1508.0720     3989.3400    -2481.2680
       187.4044                 25.0189             323.9           1632.4765     4149.9000    -2517.4235
       187.4559                 25.0258             302.2           1468.0447     3945.2400    -2477.1953
       187.5074                 25.0327             311.8           1467.3681     4035.4200    -2568.0519
       187.5588                 25.0396             305.6           1459.8558     3977.1000    -2517.2442
       187.6103                 25.0466             304.0           1531.8842     3962.5200    -2430.6358
       187.6615                 25.0535             315.9           1624.8142     4075.0200    -2450.2058
       187.7129                 25.0604             303.2           1567.0948     3955.1400    -2388.0452
       187.7643                 25.0674             310.8           1624.9066     4026.4200    -2401.5134
       187.8158                 25.0743             307.3           1563.9918     3993.1200    -2429.1282
       187.8671                 25.0812             297.5           1392.7646     3901.1400    -2508.3754
       187.9186                 25.0881             294.8           1479.4529     3875.2200    -2395.7671
       187.9700                 25.0951             307.5           1560.1082     3995.1000    -2434.9918
       188.0214                 25.1020             305.6           1574.2862     3976.9200    -2402.6338
       188.0730                 25.1089             308.0           1473.3123     3999.6000    -2526.2877
       188.1244                 25.1158             309.4           1683.1514     4013.1000    -2329.9486
       188.1758                 25.1228             308.8           1466.0216     4007.3400    -2541.3184
       188.2272                 25.1297             305.2           1742.9634     3973.8600    -2230.8966
       188.2500                 25.1328             312.3           1664.7599     4041.0000    -2376.2401
       188.3014                 25.1397             306.6           1540.1706     3987.1800    -2447.0094
       188.3528                 25.1466             299.9           1508.6134     3923.1000    -2414.4866
       188.4044                 25.1536             309.4           1499.7364     4013.6400    -2513.9036
       188.4560                 25.1605             303.1           1553.1628     3953.7000    -2400.5372
       188.5075                 25.1674             304.7           1341.9437     3968.4600    -2626.5163
       188.5589                 25.1743             317.6           1536.9954     4090.1400    -2553.1446
       188.6104                 25.1813             325.1           1601.1034     4161.7800    -2560.6766
       188.6619                 25.1882             313.6           1436.0993     4052.5200    -2616.4207
       188.7133                 25.1951             312.3           1436.8395     4041.0000    -2604.1605
       188.7648                 25.2020             301.5           1225.3109     3938.2200    -2712.9091
       188.8163                 25.2090             303.8           1349.3868     3960.0000    -2610.6132
       188.8679                 25.2159             309.7           1343.9765     4016.1600    -2672.1835
       188.9195                 25.2228             322.7           1376.2865     4138.9200    -2762.6335
       188.9710                 25.2298             297.9           1286.2613     3905.1000    -2618.8387
       189.0224                 25.2367             302.5           1257.9355     3948.3000    -2690.3645
       189.0738                 25.2436             309.7           1498.6143     4016.1600    -2517.5457
       189.1253                 25.2505             303.8           1398.9677     3960.7200    -2561.7523
       189.1767                 25.2575             314.8           1473.2070     4064.4000    -2591.1930
       189.2282                 25.2644             308.2           1402.4741     4001.9400    -2599.4659
       189.2500                 25.2673             312.4           1369.2152     4041.3600    -2672.1448
       189.3014                 25.2743             304.8           1425.3908     3969.5400    -2544.1492
       189.3529                 25.2812             305.3           1376.3489     3974.7600    -2598.4111
       189.4044                 25.2881             304.1           1358.0448     3963.6000    -2605.5552
       189.4559                 25.2950             304.3           1449.0506     3965.4000    -2516.3494
       189.5074                 25.3020             309.7           1465.9766     4015.8000    -2549.8234
       189.5589                 25.3089             299.7           1135.6928     3921.4800    -2785.7872
       189.6103                 25.3158             322.0           1553.7037     4132.0800    -2578.3763
       189.6616                 25.3227             314.4           1460.6569     4060.8000    -2600.1431
       189.7131                 25.3297             319.1           1460.4138     4105.0800    -2644.6662
       189.7647                 25.3366             309.5           1444.1311     4014.1800    -2570.0489
       189.8163                 25.3435             296.5           1218.1684     3891.0600    -2672.8916
       189.8676                 25.3505             306.3           1303.6786     3983.7600    -2680.0814
       189.9190                 25.3574             318.4           1368.1558     4097.7000    -2729.5442
       189.9707                 25.3643             321.9           1358.1981     4131.0000    -2772.8019
       190.0223                 25.3712             311.5           1303.8661     4032.7200    -2728.8539
       190.0736                 25.3782             297.5           1257.9888     3900.6000    -2642.6112
       190.1251                 25.3851             307.7           1300.1696     3997.6200    -2697.4504
       190.1765                 25.3920             296.8           1181.8563     3894.4800    -2712.6237
       190.2281                 25.3990             314.9           1469.2061     4065.4800    -2596.2739
       190.2500                 25.4019             298.6           1288.9840     3910.8600    -2621.8760
       190.3015                 25.4088             305.7           1436.4671     3978.3600    -2541.8929
       190.3529                 25.4158             312.5           1352.4522     4042.8000    -2690.3478
       190.4044                 25.4227             293.4           1154.4640     3862.2600    -2707.7960
       190.4558                 25.4296             304.6           1359.4968     3967.9200    -2608.4232
       190.5073                 25.4365             312.8           1576.7476     4045.6800    -2468.9324
       190.5588                 25.4435             304.6           1343.0931     3968.2800    -2625.1869
       190.6103                 25.4504             305.5           1396.4342     3976.7400    -2580.3058
       190.6617                 25.4573             305.5           1445.3608     3976.0200    -2530.6592
       190.7132                 25.4642             305.3           1261.4320     3974.9400    -2713.5080
       190.7646                 25.4712             303.6           1294.2861     3958.3800    -2664.0939
       190.8160                 25.4781             293.0           1225.5189     3858.3000    -2632.7811
       190.8675                 25.4850             307.4           1356.4400     3994.7400    -2638.3000
       190.9189                 25.4920             312.5           1397.4170     4042.2600    -2644.8430
       190.9703                 25.4989             307.0           1220.5673     3990.2400    -2769.6727
       191.0217                 25.5058             305.2           1281.1159     3973.8600    -2692.7441
       191.0733                 25.5127             322.1           1473.7057     4133.5200    -2659.8143
       191.1248                 25.5197             300.5           1454.6351     3929.4000    -2474.7649
       191.1763                 25.5266             311.0           1525.5570     4028.0400    -2502.4830
       191.2280                 25.5335             302.9           1287.2743     3951.5400    -2664.2657
       191.2500                 25.5365             301.4           1386.7416     3937.6800    -2550.9384
       191.3015                 25.5434             305.7           1552.3755     3978.3600    -2425.9845
       191.3529                 25.5504             308.2           1486.4642     4001.9400    -2515.4758
       191.4044                 25.5573             321.2           1568.1775     4124.5200    -2556.3425
       191.4558                 25.5642             298.8           1434.1677     3913.0200    -2478.8523
       191.5072                 25.5711             294.2           1321.0616     3870.1800    -2549.1184
       191.5587                 25.5781             293.3           1283.0129     3861.7200    -2578.7071
       191.6101                 25.5850             313.2           1549.8034     4049.2800    -2499.4766
       191.6616                 25.5919             286.1           1237.4550     3792.9600    -2555.5050
       191.7131                 25.5989             311.4           1454.3190     4032.5400    -2578.2210
       191.7646                 25.6058             315.9           1598.2784     4074.1200    -2475.8416
       191.8159                 25.6127             303.6           1569.3973     3958.3800    -2388.9827
       191.8674                 25.6196             316.0           1666.0342     4075.5600    -2409.5258
       191.9189                 25.6266             300.1           1642.3831     3925.0800    -2282.6969
       191.9703                 25.6335             288.7           1372.5915     3817.8000    -2445.2085
       192.0218                 25.6404             307.7           1464.7775     3996.9000    -2532.1225
       192.0732                 25.6473             318.9           1593.3115     4102.5600    -2509.2485
       192.1247                 25.6543             302.3           1442.7181     3945.9600    -2503.2419
       192.1761                 25.6612             293.9           1350.4539     3867.1200    -2516.6661
       192.2274                 25.6681             320.5           1536.1941     4117.6800    -2581.4859
       192.2500                 25.6712             298.0           1267.6649     3905.4600    -2637.7951
       192.3014                 25.6781             295.2           1435.0460     3879.1800    -2444.1340
       192.3528                 25.6850             312.2           1547.9848     4039.7400    -2491.7552
       192.4042                 25.6920             288.7           1176.0801     3817.9800    -2641.8999
       192.4557                 25.6989             322.0           1590.6576     4132.0800    -2541.4224
       192.5071                 25.7058             306.6           1477.0233     3987.0000    -2509.9767
       192.5586                 25.7127             277.7           1128.6023     3713.9400    -2585.3377
       192.6100                 25.7197             290.4           1242.8491     3834.1800    -2591.3309
       192.6614                 25.7266             305.0           1392.2796     3971.3400    -2579.0604
       192.7128                 25.7335             301.7           1423.7692     3940.9200    -2517.1508
       192.7643                 25.7405             301.9           1463.0091     3942.1800    -2479.1709
       192.8157                 25.7474             312.0           1448.8466     4037.5800    -2588.7334
       192.8672                 25.7543             310.7           1438.6739     4025.7000    -2587.0261
       192.9186                 25.7612             292.6           1401.1066     3854.3400    -2453.2334
       192.9700                 25.7682             316.8           1525.2823     4083.3000    -2558.0177
       193.0213                 25.7751             300.4           1395.4655     3928.1400    -2532.6745
       193.0726                 25.7820             292.7           1363.3597     3855.7800    -2492.4203
       193.1240                 25.7889             320.4           1640.4112     4116.7800    -2476.3688
       193.1754                 25.7959             309.4           1365.1744     4013.6400    -2648.4656
       193.2267                 25.8028             300.7           1247.4791     3930.8400    -2683.3609
       193.2500                 25.8059             303.6           1338.5966     3958.2000    -2619.6034
       193.3014                 25.8129             308.9           1456.3325     4008.2400    -2551.9075
       193.3529                 25.8198             310.7           1447.7013     4025.7000    -2577.9987
       193.4043                 25.8267             294.0           1218.1124     3867.8400    -2649.7276
       193.4558                 25.8337             324.6           1319.9607     4156.5600    -2836.5993
       193.5072                 25.8406             296.0           1233.0925     3887.1000    -2654.0075
       193.5587                 25.8475             313.0           1456.4735     4046.9400    -2590.4665
       193.6102                 25.8544             304.2           1291.3443     3964.5000    -2673.1557
       193.6615                 25.8614             321.5           1423.3819     4127.2200    -2703.8381
       193.7129                 25.8683             300.2           1327.2589     3926.1600    -2598.9011
       193.7643                 25.8752             291.1           1139.5610     3840.6600    -2701.0990
       193.8156                 25.8821             319.4           1495.3500     4107.9600    -2612.6100
       193.8669                 25.8891             295.9           1414.8314     3886.2000    -2471.3686
       193.9184                 25.8960             303.7           1261.4149     3959.8200    -2698.4051
       193.9697                 25.9029             302.9           1350.4191     3951.5400    -2601.1209
       194.0211                 25.9099             297.7           1363.4207     3902.9400    -2539.5193
       194.0723                 25.9168             318.0           1459.8923     4094.8200    -2634.9277
       194.1239                 25.9237             320.3           1539.2662     4115.8800    -2576.6138
       194.1753                 25.9306             297.8           1394.0555     3903.3000    -2509.2445
       194.2267                 25.9376             303.6           1414.5256     3958.3800    -2543.8544
       194.2500                 25.9407             310.1           1470.0107     4020.1200    -2550.1093
       194.3014                 25.9476             303.9           1434.1023     3961.2600    -2527.1577
       194.3529                 25.9546             293.2           1103.5121     3860.4600    -2756.9479
       194.4043                 25.9615             314.2           1412.2226     4058.6400    -2646.4174
       194.4557                 25.9684             298.1           1273.3010     3906.5400    -2633.2390
       194.5070                 25.9753             313.5           1503.6627     4051.9800    -2548.3173
       194.5584                 25.9823             316.7           1438.1968     4081.6800    -2643.4832
       194.6099                 25.9892             287.5           1102.4850     3806.6400    -2704.1550
       194.6613                 25.9961             307.5           1291.1230     3995.6400    -2704.5170
       194.7127                 26.0030             305.3           1473.5103     3974.7600    -2501.2497
       194.7641                 26.0100             309.2           1462.5621     4011.6600    -2549.0979
       194.8155                 26.0169             293.8           1220.7538     3866.2200    -2645.4662
       194.8668                 26.0238             326.5           1510.1320     4174.9200    -2664.7880
       194.9182                 26.0308             323.3           1406.2934     4144.3200    -2738.0266
       194.9696                 26.0377             295.6           1221.4958     3882.6000    -2661.1042
       195.0210                 26.0446             309.3           1272.1191     4012.3800    -2740.2609
       195.0724                 26.0515             308.0           1256.0901     3999.6000    -2743.5099
       195.1240                 26.0585             321.2           1467.8883     4125.0600    -2657.1717
       195.1754                 26.0654             297.4           1159.9310     3900.2400    -2740.3090
       195.2269                 26.0723             304.4           1375.9229     3966.4800    -2590.5571
       195.2500                 26.0754             296.6           1183.4805     3892.5000    -2709.0195
       195.3015                 26.0824             318.6           1514.0773     4099.8600    -2585.7827
       195.3528                 26.0893             315.7           1450.7520     4073.0400    -2622.2880
       195.4042                 26.0962             311.4           1410.0311     4032.0000    -2621.9689
       195.4556                 26.1031             312.7           1361.3097     4044.2400    -2682.9303
       195.5070                 26.1101             293.7           1365.2751     3864.6000    -2499.3249
       195.5584                 26.1170             304.0           1447.4579     3962.3400    -2514.8821
       195.6099                 26.1239             302.6           1327.2072     3948.8400    -2621.6328
       195.6613                 26.1309             292.5           1352.9622     3853.4400    -2500.4778
       195.7128                 26.1378             310.9           1341.1795     4027.1400    -2685.9605
       195.7643                 26.1447             305.9           1507.5299     3980.1600    -2472.6301
       195.8158                 26.1516             294.9           1453.0014     3876.1200    -2423.1186
       195.8673                 26.1586             284.8           1115.5125     3781.0800    -2665.5675
       195.9186                 26.1655             300.9           1406.2879     3933.1800    -2526.8921
       195.9700                 26.1724             313.6           1449.0781     4052.7000    -2603.6219
       196.0214                 26.1794             307.9           1489.8618     3998.8800    -2509.0182
       196.0729                 26.1863             315.1           1313.5342     4066.9200    -2753.3858
       196.1244                 26.1932             299.8           1207.5486     3922.3800    -2714.8314
       196.1758                 26.2001             299.7           1152.6276     3922.0200    -2769.3924
       196.2272                 26.2071             323.4           1353.6601     4145.7600    -2792.0999
       196.2500                 26.2101             311.3           1156.7603     4030.7400    -2873.9797
       196.3015                 26.2171             303.5           1164.0770     3957.8400    -2793.7630
       196.3529                 26.2240             307.7           1226.0345     3997.2600    -2771.2255
       196.4044                 26.2309             308.7           1208.1346     4006.4400    -2798.3054
       196.4558                 26.2379             304.3           1133.6130     3965.0400    -2831.4270
       196.5073                 26.2448             307.3           1299.1241     3993.6600    -2694.5359
       196.5588                 26.2517             303.5           1199.8035     3957.4800    -2757.6765
       196.6102                 26.2586             314.4           1300.7696     4060.0800    -2759.3104
       196.6615                 26.2656             327.7           1508.1408     4186.2600    -2678.1192
       196.7129                 26.2725             301.9           1388.1587     3942.5400    -2554.3813
       196.7642                 26.2794             317.6           1352.2074     4090.1400    -2737.9326
       196.8155                 26.2863             328.1           1408.4179     4189.5000    -2781.0821
       196.8668                 26.2933             313.9           1338.9706     4055.2200    -2716.2494
       196.9183                 26.3002             324.7           1402.9712     4158.0000    -2755.0288
       196.9697                 26.3071             319.2           1407.5943     4105.9800    -2698.3857
       197.0211                 26.3141             299.7           1121.1844     3921.4800    -2800.2956
       197.0725                 26.3210             307.4           1200.0253     3994.5600    -2794.5347
       197.1240                 26.3279             336.3           1530.8601     4266.7200    -2735.8599
       197.1755                 26.3348             309.6           1232.6534     4014.9000    -2782.2466
       197.2269                 26.3418             280.4            901.2063     3739.5000    -2838.2937
       197.2500                 26.3449             299.5           1171.7956     3920.2200    -2748.4244
       197.3014                 26.3518             305.5           1166.9089     3976.7400    -2809.8311
       197.3528                 26.3587             313.4           1440.2887     4051.2600    -2610.9713
       197.4042                 26.3657             309.1           1319.8945     4010.2200    -2690.3255
       197.4556                 26.3726             307.3           1380.1972     3993.4800    -2613.2828
       197.5071                 26.3795             316.0           1267.1504     4075.3800    -2808.2296
       197.5585                 26.3864             297.2           1075.6531     3898.4400    -2822.7869
       197.6099                 26.3934             309.0           1293.6721     4009.5000    -2715.8279
       197.6613                 26.4003             316.4           1131.8772     4079.3400    -2947.4628
       197.7126                 26.4072             293.2           1131.0540     3859.9200    -2728.8660
       197.7641                 26.4142             321.2           1282.8957     4124.3400    -2841.4443
       197.8154                 26.4211             287.0            998.9500     3802.1400    -2803.1900
       197.8668                 26.4280             303.8           1187.9512     3960.0000    -2772.0488
       197.9181                 26.4349             316.0           1315.8982     4075.3800    -2759.4818
       197.9694                 26.4419             282.9            976.4286     3762.9000    -2786.4714
       198.0207                 26.4488             324.9           1359.7972     4159.4400    -2799.6428
       198.0720                 26.4557             305.4           1193.6446     3975.4800    -2781.8354
       198.1233                 26.4626             293.3            957.9493     3861.3600    -2903.4107
       198.1746                 26.4696             305.9           1157.5101     3980.1600    -2822.6499
       198.2258                 26.4765             296.5           1119.9636     3891.2400    -2771.2764
       198.2500                 26.4798             297.9           1086.7773     3904.3800    -2817.6027
       198.3013                 26.4867             309.5           1289.9470     4014.0000    -2724.0530
       198.3528                 26.4936             307.1           1340.0382     3991.8600    -2651.8218
       198.4042                 26.5005             294.4           1189.2026     3871.9800    -2682.7774
       198.4556                 26.5075             314.6           1268.3033     4062.6000    -2794.2967
       198.5070                 26.5144             308.9           1179.4683     4008.9600    -2829.4917
       198.5583                 26.5213             298.5           1124.7718     3910.5000    -2785.7282
       198.6096                 26.5283             311.1           1223.2616     4029.1200    -2805.8584
       198.6609                 26.5352             314.8           1255.7040     4064.4000    -2808.6960
       198.7122                 26.5421             310.6           1258.7615     4024.4400    -2765.6785
       198.7635                 26.5490             304.8           1176.4125     3969.3600    -2792.9475
       198.8148                 26.5560             300.2           1078.2837     3926.3400    -2848.0563
       198.8661                 26.5629             318.6           1342.3337     4099.6800    -2757.3463
       198.9174                 26.5698             286.5           1141.3155     3796.9200    -2655.6045
       198.9688                 26.5767             306.3           1213.0464     3983.5800    -2770.5336
       199.0202                 26.5837             313.4           1401.5155     4050.9000    -2649.3845
       199.0717                 26.5906             299.3           1016.2926     3918.2400    -2901.9474
       199.1231                 26.5975             302.2           1285.8289     3945.0600    -2659.2311
       199.1746                 26.6045             308.3           1225.3187     4002.8400    -2777.5213
       199.2260                 26.6114             312.3           1188.0948     4040.8200    -2852.7252
       199.2500                 26.6146             296.6           1003.6280     3891.9600    -2888.3320
       199.3014                 26.6215             309.3           1340.9714     4012.7400    -2671.7686
       199.3528                 26.6285             308.6           1166.6193     4006.0800    -2839.4607
       199.4041                 26.6354             303.7           1066.7495     3959.6400    -2892.8905
       199.4554                 26.6423             313.0           1270.7505     4047.4800    -2776.7295
       199.5069                 26.6493             309.3           1291.0203     4011.8400    -2720.8197
       199.5581                 26.6562             317.7           1182.7815     4091.4000    -2908.6185
       199.6095                 26.6631             288.1            926.0240     3812.4000    -2886.3760
       199.6608                 26.6700             297.3            987.1931     3899.3400    -2912.1469
       199.7121                 26.6770             294.7           1024.6804     3874.5000    -2849.8196
       199.7634                 26.6839             293.3            969.1862     3861.1800    -2891.9938
       199.8148                 26.6908             304.3           1165.1295     3965.4000    -2800.2705
       199.8661                 26.6977             292.4           1020.9078     3853.0800    -2832.1722
       199.9175                 26.7047             313.4           1271.3004     4050.9000    -2779.5996
       199.9689                 26.7116             302.3           1185.9887     3946.5000    -2760.5113
       200.0202                 26.7185             300.7           1134.6793     3930.6600    -2795.9807
       200.0715                 26.7255             325.0           1324.8396     4160.7000    -2835.8604
       200.1230                 26.7324             319.5           1339.2698     4108.5000    -2769.2302
       200.1743                 26.7393             327.6           1338.4060     4184.8200    -2846.4140
       200.2257                 26.7462             315.4           1358.3493     4069.8000    -2711.4507
       200.2500                 26.7495             303.0           1199.7031     3952.4400    -2752.7369
       200.3013                 26.7564             289.5            908.5391     3825.1800    -2916.6409
       200.3527                 26.7634             297.8           1043.8388     3903.4800    -2859.6412
       200.4040                 26.7703             317.4           1069.8056     4088.7000    -3018.8944
       200.4554                 26.7772             291.0            997.2891     3839.4000    -2842.1109
       200.5067                 26.7842             306.1           1194.6672     3982.1400    -2787.4728
       200.5582                 26.7911             295.5           1104.1658     3882.0600    -2777.8942
       200.6095                 26.7980             305.1           1057.5239     3972.7800    -2915.2561
       200.6609                 26.8049             303.3           1102.1707     3955.8600    -2853.6893
       200.7123                 26.8119             307.6            999.1153     3995.8200    -2996.7047
       200.7637                 26.8188             307.2           1192.0621     3992.7600    -2800.6979
       200.8151                 26.8257             303.4           1143.7994     3956.9400    -2813.1406
       200.8665                 26.8326             304.8           1086.0157     3969.9000    -2883.8843
       200.9179                 26.8396             297.5           1079.5987     3901.3200    -2821.7213
       200.9692                 26.8465             320.7           1159.7404     4119.6600    -2959.9196
       201.0205                 26.8534             322.7           1163.4677     4138.3800    -2974.9123
       201.0718                 26.8604             300.9            970.6261     3933.3600    -2962.7339
       201.1231                 26.8673             287.0           1044.2225     3802.1400    -2757.9175
       201.1743                 26.8742             297.1            954.9648     3897.0000    -2942.0352
       201.2256                 26.8811             308.5           1099.3363     4004.6400    -2905.3037
       201.2500                 26.8844             297.0           1089.5216     3896.1000    -2806.5784
       201.3015                 26.8914             319.8           1255.2667     4111.7400    -2856.4733
       201.3527                 26.8983             300.8           1119.4154     3932.2800    -2812.8646
       201.4041                 26.9052             314.7           1320.8542     4062.9600    -2742.1058
       201.4556                 26.9121             315.7           1330.9086     4072.3200    -2741.4114
       201.5069                 26.9191             307.9            889.3085     3998.8800    -3109.5715
       201.5583                 26.9260             309.3           1321.7130     4012.3800    -2690.6670
       201.6097                 26.9329             311.9           1285.2498     4037.0400    -2751.7902
       201.6611                 26.9399             307.8           1178.3904     3998.3400    -2819.9496
       201.7126                 26.9468             318.3           1121.6082     4097.1600    -2975.5518
       201.7639                 26.9537             292.0            817.6975     3849.3000    -3031.6025
       201.8151                 26.9606             300.0           1210.8824     3924.9000    -2714.0176
       201.8666                 26.9676             304.6           1068.7819     3967.9200    -2899.1381
       201.9179                 26.9745             304.5           1103.2703     3966.6600    -2863.3897
       201.9692                 26.9814             303.6           1261.6224     3958.5600    -2696.9376
       202.0205                 26.9883             295.0           1048.5855     3877.3800    -2828.7945
       202.0719                 26.9953             300.9           1050.3976     3933.1800    -2882.7824
       202.1233                 27.0022             289.6            955.2996     3825.9000    -2870.6004
       202.1746                 27.0091             300.0           1071.7329     3924.9000    -2853.1671
       202.2259                 27.0161             297.2           1213.9084     3897.9000    -2683.9916
       202.2500                 27.0193             303.3           1045.2973     3955.6800    -2910.3827
       202.3013                 27.0262             291.2           1111.2599     3841.3800    -2730.1201
       202.3526                 27.0332             312.1           1235.4452     4038.8400    -2803.3948
       202.4040                 27.0401             287.2           1032.5169     3803.5800    -2771.0631
       202.4553                 27.0470             320.3           1322.0758     4116.0600    -2793.9842
       202.5067                 27.0540             322.1           1247.7874     4133.5200    -2885.7326
       202.5580                 27.0609             306.9           1199.6911     3989.5200    -2789.8289
       202.6095                 27.0678             297.4           1143.7277     3900.2400    -2756.5123
       202.6608                 27.0747             312.5           1378.6370     4042.0800    -2663.4430
       202.7122                 27.0817             317.2           1211.9184     4086.7200    -2874.8016
       202.7636                 27.0886             287.6            848.0236     3807.9000    -2959.8764
       202.8149                 27.0955             322.4           1027.6918     4135.6800    -3107.9882
       202.8662                 27.1025             308.5           1097.2660     4005.1800    -2907.9140
       202.9176                 27.1094             302.4           1074.2635     3946.6800    -2872.4165
       202.9690                 27.1163             307.4           1064.9485     3994.3800    -2929.4315
       203.0204                 27.1232             317.5           1194.4268     4089.4200    -2894.9932
       203.0718                 27.1302             330.6           1312.1776     4213.6200    -2901.4424
       203.1233                 27.1371             312.2           1054.8675     4039.2000    -2984.3325
       203.1747                 27.1440             291.0           1085.4827     3839.5800    -2754.0973
       203.2261                 27.1509             309.9           1067.9846     4017.7800    -2949.7954
       203.2500                 27.1542             280.9            887.7086     3744.1800    -2856.4714
       203.3013                 27.1611             302.6            973.6348     3949.3800    -2975.7452
       203.3526                 27.1680             311.5           1150.7679     4032.9000    -2882.1321
       203.4040                 27.1750             304.1           1120.7214     3963.4200    -2842.6986
       203.4553                 27.1819             309.5           1114.7761     4014.5400    -2899.7639
       203.5066                 27.1888             300.1           1246.2840     3925.6200    -2679.3360
       203.5578                 27.1957             308.9           1234.6383     4008.4200    -2773.7817
       203.6091                 27.2027             314.4           1246.8202     4060.6200    -2813.7998
       203.6603                 27.2096             312.8           1224.0529     4045.1400    -2821.0871
       203.7117                 27.2165             312.2           1207.1266     4039.5600    -2832.4334
       203.7630                 27.2234             303.0           1172.4482     3952.4400    -2779.9918
       203.8144                 27.2304             286.8            914.5492     3800.3400    -2885.7908
       203.8657                 27.2373             299.9           1128.3005     3923.6400    -2795.3395
       203.9171                 27.2442             298.2           1136.5842     3907.4400    -2770.8558
       203.9684                 27.2512             300.3           1189.9083     3926.8800    -2736.9717
       204.0198                 27.2581             318.9           1430.0154     4102.9200    -2672.9046
       204.0710                 27.2650             308.8           1104.8312     4007.5200    -2902.6888
       204.1223                 27.2719             306.7            973.1613     3987.7200    -3014.5587
       204.1735                 27.2789             306.9           1154.1391     3989.3400    -2835.2009
       204.2248                 27.2858             324.9           1243.1436     4159.0800    -2915.9364
       204.2500                 27.2892             288.7           1018.9383     3817.4400    -2798.5017
       204.3014                 27.2961             294.1           1069.0048     3868.7400    -2799.7352
       204.3526                 27.3030             291.4            915.2856     3843.1800    -2927.8944
       204.4040                 27.3100             291.5            900.6046     3844.4400    -2943.8354
       204.4555                 27.3169             316.0           1167.8545     4075.7400    -2907.8855
       204.5069                 27.3238             291.8            954.2503     3846.9600    -2892.7097
       204.5581                 27.3308             317.5           1154.3539     4089.2400    -2934.8861
       204.6095                 27.3377             315.5           1342.3468     4070.5200    -2728.1732
       204.6609                 27.3446             306.2           1123.2005     3983.0400    -2859.8395
       204.7123                 27.3515             300.0           1169.9440     3924.1800    -2754.2360
       204.7637                 27.3585             293.4            910.7551     3862.2600    -2951.5049
       204.8150                 27.3654             320.3           1242.1993     4115.7000    -2873.5007
       204.8664                 27.3723             306.9           1118.7985     3989.1600    -2870.3615
       204.9178                 27.3792             310.7           1167.4329     4025.1600    -2857.7271
       204.9692                 27.3862             317.1           1172.2140     4086.0000    -2913.7860
       205.0205                 27.3931             325.5           1154.1377     4164.8400    -3010.7023
       205.0718                 27.4000             312.3           1036.5381     4041.0000    -3004.4619
       205.1231                 27.4070             304.5           1003.1469     3967.3800    -2964.2331
       205.1744                 27.4139             316.7           1105.7898     4082.5800    -2976.7902
       205.2256                 27.4208             312.4            914.6758     4041.5400    -3126.8642
       205.2500                 27.4241             312.0           1090.6806     4037.9400    -2947.2594
       205.3013                 27.4310             306.5           1088.9030     3985.9200    -2897.0170
       205.3527                 27.4380             320.9           1320.2052     4121.6400    -2801.4348
       205.4039                 27.4449             306.9           1150.7171     3989.1600    -2838.4429
       205.4552                 27.4518             316.6           1202.0403     4081.3200    -2879.2797
       205.5065                 27.4587             303.3           1310.0552     3955.3200    -2645.2648
       205.5577                 27.4657             288.6           1055.0781     3817.2600    -2762.1819
       205.6092                 27.4726             296.1           1054.3332     3887.6400    -2833.3068
       205.6605                 27.4795             315.9           1402.1886     4075.0200    -2672.8314
       205.7118                 27.4864             302.3           1167.2571     3946.3200    -2779.0629
       205.7632                 27.4934             296.0           1207.5515     3886.3800    -2678.8285
       205.8145                 27.5003             294.1           1156.2835     3869.1000    -2712.8165
       205.8659                 27.5072             295.7           1167.1114     3884.2200    -2717.1086
       205.9173                 27.5142             307.0           1271.5094     3990.4200    -2718.9106
       205.9687                 27.5211             335.0           1491.2515     4255.2000    -2763.9485
       206.0200                 27.5280             313.5           1345.0993     4052.3400    -2707.2407
       206.0713                 27.5349             328.3           1542.5691     4191.6600    -2649.0909
       206.1226                 27.5419             301.5           1113.8546     3938.9400    -2825.0854
       206.1740                 27.5488             300.4           1146.8979     3927.9600    -2781.0621
       206.2256                 27.5557             292.2            977.6029     3850.5600    -2872.9571
       206.2500                 27.5590             331.4           1426.3033     4221.1800    -2794.8767
       206.3013                 27.5659             318.4           1220.1504     4097.8800    -2877.7296
       206.3527                 27.5729             303.9           1187.4259     3960.9000    -2773.4741
       206.4040                 27.5798             310.8           1402.8420     4026.0600    -2623.2180
       206.4556                 27.5867             287.4            973.8719     3805.7400    -2831.8681
       206.5070                 27.5936             303.0           1163.5258     3953.1600    -2789.6342
       206.5584                 27.6006             319.5           1275.6010     4108.5000    -2832.8990
       206.6099                 27.6075             294.9            910.5675     3875.9400    -2965.3725
       206.6612                 27.6144             307.0           1089.4914     3990.7800    -2901.2886
       206.7124                 27.6214             302.9           1130.9191     3951.9000    -2820.9809
       206.7637                 27.6283             310.5           1303.4498     4023.1800    -2719.7302
       206.8151                 27.6352             298.9           1206.5406     3914.4600    -2707.9194
       206.8665                 27.6421             314.6           1359.3984     4061.8800    -2702.4816
       206.9181                 27.6491             330.4           1407.0920     4211.4600    -2804.3680
       206.9693                 27.6560             311.3           1295.9470     4030.9200    -2734.9730
       207.0206                 27.6629             319.2           1337.0967     4106.1600    -2769.0633
       207.0719                 27.6698             304.0           1201.2140     3962.1600    -2760.9460
       207.1231                 27.6768             300.0           1151.7034     3924.9000    -2773.1966
       207.1746                 27.6837             297.9           1039.4827     3904.9200    -2865.4373
       207.2259                 27.6906             306.6           1210.1106     3986.4600    -2776.3494
       207.2500                 27.6939             317.5           1267.6129     4089.9600    -2822.3471
       207.3013                 27.7008             280.0            962.4518     3735.3600    -2772.9082
       207.3526                 27.7077             314.3           1308.6569     4059.7200    -2751.0631
       207.4040                 27.7147             298.5           1079.8755     3910.1400    -2830.2645
       207.4554                 27.7216             297.2           1164.8217     3898.0800    -2733.2583
       207.5067                 27.7285             302.0           1190.9197     3943.2600    -2752.3403
       207.5580                 27.7354             306.8           1215.1614     3988.2600    -2773.0986
       207.6094                 27.7424             307.7           1127.0432     3997.6200    -2870.5768
       207.6608                 27.7493             312.8           1210.6023     4045.6800    -2835.0777
       207.7122                 27.7562             306.5           1125.3096     3986.1000    -2860.7904
       207.7636                 27.7632             309.5            985.9104     4013.8200    -3027.9096
       207.8149                 27.7701             304.5           1182.7007     3966.6600    -2783.9593
       207.8663                 27.7770             337.7           1503.1990     4280.7600    -2777.5610
       207.9177                 27.7839             307.9           1229.6171     3999.2400    -2769.6229
       207.9691                 27.7909             326.7           1167.7557     4176.1800    -3008.4243
       208.0205                 27.7978             320.9           1279.6660     4121.4600    -2841.7940
       208.0718                 27.8047             308.6           1150.1325     4005.7200    -2855.5875
       208.1231                 27.8116             304.8           1093.2886     3970.0800    -2876.7914
       208.1744                 27.8186             312.4           1129.5234     4041.3600    -2911.8366
       208.2258                 27.8255             313.8           1229.5857     4055.0400    -2825.4543
       208.2500                 27.8288             329.4           1358.4891     4202.2800    -2843.7909
       208.3014                 27.8357             304.8           1077.7648     3969.5400    -2891.7752
       208.3528                 27.8426             314.6           1120.2648     4062.0600    -2941.7952
       208.4043                 27.8495             319.1           1201.3711     4104.7200    -2903.3489
       208.4557                 27.8565             315.5           1187.0761     4070.7000    -2883.6239
       208.5070                 27.8634             309.1           1132.0671     4010.7600    -2878.6929
       208.5584                 27.8703             296.8           1127.3916     3894.3000    -2766.9084
       208.6097                 27.8773             303.6           1074.0093     3958.0200    -2884.0107
       208.6610                 27.8842             298.2           1120.9437     3907.4400    -2786.4963
       208.7123                 27.8911             303.9           1180.3378     3961.4400    -2781.1022
       208.7637                 27.8980             305.3           1240.4843     3974.2200    -2733.7357
       208.8149                 27.9050             307.2           1093.3941     3992.7600    -2899.3659
       208.8664                 27.9119             294.5            910.0234     3872.7000    -2962.6766
       208.9177                 27.9188             293.3           1083.8087     3860.8200    -2777.0113
       208.9692                 27.9258             302.6           1297.6394     3949.0200    -2651.3806
       209.0207                 27.9327             314.8           1223.2157     4064.0400    -2840.8243
       209.0722                 27.9396             300.8           1139.7766     3932.1000    -2792.3234
       209.1237                 27.9465             305.7           1245.4957     3978.1800    -2732.6843
       209.1751                 27.9535             301.2           1080.3176     3936.0600    -2855.7424
       209.2264                 27.9604             290.9           1127.7630     3838.1400    -2710.3770
       209.2500                 27.9636             284.1           1058.5224     3774.7800    -2716.2576
       209.3014                 27.9705             328.7           1523.5151     4195.0800    -2671.5649
       209.3529                 27.9774             302.2           1067.8018     3944.8800    -2877.0782
       209.4043                 27.9844             318.0           1238.8390     4094.1000    -2855.2610
       209.4555                 27.9913             301.2           1088.3074     3936.2400    -2847.9326
       209.5068                 27.9982             300.7           1232.9315     3931.2000    -2698.2685
       209.5584                 28.0051             301.1           1156.6758     3934.8000    -2778.1242
       209.6098                 28.0121             296.7           1207.7224     3893.2200    -2685.4976
       209.6612                 28.0190             308.6           1296.0301     4006.0800    -2710.0499
       209.7126                 28.0259             307.0           1270.1571     3990.9600    -2720.8029
       209.7640                 28.0329             305.1           1231.2935     3972.9600    -2741.6665
       209.8153                 28.0398             319.0           1326.3252     4104.0000    -2777.6748
       209.8665                 28.0467             289.8           1021.4233     3827.8800    -2806.4567
       209.9179                 28.0536             299.3           1066.0277     3918.0600    -2852.0323
       209.9692                 28.0606             317.9           1199.4517     4093.7400    -2894.2883
       210.0207                 28.0675             291.2           1092.2219     3841.3800    -2749.1581
       210.0719                 28.0744             304.3           1247.8353     3965.0400    -2717.2047
       210.1232                 28.0814             302.2           1176.0514     3945.6000    -2769.5486
       210.1746                 28.0883             313.9           1207.9985     4055.4000    -2847.4015
       210.2260                 28.0952             293.1           1097.2209     3859.0200    -2761.7991
       210.2500                 28.0984             297.3           1046.2582     3898.8000    -2852.5418
       210.3013                 28.1054             309.4           1212.6107     4013.2800    -2800.6693
       210.3525                 28.1123             314.9           1281.5291     4065.4800    -2783.9509
       210.4038                 28.1192             301.9           1265.6016     3942.7200    -2677.1184
       210.4551                 28.1262             309.9           1232.5575     4017.6000    -2785.0425
       210.5065                 28.1331             302.5           1076.5645     3947.7600    -2871.1955
       210.5578                 28.1400             309.5           1260.2056     4014.1800    -2753.9744
       210.6091                 28.1469             303.9           1185.0476     3961.6200    -2776.5724
       210.6605                 28.1539             296.6           1016.5193     3892.8600    -2876.3407
       210.7118                 28.1608             320.2           1234.1705     4114.8000    -2880.6295
       210.7632                 28.1677             293.3           1079.7357     3861.7200    -2781.9843
       210.8145                 28.1747             295.8           1087.7549     3885.1200    -2797.3651
       210.8658                 28.1816             306.2           1102.1106     3982.6800    -2880.5694
       210.9171                 28.1885             299.5           1022.1029     3919.5000    -2897.3971
       210.9685                 28.1954             304.3           1129.8461     3965.4000    -2835.5539
       211.0198                 28.2024             311.4           1196.8023     4032.5400    -2835.7377
       211.0711                 28.2093             310.7           1123.5790     4025.8800    -2902.3010
       211.1225                 28.2162             305.5           1183.2352     3976.2000    -2792.9648
       211.1741                 28.2231             301.3           1287.8322     3936.4200    -2648.5878
       211.2255                 28.2301             308.2           1204.5160     4001.9400    -2797.4240
       211.2500                 28.2334             310.0           1175.9503     4019.2200    -2843.2697
       211.3014                 28.2403             316.1           1328.1278     4076.4600    -2748.3322
       211.3528                 28.2472             310.6           1225.7455     4024.8000    -2799.0545
       211.4042                 28.2542             304.8           1066.3364     3969.5400    -2903.2036
       211.4558                 28.2611             330.5           1312.4704     4212.0000    -2899.5296
       211.5072                 28.2680             298.5           1260.9867     3910.6800    -2649.6933
       211.5586                 28.2749             306.4           1239.0521     3985.2000    -2746.1479
       211.6101                 28.2819             326.1           1333.7003     4170.9600    -2837.2597
       211.6613                 28.2888             302.5           1149.8555     3948.1200    -2798.2645
       211.7128                 28.2957             307.4           1189.2838     3994.5600    -2805.2762
       211.7641                 28.3026             315.6           1259.9457     4071.9600    -2812.0143
       211.8154                 28.3096             318.5           1293.6863     4099.5000    -2805.8137
       211.8667                 28.3165             290.1            909.2226     3830.5800    -2921.3574
       211.9181                 28.3234             317.6           1173.9738     4090.5000    -2916.5262
       211.9694                 28.3304             317.9           1126.3738     4093.7400    -2967.3662
       212.0208                 28.3373             318.0           1132.4578     4094.2800    -2961.8222
       212.0721                 28.3442             317.0           1119.6067     4084.9200    -2965.3133
       212.1233                 28.3511             303.5           1069.4263     3957.1200    -2887.6937
       212.1746                 28.3581             302.7           1003.4179     3950.1000    -2946.6821
       212.2259                 28.3650             303.4            965.4334     3956.4000    -2990.9666
       212.2500                 28.3683             323.2           1234.0530     4143.2400    -2909.1870
       212.3013                 28.3752             307.2           1130.0700     3992.7600    -2862.6900
       212.3526                 28.3821             297.9           1065.4486     3905.1000    -2839.6514
       212.4038                 28.3891             301.3           1013.3981     3937.1400    -2923.7419
       212.4551                 28.3960             295.3            921.5082     3880.2600    -2958.7518
       212.5065                 28.4029             303.7           1001.0863     3959.6400    -2958.5537
       212.5579                 28.4098             336.6           1403.7397     4270.1400    -2866.4003
       212.6092                 28.4168             317.8           1253.2327     4092.3000    -2839.0673
       212.6605                 28.4237             316.2           1139.3285     4077.5400    -2938.2115
       212.7118                 28.4306             315.8           1296.6925     4073.5800    -2776.8875
       212.7630                 28.4375             308.4           1099.5789     4004.1000    -2904.5211
       212.8144                 28.4445             300.9            869.9540     3933.0000    -3063.0460
       212.8656                 28.4514             291.4            718.5979     3843.3600    -3124.7621
       212.9170                 28.4583             305.9            986.1287     3979.9800    -2993.8513
       212.9683                 28.4653             309.7           1069.7747     4015.9800    -2946.2053
       213.0194                 28.4722             313.6           1260.2970     4052.5200    -2792.2230
       213.0706                 28.4791             295.2           1023.3539     3878.8200    -2855.4661
       213.1218                 28.4860             292.9            948.2733     3857.0400    -2908.7667
       213.1732                 28.4930             302.4           1005.0977     3946.6800    -2941.5823
       213.2246                 28.4999             306.8           1007.1646     3988.9800    -2981.8154
       213.2500                 28.5033             317.7           1039.6434     4091.7600    -3052.1166
       213.3013                 28.5103             300.9           1075.4519     3932.6400    -2857.1881
       213.3526                 28.5172             308.4           1094.1862     4003.9200    -2909.7338
       213.4039                 28.5241             304.3           1025.9921     3964.8600    -2938.8679
       213.4552                 28.5311             312.7           1222.8649     4044.7800    -2821.9151
       213.5064                 28.5380             313.7           1110.2390     4053.9600    -2943.7210
       213.5577                 28.5449             300.5            943.8378     3929.4000    -2985.5622
       213.6091                 28.5518             289.5            923.4139     3825.5400    -2902.1261
       213.6604                 28.5588             303.8           1198.5107     3960.7200    -2762.2093
       213.7118                 28.5657             295.1            832.3999     3878.4600    -3046.0601
       213.7630                 28.5726             318.1           1106.7621     4095.3600    -2988.5979
       213.8142                 28.5795             315.7           1105.4707     4072.5000    -2967.0293
       213.8656                 28.5865             310.0           1085.7233     4019.0400    -2933.3167
       213.9169                 28.5934             314.3           1151.5180     4059.9000    -2908.3820
       213.9681                 28.6003             319.0           1212.6815     4104.1800    -2891.4985
       214.0196                 28.6073             304.3           1040.0774     3965.4000    -2925.3226
       214.0708                 28.6142             298.9            998.3098     3913.9200    -2915.6102
       214.1222                 28.6211             311.7           1240.7380     4035.0600    -2794.3220
       214.1734                 28.6280             299.7            950.1140     3922.0200    -2971.9060
       214.2248                 28.6350             285.5            765.9201     3787.9200    -3021.9999
       214.2500                 28.6384             315.1           1200.9905     4067.4600    -2866.4695
       214.3013                 28.6453             306.8           1049.8267     3988.4400    -2938.6133
       214.3527                 28.6522             297.4            947.1304     3899.8800    -2952.7496
       214.4040                 28.6591             318.5           1133.0367     4098.7800    -2965.7433
       214.4554                 28.6661             291.0            935.8142     3839.5800    -2903.7658
       214.5066                 28.6730             289.2            974.0456     3822.6600    -2848.6144
       214.5580                 28.6799             314.0           1129.9310     4056.6600    -2926.7290
       214.6092                 28.6869             312.3           1141.8570     4041.0000    -2899.1430
       214.6605                 28.6938             292.9           1024.7323     3857.0400    -2832.3077
       214.7119                 28.7007             323.8           1243.4415     4149.5400    -2906.0985
       214.7632                 28.7076             317.6           1245.7221     4090.6800    -2844.9579
       214.8147                 28.7146             291.8            905.8183     3846.7800    -2940.9617
       214.8661                 28.7215             310.0            966.3650     4019.2200    -3052.8550
       214.9176                 28.7284             305.3            831.7977     3974.9400    -3143.1423
       214.9690                 28.7353             308.1           1085.5313     4000.5000    -2914.9687
       215.0203                 28.7423             314.2           1036.3184     4058.4600    -3022.1416
       215.0716                 28.7492             306.4           1073.3760     3984.6600    -2911.2840
       215.1230                 28.7561             310.0           1036.3783     4019.2200    -2982.8417
       215.1742                 28.7631             304.4            967.4632     3966.3000    -2998.8368
       215.2254                 28.7700             301.5            889.6391     3938.4000    -3048.7609
       215.2500                 28.7733             327.5           1092.5511     4183.9200    -3091.3689
       215.3012                 28.7802             299.6           1026.7931     3920.5800    -2893.7869
       215.3525                 28.7872             309.8           1101.7610     4017.0600    -2915.2990
       215.4037                 28.7941             292.7            833.1096     3855.9600    -3022.8504
       215.4551                 28.8010             309.7            947.8840     4016.3400    -3068.4560
       215.5063                 28.8080             301.0            870.0382     3933.7200    -3063.6818
       215.5577                 28.8149             314.4           1037.4552     4060.6200    -3023.1648
       215.6090                 28.8218             316.3           1205.5829     4078.8000    -2873.2171
       215.6603                 28.8287             290.5            775.0526     3834.3600    -3059.3074
       215.7115                 28.8357             308.5            962.2539     4005.0000    -3042.7461
       215.7628                 28.8426             297.3            864.4683     3898.8000    -3034.3317
       215.8141                 28.8495             299.5            880.9520     3919.3200    -3038.3680
       215.8655                 28.8564             289.7            916.3842     3826.8000    -2910.4158
       215.9169                 28.8634             310.1           1005.4841     4019.7600    -3014.2759
       215.9682                 28.8703             299.4           1105.0886     3919.1400    -2814.0514
       216.0195                 28.8772             310.1           1121.4617     4019.4000    -2897.9383
       216.0707                 28.8842             296.3           1005.6000     3889.4400    -2883.8400
       216.1220                 28.8911             318.7           1158.6859     4100.7600    -2942.0741
       216.1733                 28.8980             309.6           1207.4692     4015.4400    -2807.9708
       216.2248                 28.9049             305.9           1029.9185     3979.8000    -2949.8815
       216.2500                 28.9084             301.7            917.8861     3940.5600    -3022.6739
       216.3012                 28.9153             303.5           1067.9686     3957.6600    -2889.6914
       216.3525                 28.9222             307.5            931.6655     3995.1000    -3063.4345
       216.4040                 28.9291             297.5            916.3382     3901.1400    -2984.8018
       216.4553                 28.9361             315.0           1071.6925     4065.6600    -2993.9675
       216.5066                 28.9430             309.0           1128.2692     4009.6800    -2881.4108
       216.5577                 28.9499             317.0           1199.2326     4084.5600    -2885.3274
       216.6092                 28.9568             308.5            990.4282     4005.1800    -3014.7518
       216.6606                 28.9638             314.7           1114.4823     4063.5000    -2949.0177
       216.7118                 28.9707             316.6           1141.8676     4080.7800    -2938.9124
       216.7631                 28.9776             304.2            918.4738     3963.9600    -3045.4862
       216.8145                 28.9846             301.7            863.3070     3940.2000    -3076.8930
       216.8658                 28.9915             302.9            964.3819     3951.5400    -2987.1581
       216.9171                 28.9984             310.4           1026.6899     4022.6400    -2995.9501
       216.9685                 29.0053             295.2            821.2249     3878.8200    -3057.5951
       217.0199                 29.0123             307.5            883.5990     3995.2800    -3111.6810
       217.0710                 29.0192             306.0           1049.5582     3981.4200    -2931.8618
       217.1224                 29.0261             330.7           1249.4621     4214.1600    -2964.6979
       217.1737                 29.0331             313.5           1158.2214     4051.8000    -2893.5786
       217.2251                 29.0400             306.7           1024.9107     3987.7200    -2962.8093
       217.2500                 29.0433             313.1           1155.7040     4048.2000    -2892.4960
       217.3013                 29.0503             305.6           1057.9767     3977.1000    -2919.1233
       217.3526                 29.0572             318.8           1124.1009     4101.4800    -2977.3791
       217.4037                 29.0641             312.4           1165.5735     4041.7200    -2876.1465
       217.4551                 29.0710             296.8           1151.8908     3894.1200    -2742.2292
       217.5065                 29.0780             295.6            880.7855     3882.7800    -3001.9945
       217.5578                 29.0849             314.5           1136.0918     4061.5200    -2925.4282
       217.6091                 29.0918             306.8           1092.4644     3988.9800    -2896.5156
       217.6604                 29.0988             307.5           1033.7559     3995.6400    -2961.8841
       217.7119                 29.1057             286.1            825.5944     3792.9600    -2967.3656
       217.7632                 29.1126             307.3            994.0297     3993.3000    -2999.2703
       217.8145                 29.1195             305.0            950.3214     3971.3400    -3021.0186
       217.8658                 29.1265             304.1            982.4034     3962.8800    -2980.4766
       217.9171                 29.1334             311.4           1024.8472     4032.5400    -3007.6928
       217.9685                 29.1403             316.1           1139.6391     4076.6400    -2937.0009
       218.0197                 29.1472             297.3            913.3904     3899.1600    -2985.7696
       218.0710                 29.1542             289.7            827.2510     3826.9800    -2999.7290
       218.1224                 29.1611             305.5           1082.7711     3976.2000    -2893.4289
       218.1737                 29.1680             315.2           1182.5974     4067.8200    -2885.2226
       218.2250                 29.1750             294.5            860.0542     3872.8800    -3012.8258
       218.2500                 29.1783             296.3            953.3690     3889.8000    -2936.4310
       218.3013                 29.1853             305.1           1131.3067     3972.2400    -2840.9333
       218.3527                 29.1922             314.4           1244.3525     4060.4400    -2816.0875
       218.4040                 29.1991             277.4            870.2295     3710.8800    -2840.6505
       218.4554                 29.2060             304.3           1232.0304     3965.4000    -2733.3696
       218.5067                 29.2130             309.8           1184.3598     4017.2400    -2832.8802
       218.5579                 29.2199             307.3           1198.5915     3993.1200    -2794.5285
       218.6092                 29.2268             309.7           1091.0298     4016.1600    -2925.1302
       218.6606                 29.2338             302.8            998.2289     3951.0000    -2952.7711
       218.7120                 29.2407             304.6           1080.9145     3967.7400    -2886.8255
       218.7634                 29.2476             299.0           1036.7642     3915.3600    -2878.5958
       218.8148                 29.2545             299.2           1074.1286     3917.1600    -2843.0314
       218.8662                 29.2615             317.0           1213.8792     4085.1000    -2871.2208
       218.9175                 29.2684             314.7           1112.6525     4063.3200    -2950.6675
       218.9689                 29.2753             309.9           1111.0659     4017.6000    -2906.5341
       219.0202                 29.2822             308.9            967.8741     4008.7800    -3040.9059
       219.0717                 29.2892             283.7            712.9141     3771.0000    -3058.0859
       219.1230                 29.2961             298.7            888.3130     3912.4800    -3024.1670
       219.1744                 29.3030             314.0           1064.5164     4056.6600    -2992.1436
       219.2257                 29.3100             304.1            984.6836     3963.2400    -2978.5564
       219.2500                 29.3132             300.6            847.2001     3930.3000    -3083.0999
       219.3014                 29.3202             301.1            966.3324     3935.1600    -2968.8276
       219.3527                 29.3271             315.5           1063.3220     4070.5200    -3007.1980
       219.4039                 29.3340             299.7           1090.8430     3921.3000    -2830.4570
       219.4554                 29.3409             315.8           1084.2352     4073.4000    -2989.1648
       219.5067                 29.3479             300.9            896.1666     3933.1800    -3037.0134
       219.5580                 29.3548             304.0            818.3927     3962.7000    -3144.3073
       219.6094                 29.3617             300.4            947.9066     3927.9600    -2980.0534
       219.6608                 29.3686             309.1           1045.7957     4010.5800    -2964.7843
       219.7122                 29.3756             322.2           1096.6094     4134.4200    -3037.8106
       219.7637                 29.3825             286.5            839.7823     3797.1000    -2957.3177
       219.8151                 29.3894             299.2           1108.6094     3917.1600    -2808.5506
       219.8664                 29.3964             298.4           1035.4956     3909.0600    -2873.5644
       219.9176                 29.4033             308.7           1170.8196     4006.8000    -2835.9804
       219.9689                 29.4102             312.7           1049.1089     4044.6000    -2995.4911
       220.0203                 29.4171             305.3           1021.0188     3974.2200    -2953.2012
       220.0716                 29.4241             306.0           1049.8703     3980.8800    -2931.0097
       220.1230                 29.4310             306.0           1182.4700     3980.8800    -2798.4100
       220.1742                 29.4379             328.8           1212.7753     4195.9800    -2983.2047
       220.2258                 29.4449             307.8            918.9474     3997.8000    -3078.8526
       220.2500                 29.4481             302.1            878.2025     3944.5200    -3066.3175
       220.3012                 29.4550             298.3            951.2273     3908.5200    -2957.2927
       220.3524                 29.4620             329.3           1308.8713     4201.0200    -2892.1487
       220.4039                 29.4689             315.5           1013.2652     4070.5200    -3057.2548
       220.4551                 29.4758             322.3           1191.9119     4134.6000    -2942.6881
       220.5064                 29.4828             293.8            939.1537     3866.2200    -2927.0663
       220.5577                 29.4897             295.5            907.7166     3881.7000    -2973.9834
       220.6090                 29.4966             313.8           1177.0625     4054.6800    -2877.6175
       220.6602                 29.5035             306.2           1044.9198     3982.6800    -2937.7602
       220.7116                 29.5105             300.7            902.1893     3931.2000    -3029.0107
       220.7629                 29.5174             314.4           1173.8722     4060.8000    -2886.9278
       220.8141                 29.5243             302.9           1049.2380     3951.5400    -2902.3020
       220.8654                 29.5313             313.7           1105.3581     4053.9600    -2948.6019
       220.9168                 29.5382             308.3           1070.0924     4002.8400    -2932.7476
       220.9681                 29.5451             312.7           1140.3050     4044.4200    -2904.1150
       221.0195                 29.5520             317.8           1129.6415     4092.3000    -2962.6585
       221.0708                 29.5590             294.1           1017.9663     3868.7400    -2850.7737
       221.1221                 29.5659             296.3            890.4734     3889.2600    -2998.7866
       221.1734                 29.5728             310.1           1193.2800     4019.9400    -2826.6600
       221.2248                 29.5797             293.8            814.8019     3866.0400    -3051.2381
       221.2500                 29.5832             314.3           1168.7438     4059.1800    -2890.4362
       221.3012                 29.5901             313.8           1129.6174     4054.5000    -2924.8826
       221.3525                 29.5970             298.8            968.0629     3913.3800    -2945.3171
       221.4038                 29.6039             322.6           1247.0293     4138.2000    -2891.1707
       221.4552                 29.6109             299.4            877.2106     3918.7800    -3041.5694
       221.5065                 29.6178             310.2            972.6852     4020.8400    -3048.1548
       221.5578                 29.6247             306.3            997.5835     3984.3000    -2986.7165
       221.6092                 29.6316             309.5           1057.7060     4014.0000    -2956.2940
       221.6605                 29.6386             290.4            906.0302     3834.0000    -2927.9698
       221.7118                 29.6455             310.2           1032.1571     4020.8400    -2988.6829
       221.7631                 29.6524             296.0            893.2409     3886.5600    -2993.3191
       221.8142                 29.6594             313.0           1044.9234     4046.7600    -3001.8366
       221.8655                 29.6663             314.2           1192.9944     4058.8200    -2865.8256
       221.9167                 29.6732             303.8           1179.3745     3960.1800    -2780.8055
       221.9680                 29.6801             307.4            950.0703     3994.2000    -3044.1297
       222.0191                 29.6871             312.4           1099.1275     4041.9000    -2942.7725
       222.0704                 29.6940             306.9           1056.0658     3990.0600    -2933.9942
       222.1217                 29.7009             292.1           1027.5443     3849.6600    -2822.1157
       222.1730                 29.7079             301.7           1047.1462     3940.3800    -2893.2338
       222.2243                 29.7148             297.6           1005.7300     3901.5000    -2895.7700
       222.2500                 29.7183             310.7           1117.4990     4025.1600    -2907.6610
       222.3013                 29.7252             307.9           1113.1171     3998.8800    -2885.7629
       222.3524                 29.7321             323.2           1174.3394     4143.4200    -2969.0806
       222.4037                 29.7390             286.7            931.2258     3798.9000    -2867.6742
       222.4551                 29.7460             304.7            996.5221     3969.0000    -2972.4779
       222.5063                 29.7529             327.4           1181.3991     4183.0200    -3001.6209
       222.5577                 29.7598             307.1            970.7387     3991.5000    -3020.7613
       222.6090                 29.7668             306.5           1179.3854     3986.2800    -2806.8946
       222.6603                 29.7737             298.8            951.3711     3913.5600    -2962.1889
       222.7116                 29.7806             307.1            995.2348     3991.5000    -2996.2652
       222.7629                 29.7875             306.4           1165.0086     3985.0200    -2820.0114
       222.8142                 29.7945             307.2           1040.0393     3992.4000    -2952.3607
       222.8655                 29.8014             310.0           1024.6892     4019.0400    -2994.3508
       222.9169                 29.8083             304.2            967.1473     3964.5000    -2997.3527
       222.9682                 29.8152             316.8           1173.9329     4083.1200    -2909.1871
       223.0194                 29.8222             303.3           1089.5732     3955.8600    -2866.2868
       223.0708                 29.8291             304.6            969.5814     3968.2800    -2998.6986
       223.1220                 29.8360             308.5            976.1069     4005.0000    -3028.8931
       223.1734                 29.8430             302.8           1033.0246     3950.6400    -2917.6154
       223.2248                 29.8499             309.3           1091.6460     4012.0200    -2920.3740
       223.2500                 29.8533             320.6           1287.6524     4119.1200    -2831.4676
       223.3013                 29.8602             315.6            886.4815     4072.1400    -3185.6585
       223.3527                 29.8671             306.3           1165.9443     3983.7600    -2817.8157
       223.4040                 29.8741             323.0           1143.4938     4141.6200    -2998.1262
       223.4553                 29.8810             312.6           1122.0049     4043.8800    -2921.8751
       223.5066                 29.8879             307.3           1082.7338     3993.1200    -2910.3862
       223.5578                 29.8949             312.1           1209.6607     4038.6600    -2828.9993
       223.6091                 29.9018             296.6            957.4277     3892.8600    -2935.4323
       223.6605                 29.9087             309.4           1125.0285     4013.4600    -2888.4315
       223.7117                 29.9156             317.4           1193.0062     4088.5200    -2895.5138
       223.7631                 29.9226             311.2           1141.8541     4030.2000    -2888.3459
       223.8144                 29.9295             302.3            948.2905     3945.9600    -2997.6695
       223.8658                 29.9364             309.5            952.1813     4014.0000    -3061.8187
       223.9172                 29.9433             301.0            971.8638     3934.0800    -2962.2162
       223.9685                 29.9503             311.6           1049.4439     4033.8000    -2984.3561
       224.0199                 29.9572             293.5            900.8393     3863.5200    -2962.6807
       224.0714                 29.9641             322.5           1194.1584     4136.5800    -2942.4216
       224.1229                 29.9711             313.3           1121.1402     4049.8200    -2928.6798
       224.1741                 29.9780             280.4            864.0663     3739.5000    -2875.4337
       224.2255                 29.9849             321.0           1179.3811     4122.5400    -2943.1589
       224.2500                 29.9882             313.3           1183.5439     4050.0000    -2866.4561
       224.3013                 29.9952             302.8           1086.9908     3950.4600    -2863.4692
       224.3526                 30.0021             305.8            953.1563     3979.4400    -3026.2837
       224.4040                 30.0090             312.0           1005.1956     4037.4000    -3032.2044
       224.4554                 30.0159             318.2           1067.2714     4095.9000    -3028.6286
       224.5068                 30.0229             310.4           1019.5539     4022.2800    -3002.7261
       224.5581                 30.0298             318.5           1194.5210     4098.7800    -2904.2590
       224.6094                 30.0367             296.5            904.7078     3891.6000    -2986.8922
       224.6607                 30.0436             294.8            995.0524     3875.4000    -2880.3476
       224.7121                 30.0506             307.7            979.0602     3996.7200    -3017.6598
       224.7635                 30.0575             320.9           1311.8693     4121.6400    -2809.7707
       224.8149                 30.0644             305.9           1051.4346     3980.1600    -2928.7254
       224.8665                 30.0714             326.7           1356.1137     4176.7200    -2820.6063
       224.9178                 30.0783             319.3           1270.9076     4106.3400    -2835.4324
       224.9693                 30.0852             298.8           1092.2293     3913.2000    -2820.9707
       225.0207                 30.0921             326.0           1247.3590     4170.0600    -2922.7010
       225.0721                 30.0991             302.7           1047.6447     3950.1000    -2902.4553
       225.1236                 30.1060             307.4           1111.6084     3994.5600    -2882.9516
       225.1750                 30.1129             302.9            977.4317     3952.2600    -2974.8283
       225.2265                 30.1199             310.9           1184.0071     4027.1400    -2843.1329
       225.2500                 30.1230             317.4           1077.2639     4088.3400    -3011.0761
       225.3013                 30.1299             300.5            988.7761     3929.4000    -2940.6239
       225.3526                 30.1369             305.8           1018.0397     3979.2600    -2961.2203
       225.4041                 30.1438             315.3           1119.3288     4069.2600    -2949.9312
       225.4556                 30.1507             311.1            946.6755     4029.3000    -3082.6245
       225.5070                 30.1576             301.0            898.6157     3934.2600    -3035.6443
       225.5583                 30.1646             302.6            759.3406     3949.2000    -3189.8594
       225.6097                 30.1715             291.5            666.5595     3844.6200    -3178.0605
       225.6610                 30.1784             308.2            865.4968     4001.5800    -3136.0832
       225.7123                 30.1854             315.0            973.7785     4065.8400    -3092.0615
       225.7637                 30.1923             289.7            756.4261     3827.3400    -3070.9139
       225.8151                 30.1992             295.8            684.9736     3885.3000    -3200.3264
       225.8663                 30.2061             308.9            858.8539     4008.4200    -3149.5661
       225.9176                 30.2131             313.6            875.4969     4053.0600    -3177.5631
       225.9689                 30.2200             316.1            909.3481     4076.1000    -3166.7519
       226.0201                 30.2269             303.1            851.3291     3953.7000    -3102.3709
       226.0714                 30.2339             312.7           1091.5004     4044.4200    -2952.9196
       226.1227                 30.2408             317.5           1052.7164     4089.9600    -3037.2436
       226.1740                 30.2477             297.0            840.1954     3895.7400    -3055.5446
       226.2253                 30.2546             311.9           1108.4586     4037.2200    -2928.7614
       226.2500                 30.2580             299.1            787.1144     3916.4400    -3129.3256
       226.3013                 30.2649             306.4            829.3562     3985.0200    -3155.6638
       226.3525                 30.2718             310.5           1068.7547     4023.1800    -2954.4253
       226.4038                 30.2788             302.0            984.0306     3943.0800    -2959.0494
       226.4551                 30.2857             286.9            763.6532     3800.8800    -3037.2268
       226.5064                 30.2926             323.8           1053.6462     4149.5400    -3095.8938
       226.5577                 30.2995             297.9            801.6223     3905.1000    -3103.4777
       226.6089                 30.3065             304.5            980.9893     3966.6600    -2985.6707
       226.6602                 30.3134             307.4           1008.6229     3994.3800    -2985.7571
       226.7116                 30.3203             304.6            907.9758     3967.9200    -3059.9442
       226.7630                 30.3272             301.3            911.2024     3936.4200    -3025.2176
       226.8143                 30.3342             295.1            862.7349     3878.4600    -3015.7251
       226.8656                 30.3411             311.5           1012.3185     4032.9000    -3020.5815
       226.9169                 30.3480             304.7            936.8682     3969.1800    -3032.3118
       226.9683                 30.3550             299.9           1025.3073     3924.0000    -2898.6927
       227.0195                 30.3619             326.5           1306.5351     4174.5600    -2868.0249
       227.0707                 30.3688             296.0           1012.8970     3886.9200    -2874.0230
       227.1220                 30.3757             324.2           1269.2145     4153.3200    -2884.1055
       227.1734                 30.3827             327.3           1258.5461     4181.7600    -2923.2139
       227.2248                 30.3896             294.3            816.5618     3871.0800    -3054.5182
       227.2500                 30.3930             302.4            986.7806     3947.5800    -2960.7994
       227.3014                 30.3999             319.2           1040.1854     4105.8000    -3065.6146
       227.3528                 30.4069             298.5            809.5101     3909.9600    -3100.4499
       227.4041                 30.4138             318.6           1083.5842     4100.0400    -3016.4558
       227.4555                 30.4207             310.1            902.0731     4019.5800    -3117.5069
       227.5069                 30.4276             302.6            989.6030     3949.2000    -2959.5970
       227.5583                 30.4346             309.3           1011.1679     4012.0200    -3000.8521
       227.6095                 30.4415             307.5            931.2212     3995.1000    -3063.8788
       227.6607                 30.4484             302.5           1015.9793     3947.7600    -2931.7807
       227.7120                 30.4553             305.0           1109.7651     3972.0600    -2862.2949
       227.7633                 30.4623             323.7           1187.3129     4148.1000    -2960.7871
       227.8147                 30.4692             298.6            975.4738     3911.0400    -2935.5662
       227.8661                 30.4761             318.5           1136.7204     4098.7800    -2962.0596
       227.9174                 30.4831             304.7           1125.7108     3969.1800    -2843.4692
       227.9687                 30.4900             309.1           1122.3260     4010.2200    -2887.8940
       228.0199                 30.4969             311.3           1130.6661     4031.2800    -2900.6139
       228.0713                 30.5038             301.4           1028.5557     3937.6800    -2909.1243
       228.1225                 30.5108             311.2           1096.7763     4030.2000    -2933.4237
       228.1737                 30.5177             313.3           1002.9367     4050.0000    -3047.0633
       228.2252                 30.5246             314.0           1059.5336     4056.8400    -2997.3064
       228.2500                 30.5280             304.6           1132.5817     3968.2800    -2835.6983
       228.3014                 30.5349             316.2           1323.3491     4077.7200    -2754.3709
       228.3528                 30.5418             319.2           1265.7413     4105.4400    -2839.6987
       228.4042                 30.5487             318.8           1252.0142     4102.0200    -2850.0058
       228.4556                 30.5557             303.4           1187.8794     3956.2200    -2768.3406
       228.5069                 30.5626             309.3           1099.0354     4012.2000    -2913.1646
       228.5583                 30.5695             312.1           1221.9156     4038.4800    -2816.5644
       228.6096                 30.5765             312.9           1110.6999     4046.4000    -2935.7001
       228.6609                 30.5834             304.2           1163.7236     3964.5000    -2800.7764
       228.7124                 30.5903             315.1           1375.1403     4066.5600    -2691.4197
       228.7638                 30.5972             311.3           1200.3126     4030.7400    -2830.4274
       228.8152                 30.6042             292.1           1000.2458     3850.0200    -2849.7742
       228.8666                 30.6111             291.4            921.0341     3843.0000    -2921.9659
       228.9180                 30.6180             298.1           1155.0321     3906.3600    -2751.3279
       228.9694                 30.6249             309.0           1305.5446     4009.8600    -2704.3154
       229.0207                 30.6319             301.4           1321.7478     3937.8600    -2616.1122
       229.0719                 30.6388             293.0           1048.1204     3858.1200    -2809.9996
       229.1233                 30.6457             312.2           1145.7098     4039.3800    -2893.6702
       229.1747                 30.6527             313.8           1224.4248     4054.5000    -2830.0752
       229.2260                 30.6596             312.5           1237.0923     4042.2600    -2805.1677
       229.2500                 30.6628             300.1           1116.3355     3925.0800    -2808.7445
       229.3013                 30.6698             319.5           1350.1605     4108.8600    -2758.6995
       229.3526                 30.6767             313.7           1345.8165     4054.1400    -2708.3235
       229.4039                 30.6836             297.5           1214.6600     3901.1400    -2686.4800
       229.4552                 30.6905             334.5           1421.9947     4250.1600    -2828.1653
       229.5067                 30.6975             308.3           1148.7858     4002.8400    -2854.0542
       229.5581                 30.7044             313.3           1148.7518     4050.0000    -2901.2482
       229.6094                 30.7113             296.6           1121.2875     3892.6800    -2771.3925
       229.6607                 30.7183             303.2           1113.5134     3954.2400    -2840.7266
       229.7120                 30.7252             316.8           1395.1834     4083.1200    -2687.9366
       229.7633                 30.7321             296.7           1112.1274     3893.5800    -2781.4526
       229.8146                 30.7390             308.8           1237.3352     4007.5200    -2770.1848
       229.8659                 30.7460             297.5           1157.0331     3900.6000    -2743.5669
       229.9173                 30.7529             320.6           1381.0053     4119.1200    -2738.1147
       229.9686                 30.7598             295.6           1020.4330     3883.1400    -2862.7070
       230.0200                 30.7667             295.4            955.8565     3880.6200    -2924.7635
       230.0715                 30.7737             299.6           1122.7188     3920.9400    -2798.2212
       230.1229                 30.7806             317.5           1234.9407     4089.9600    -2855.0193
       230.1742                 30.7875             294.7           1126.4737     3874.1400    -2747.6663
       230.2256                 30.7945             308.0           1179.7641     4000.1400    -2820.3759
       230.2500                 30.7977             293.8           1072.0601     3866.4000    -2794.3399
       230.3015                 30.8047             317.3           1247.5362     4087.8000    -2840.2638
       230.3527                 30.8116             314.0           1209.7579     4056.4800    -2846.7221
       230.4041                 30.8185             307.2           1145.7125     3992.7600    -2847.0475
       230.4555                 30.8255             332.1           1374.2595     4227.6600    -2853.4005
       230.5069                 30.8324             302.5            987.7705     3948.1200    -2960.3495
       230.5582                 30.8393             318.2           1218.1552     4096.6200    -2878.4648
       230.6094                 30.8462             300.4           1171.8596     3928.1400    -2756.2804
       230.6607                 30.8532             304.8           1158.4731     3969.9000    -2811.4269
       230.7121                 30.8601             307.1           1118.9398     3991.8600    -2872.9202
       230.7636                 30.8670             303.4           1236.3944     3956.7600    -2720.3656
       230.8148                 30.8740             310.0           1186.4566     4018.6800    -2832.2234
       230.8660                 30.8809             321.0           1199.8266     4122.7200    -2922.8934
       230.9174                 30.8878             316.6           1332.9477     4080.7800    -2747.8323
       230.9687                 30.8947             310.6           1175.1283     4024.2600    -2849.1317
       231.0201                 30.9017             301.5           1146.0964     3938.2200    -2792.1236
       231.0714                 30.9086             303.6           1153.0882     3958.2000    -2805.1118
       231.1225                 30.9155             287.0           1063.3329     3802.1400    -2738.8071
       231.1739                 30.9224             312.6           1271.0346     4043.5200    -2772.4854
       231.2251                 30.9294             317.2           1307.3908     4087.0800    -2779.6892
       231.2500                 30.9327             312.6           1328.3306     4043.5200    -2715.1894
       231.3014                 30.9396             324.8           1421.2325     4158.1800    -2736.9475
       231.3527                 30.9466             317.7           1374.2688     4091.2200    -2716.9512
       231.4040                 30.9535             315.3           1181.2915     4068.9000    -2887.6085
       231.4554                 30.9604             298.2           1208.3772     3907.2600    -2698.8828
       231.5068                 30.9674             308.1           1320.0151     4000.6800    -2680.6649
       231.5581                 30.9743             301.0           1246.5535     3933.5400    -2686.9865
       231.6093                 30.9812             315.0           1275.8702     4066.0200    -2790.1498
       231.6607                 30.9881             312.1           1205.4699     4039.0200    -2833.5501
       231.7120                 30.9951             324.2           1314.1016     4152.9600    -2838.8584
       231.7633                 31.0020             298.3           1105.7598     3908.3400    -2802.5802
       231.8147                 31.0089             305.0           1113.1487     3971.5200    -2858.3713
       231.8659                 31.0159             310.7           1159.0866     4025.5200    -2866.4334
       231.9173                 31.0228             298.1            982.4199     3906.7200    -2924.3001
       231.9687                 31.0297             303.2            960.7908     3955.1400    -2994.3492
       232.0201                 31.0366             291.8           1048.3401     3847.1400    -2798.7999
       232.0715                 31.0436             292.5            957.9510     3853.9800    -2896.0290
       232.1227                 31.0505             324.5           1451.6985     4155.4800    -2703.7815
       232.1740                 31.0574             300.0           1037.4777     3924.7200    -2887.2423
       232.2253                 31.0643             295.0           1122.3317     3877.7400    -2755.4083
       232.2500                 31.0677             297.0           1069.3656     3896.2800    -2826.9144
       232.3015                 31.0746             300.8           1163.5805     3931.9200    -2768.3395
       232.3529                 31.0815             288.8            980.6653     3818.8800    -2838.2147
       232.4043                 31.0885             306.7           1041.6756     3987.7200    -2946.0444
       232.4557                 31.0954             297.5           1081.5837     3900.7800    -2819.1963
       232.5069                 31.1023             298.7           1140.5220     3912.3000    -2771.7780
       232.5583                 31.1093             299.6           1010.1491     3921.1200    -2910.9709
       232.6098                 31.1162             312.7           1077.7761     4044.6000    -2966.8239
       232.6611                 31.1231             306.4           1158.6205     3984.4800    -2825.8595
       232.7124                 31.1300             313.9           1178.6772     4055.2200    -2876.5428
       232.7638                 31.1370             324.2           1314.4165     4152.6000    -2838.1835
       232.8151                 31.1439             307.5           1206.7799     3995.2800    -2788.5001
       232.8664                 31.1508             299.6           1111.1951     3921.1200    -2809.9249
       232.9178                 31.1577             320.4           1300.3578     4117.1400    -2816.7822
       232.9693                 31.1647             317.8           1302.9980     4092.3000    -2789.3020
       233.0206                 31.1716             314.8           1290.8091     4064.5800    -2773.7709
       233.0720                 31.1785             300.9           1219.4232     3932.8200    -2713.3968
       233.1233                 31.1855             330.8           1477.5637     4215.2400    -2737.6763
       233.1748                 31.1924             302.5           1241.4247     3948.4800    -2707.0553
       233.2260                 31.1993             314.6           1193.1608     4062.0600    -2868.8992
       233.2500                 31.2025             304.3           1091.3159     3964.6800    -2873.3641
       233.3014                 31.2095             296.1           1033.9334     3887.4600    -2853.5266
       233.3527                 31.2164             306.6           1186.4492     3986.4600    -2800.0108
       233.4041                 31.2233             314.9           1162.6672     4065.3000    -2902.6328
       233.4553                 31.2302             302.4           1144.2982     3947.4000    -2803.1018
       233.5065                 31.2372             293.0            994.7268     3858.1200    -2863.3932
       233.5578                 31.2441             318.6           1312.1231     4100.0400    -2787.9169
       233.6092                 31.2510             302.1           1131.1089     3943.9800    -2812.8711
       233.6607                 31.2580             304.2            979.8739     3963.9600    -2984.0861
       233.7120                 31.2649             291.2           1145.5780     3841.2000    -2695.6220
       233.7633                 31.2718             314.4           1350.4625     4060.2600    -2709.7975
       233.8146                 31.2787             297.0           1085.2719     3895.7400    -2810.4681
       233.8659                 31.2857             301.4           1246.3483     3937.3200    -2690.9717
       233.9172                 31.2926             302.9           1007.6241     3952.2600    -2944.6359
       233.9685                 31.2995             310.4           1378.9612     4022.6400    -2643.6788
       234.0199                 31.3064             309.3           1265.8637     4012.7400    -2746.8763
       234.0711                 31.3134             312.3           1300.9451     4040.8200    -2739.8749
       234.1224                 31.3203             308.5           1255.2608     4004.6400    -2749.3792
       234.1736                 31.3272             320.7           1258.8883     4120.2000    -2861.3117
       234.2250                 31.3342             325.6           1320.4707     4165.7400    -2845.2693
       234.2500                 31.3375             309.4           1226.7902     4013.4600    -2786.6698
       234.3013                 31.3444             305.2           1063.3558     3973.8600    -2910.5042
       234.3527                 31.3514             305.4           1206.4271     3975.1200    -2768.6929
       234.4040                 31.3583             323.7           1358.2525     4148.4600    -2790.2075
       234.4553                 31.3652             312.3           1211.9441     4040.6400    -2828.6959
       234.5066                 31.3722             306.6           1155.3623     3987.0000    -2831.6377
       234.5579                 31.3791             309.7           1204.9794     4015.6200    -2810.6406
       234.6092                 31.3860             321.7           1328.8362     4129.7400    -2800.9038
       234.6606                 31.3929             305.9           1205.5927     3980.1600    -2774.5673
       234.7119                 31.3999             313.3           1160.1078     4049.6400    -2889.5322
       234.7632                 31.4068             311.0           1134.7482     4028.4000    -2893.6518
       234.8146                 31.4137             315.7           1193.1815     4072.8600    -2879.6785
       234.8661                 31.4207             308.8           1081.6627     4007.5200    -2925.8573
       234.9175                 31.4276             303.6           1027.6745     3958.2000    -2930.5255
       234.9691                 31.4345             297.0            954.1735     3896.1000    -2941.9265
       235.0205                 31.4414             307.3            956.5644     3993.8400    -3037.2756
       235.0719                 31.4484             298.9           1074.9176     3914.4600    -2839.5424
       235.1233                 31.4553             297.8            898.4832     3903.6600    -3005.1768
       235.1747                 31.4622             316.0            976.0489     4075.9200    -3099.8711
       235.2261                 31.4691             309.4           1046.6142     4013.1000    -2966.4858
       235.2500                 31.4724             307.7           1061.6516     3997.4400    -2935.7884
       235.3014                 31.4793             299.9            896.4145     3923.4600    -3027.0455
       235.3528                 31.4862             299.3            874.7032     3917.8800    -3043.1768
       235.4043                 31.4931             329.5           1389.2868     4202.6400    -2813.3532
       235.4557                 31.5001             307.0           1084.4185     3990.7800    -2906.3615
       235.5070                 31.5070             305.2            985.1359     3973.3200    -2988.1841
       235.5584                 31.5139             316.6           1156.2213     4081.3200    -2925.0987
       235.6098                 31.5209             323.9           1245.7334     4150.2600    -2904.5266
       235.6611                 31.5278             307.1           1011.2233     3991.8600    -2980.6367
       235.7125                 31.5347             309.1           1152.0835     4010.0400    -2857.9565
       235.7639                 31.5416             312.5           1047.6308     4042.0800    -2994.4492
       235.8152                 31.5486             319.2           1254.2991     4105.9800    -2851.6809
       235.8666                 31.5555             300.7           1108.0665     3931.5600    -2823.4935
       235.9179                 31.5624             321.6           1205.8599     4128.4800    -2922.6201
       235.9692                 31.5694             302.2           1109.6490     3944.8800    -2835.2310
       236.0206                 31.5763             320.6           1295.6984     4118.7600    -2823.0616
       236.0719                 31.5832             309.3           1200.5647     4012.2000    -2811.6353
       236.1233                 31.5901             314.6           1224.1289     4062.0600    -2837.9311
       236.1746                 31.5971             303.7           1126.1218     3959.1000    -2832.9782
       236.2259                 31.6040             297.7           1130.4871     3902.4000    -2771.9129
       236.2500                 31.6072             313.6           1109.7018     4053.0600    -2943.3582
       236.3014                 31.6142             325.7           1191.2635     4167.1800    -2975.9165
       236.3527                 31.6211             292.2           1076.9671     3850.9200    -2773.9529
       236.4040                 31.6280             319.6           1227.7324     4109.4000    -2881.6676
       236.4553                 31.6349             307.1           1069.4779     3991.1400    -2921.6621
       236.5067                 31.6419             307.0            954.6607     3990.6000    -3035.9393
       236.5581                 31.6488             309.2           1042.4734     4011.3000    -2968.8266
       236.6095                 31.6557             316.8           1178.9616     4083.1200    -2904.1584
       236.6609                 31.6627             286.4            983.5596     3796.2000    -2812.6404
       236.7123                 31.6696             312.2           1107.2663     4039.9200    -2932.6537
       236.7638                 31.6765             299.5           1064.6090     3920.0400    -2855.4310
       236.8152                 31.6834             306.3           1041.9280     3984.3000    -2942.3720
       236.8665                 31.6904             284.1            777.8767     3774.6000    -2996.7233
       236.9179                 31.6973             312.3           1195.8375     4040.8200    -2844.9825
       236.9692                 31.7042             300.9           1043.2450     3933.1800    -2889.9350
       237.0207                 31.7111             289.4            916.6124     3824.1000    -2907.4876
       237.0722                 31.7181             304.4           1042.7541     3966.1200    -2923.3659
       237.1237                 31.7250             311.6            875.7372     4033.8000    -3158.0628
       237.1751                 31.7319             309.0           1153.0408     4009.3200    -2856.2792
       237.2265                 31.7389             309.0           1272.8604     4009.5000    -2736.6396
       237.2500                 31.7420             312.2           1307.3384     4039.7400    -2732.4016
       237.3014                 31.7490             295.4            980.1123     3880.6200    -2900.5077
       237.3528                 31.7559             314.9           1195.9505     4065.1200    -2869.1695
       237.4042                 31.7628             306.2           1170.4765     3982.8600    -2812.3835
       237.4557                 31.7697             310.9           1212.2459     4027.5000    -2815.2541
       237.5069                 31.7767             313.0           1030.9343     4046.9400    -3016.0057
       237.5583                 31.7836             313.3           1083.5245     4050.3600    -2966.8355
       237.6096                 31.7905             296.1            970.6497     3887.6400    -2916.9903
       237.6611                 31.7975             304.4           1031.0450     3965.7600    -2934.7150
       237.7125                 31.8044             316.2           1396.1015     4077.1800    -2681.0785
       237.7639                 31.8113             316.9           1409.1194     4083.8400    -2674.7206
       237.8153                 31.8182             306.2           1220.0765     3982.8600    -2762.7835
       237.8668                 31.8252             293.2           1019.2294     3859.9200    -2840.6906
       237.9181                 31.8321             295.2           1098.0700     3879.5400    -2781.4700
       237.9695                 31.8390             306.7           1376.6069     3988.0800    -2611.4731
       238.0208                 31.8459             299.5           1162.2854     3919.3200    -2757.0346
       238.0722                 31.8529             304.8           1095.1361     3969.5400    -2874.4039
       238.1236                 31.8598             303.5           1232.8618     3957.4800    -2724.6182
       238.1750                 31.8667             304.2           1265.3012     3964.5000    -2699.1988
       238.2264                 31.8737             319.0           1163.2016     4104.0000    -2940.7984
       238.2500                 31.8769             296.7           1141.5525     3893.7600    -2752.2075
       238.3014                 31.8838             304.6           1254.0448     3967.5600    -2713.5152
       238.3528                 31.8907             325.2           1427.7450     4162.6800    -2734.9350
       238.4040                 31.8976             305.8           1144.4316     3979.6200    -2835.1884
       238.4554                 31.9046             298.2           1086.8248     3907.2600    -2820.4352
       238.5067                 31.9115             307.1           1213.9008     3991.8600    -2777.9592
       238.5580                 31.9184             327.4           1393.0284     4183.2000    -2790.1716
       238.6093                 31.9253             288.3           1105.5963     3814.2000    -2708.6037
       238.6607                 31.9323             305.5           1064.9868     3976.5600    -2911.5732
       238.7120                 31.9392             312.1           1214.0893     4038.6600    -2824.5707
       238.7634                 31.9461             317.1           1172.3315     4085.8200    -2913.4885
       238.8148                 31.9531             303.6           1146.0232     3958.0200    -2811.9968
       238.8661                 31.9600             316.5           1235.4706     4080.0600    -2844.5894
       238.9175                 31.9669             313.0            926.1380     4046.7600    -3120.6220
       238.9689                 31.9738             293.3            925.0618     3861.7200    -2936.6582
       239.0204                 31.9808             304.6            998.4721     3968.2800    -2969.8079
       239.0718                 31.9877             285.0            967.6951     3783.0600    -2815.3649
       239.1232                 31.9946             290.5            931.5790     3835.2600    -2903.6810
       239.1746                 32.0015             301.7            868.3863     3940.3800    -3071.9937
       239.2259                 32.0085             301.6            976.1244     3939.8400    -2963.7156
       239.2500                 32.0117             297.9            828.7703     3904.3800    -3075.6097
       239.3013                 32.0187             300.7           1012.4931     3930.6600    -2918.1669
       239.3527                 32.0256             307.8           1096.0983     3998.1600    -2902.0617
       239.4041                 32.0325             303.0            920.6556     3952.6200    -3031.9644
       239.4555                 32.0394             297.6            993.9382     3902.2200    -2908.2818
       239.5069                 32.0464             329.4           1291.1291     4201.5600    -2910.4309
       239.5582                 32.0533             305.5           1000.5218     3976.3800    -2975.8582
       239.6096                 32.0602             303.6            907.2409     3958.0200    -3050.7791
       239.6610                 32.0672             303.9           1046.4494     3961.6200    -2915.1706
       239.7124                 32.0741             330.5           1307.0214     4212.7200    -2905.6986
       239.7637                 32.0810             315.4           1142.2580     4069.4400    -2927.1820
       239.8150                 32.0879             292.1            874.4819     3850.2000    -2975.7181
       239.8663                 32.0949             316.5           1186.0356     4080.0600    -2894.0244
       239.9176                 32.1018             298.1            957.8217     3906.3600    -2948.5383
       239.9690                 32.1087             303.0           1090.6328     3952.4400    -2861.8072
       240.0203                 32.1156             313.5           1147.6006     4052.3400    -2904.7394
       240.0717                 32.1226             316.4           1236.1112     4079.5200    -2843.4088
       240.1232                 32.1295             309.9           1155.6073     4017.7800    -2862.1727
       240.1746                 32.1364             296.1            936.8217     3887.4600    -2950.6383
       240.2261                 32.1434             316.5           1203.7994     4080.6000    -2876.8006
       240.2500                 32.1466             317.2           1288.4032     4086.9000    -2798.4968
       240.3015                 32.1535             291.4            920.2992     3843.0000    -2922.7008
       240.3526                 32.1604             294.0            953.3530     3868.0200    -2914.6670
       240.4040                 32.1674             324.8           1093.6244     4158.5400    -3064.9156
       240.4553                 32.1743             321.1           1205.5992     4123.8000    -2918.2008
       240.5064                 32.1812             313.6           1076.5864     4052.5200    -2975.9336
       240.5577                 32.1881             316.1           1173.7976     4076.8200    -2903.0224
       240.6091                 32.1951             308.2           1038.0824     4001.7600    -2963.6776
       240.6604                 32.2020             313.1           1176.4517     4048.0200    -2871.5683
       240.7118                 32.2089             299.4            934.8207     3918.7800    -2983.9593
       240.7631                 32.2159             313.5           1109.4824     4052.1600    -2942.6776
       240.8144                 32.2228             296.8           1050.6683     3894.4800    -2843.8117
       240.8659                 32.2297             302.0           1152.1540     3943.8000    -2791.6460
       240.9172                 32.2366             295.8           1055.7005     3884.5800    -2828.8795
       240.9687                 32.2436             284.8            789.2710     3780.7200    -2991.4490
       241.0200                 32.2505             305.7           1029.4171     3978.3600    -2948.9429
       241.0713                 32.2574             308.5           1093.0439     4004.2800    -2911.2361
       241.1225                 32.2644             310.5           1130.6928     4023.1800    -2892.4872
       241.1738                 32.2713             313.6           1095.1528     4052.7000    -2957.5472
       241.2250                 32.2782             302.3           1031.7517     3945.7800    -2914.0283
       241.2500                 32.2816             305.8           1014.7765     3979.6200    -2964.8435
       241.3014                 32.2885             321.2           1163.9956     4124.5200    -2960.5244
       241.3526                 32.2954             310.4           1074.2903     4022.6400    -2948.3497
       241.4040                 32.3024             319.2            917.1425     4105.9800    -3188.8375
       241.4553                 32.3093             281.7            602.3883     3751.3800    -3148.9917
       241.5066                 32.3162             317.2           1162.2117     4087.2600    -2925.0483
       241.5580                 32.3232             298.2            932.4862     3907.2600    -2974.7738
       241.6093                 32.3301             315.2           1057.7947     4067.6400    -3009.8453
       241.6606                 32.3370             286.1            959.3629     3793.6800    -2834.3171
       241.7119                 32.3439             295.9            992.3369     3885.4800    -2893.1431
       241.7632                 32.3509             308.1            974.1481     4000.6800    -3026.5319
       241.8145                 32.3578             305.1           1093.9307     3972.9600    -2879.0293
       241.8658                 32.3647             289.8            841.1745     3827.8800    -2986.7055
       241.9172                 32.3717             298.9           1050.3175     3914.1000    -2863.7825
       241.9686                 32.3786             298.9            926.9028     3914.4600    -2987.5572
       242.0200                 32.3855             298.0            951.2236     3905.4600    -2954.2364
       242.0712                 32.3924             311.4           1006.5305     4032.5400    -3026.0095
       242.1225                 32.3994             301.6            930.1303     3939.8400    -3009.7097
       242.1738                 32.4063             290.8           1055.3119     3837.2400    -2781.9281
       242.2250                 32.4132             315.7           1266.5191     4072.6800    -2806.1609
       242.2500                 32.4166             298.2           1074.2382     3907.6200    -2833.3818
       242.3013                 32.4235             310.7           1109.1165     4025.3400    -2916.2235
       242.3527                 32.4304             300.9            983.4169     3933.0000    -2949.5831
       242.4041                 32.4374             320.4           1046.1660     4117.1400    -3070.9740
       242.4554                 32.4443             306.9            973.0516     3989.1600    -3016.1084
       242.5067                 32.4512             312.3           1101.7700     4040.4600    -2938.6900
       242.5581                 32.4582             294.9            870.8903     3876.4800    -3005.5897
       242.6093                 32.4651             315.5           1085.3620     4070.5200    -2985.1580
       242.6607                 32.4720             308.0            991.4213     3999.9600    -3008.5387
       242.7120                 32.4789             301.8            924.2718     3941.8200    -3017.5482
       242.7633                 32.4859             307.5           1007.3207     3994.9200    -2987.5993
       242.8146                 32.4928             315.1           1173.1198     4067.2800    -2894.1602
       242.8658                 32.4997             303.9           1101.4601     3961.2600    -2859.7999
       242.9170                 32.5067             302.0            925.0688     3942.9000    -3017.8312
       242.9683                 32.5136             295.4            978.4953     3881.5200    -2903.0247
       243.0196                 32.5205             295.4            918.0923     3880.6200    -2962.5277
       243.0709                 32.5274             312.9           1071.0077     4046.2200    -2975.2123
       243.1223                 32.5344             307.8           1069.2473     3998.3400    -2929.0927
       243.1736                 32.5413             300.5            975.3775     3929.5800    -2954.2025
       243.2248                 32.5482             317.7            971.1743     4091.4000    -3120.2257
       243.2500                 32.5516             310.7           1112.9963     4025.1600    -2912.1637
       243.3015                 32.5585             303.9            847.3468     3961.2600    -3113.9132
       243.3528                 32.5655             308.3            801.1909     4003.2000    -3202.0091
       243.4040                 32.5724             312.4            905.5689     4041.3600    -3135.7911
       243.4553                 32.5793             313.2           1147.1714     4049.2800    -2902.1086
       243.5067                 32.5863             309.9            908.5002     4017.9600    -3109.4598
       243.5581                 32.5932             318.7           1214.0050     4100.5800    -2886.5750
       243.6095                 32.6001             309.1           1062.3587     4010.2200    -2947.8613
       243.6608                 32.6070             307.7           1149.6933     3997.2600    -2847.5667
       243.7121                 32.6140             312.0           1119.1634     4037.5800    -2918.4166
       243.7634                 32.6209             299.9            920.9691     3923.8200    -3002.8509
       243.8146                 32.6278             319.0           1082.5810     4103.6400    -3021.0590
       243.8659                 32.6347             302.9           1031.3244     3952.2600    -2920.9356
       243.9173                 32.6417             321.1           1048.7854     4123.8000    -3075.0146
       243.9685                 32.6486             301.2            891.7844     3936.2400    -3044.4556
       244.0198                 32.6555             306.4            997.8813     3984.4800    -2986.5987
       244.0712                 32.6625             314.4           1042.2405     4060.0800    -3017.8395
       244.1226                 32.6694             321.2           1214.0996     4124.8800    -2910.7804
       244.1739                 32.6763             308.7           1005.9212     4006.4400    -3000.5188
       244.2252                 32.6832             294.0            897.8963     3867.8400    -2969.9437
       244.2500                 32.6866             312.5           1068.7838     4042.2600    -2973.4762
       244.3013                 32.6935             295.0            955.6949     3877.2000    -2921.5051
       244.3526                 32.7005             305.5           1042.3261     3976.5600    -2934.2339
       244.4039                 32.7074             294.8            956.1066     3875.4000    -2919.2934
       244.4553                 32.7143             304.1           1057.4412     3963.2400    -2905.7988
       244.5066                 32.7212             298.6            993.6103     3911.0400    -2917.4297
       244.5578                 32.7282             299.6           1021.0237     3920.5800    -2899.5563
       244.6091                 32.7351             294.5           1002.5650     3872.3400    -2869.7750
       244.6602                 32.7420             297.9           1014.6033     3904.3800    -2889.7767
       244.7116                 32.7490             314.0           1109.9506     4056.3000    -2946.3494
       244.7630                 32.7559             300.4            911.1329     3928.3200    -3017.1871
       244.8144                 32.7628             321.3           1188.9218     4125.6000    -2936.6782
       244.8657                 32.7697             295.4            867.4290     3881.5200    -3014.0910
       244.9171                 32.7767             321.7           1088.7112     4129.0200    -3040.3088
       244.9684                 32.7836             315.3            897.9871     4068.9000    -3170.9129
       245.0196                 32.7905             299.5            883.2003     3919.5000    -3036.2997
       245.0709                 32.7974             310.4            942.9634     4022.8200    -3079.8566
       245.1222                 32.8044             291.4            681.4426     3843.1800    -3161.7374
       245.1734                 32.8113             309.2            942.1304     4011.4800    -3069.3496
       245.2248                 32.8182             315.5           1082.9865     4070.8800    -2987.8935
       245.2500                 32.8216             279.6            782.0423     3732.3000    -2950.2577
       245.3013                 32.8286             314.3           1027.0653     4059.1800    -3032.1147
       245.3526                 32.8355             302.8            940.8438     3951.1800    -3010.3362
       245.4039                 32.8424             319.8           1107.2964     4111.7400    -3004.4436
       245.4552                 32.8493             309.7           1034.0674     4015.6200    -2981.5526
       245.5064                 32.8563             304.6            999.6191     3968.1000    -2968.4809
       245.5578                 32.8632             310.7           1070.8104     4025.7000    -2954.8896
       245.6089                 32.8701             295.5            990.6917     3882.4200    -2891.7283
       245.6602                 32.8771             324.1           1274.9854     4151.5200    -2876.5346
       245.7115                 32.8840             292.0            975.1303     3848.5800    -2873.4497
       245.7628                 32.8909             315.2            977.0574     4068.1800    -3091.1226
       245.8139                 32.8978             312.8           1208.1967     4045.5000    -2837.3033
       245.8653                 32.9048             310.6           1158.2988     4024.9800    -2866.6812
       245.9166                 32.9117             306.9           1086.5950     3989.8800    -2903.2850
       245.9679                 32.9186             309.6            979.5566     4015.4400    -3035.8834
       246.0193                 32.9256             297.4            942.2350     3900.4200    -2958.1850
       246.0707                 32.9325             294.1            891.8615     3868.3800    -2976.5185
       246.1219                 32.9394             297.3            961.2360     3899.3400    -2938.1040
       246.1731                 32.9463             314.4           1075.5491     4060.4400    -2984.8909
       246.2244                 32.9533             297.5            990.3518     3900.7800    -2910.4282
       246.2500                 32.9567             318.7           1219.4795     4101.3000    -2881.8205
       246.3013                 32.9636             331.8           1336.2865     4224.4200    -2888.1335
       246.3526                 32.9706             319.9           1231.1868     4112.4600    -2881.2732
       246.4038                 32.9775             310.8           1040.8592     4026.4200    -2985.5608
       246.4551                 32.9844             298.1            891.4531     3906.9000    -3015.4469
       246.5063                 32.9914             285.0            898.7596     3783.2400    -2884.4804
       246.5576                 32.9983             317.6           1163.8216     4090.5000    -2926.6784
       246.6088                 33.0052             317.5           1289.1514     4089.4200    -2800.2686
       246.6600                 33.0121             293.9            956.9189     3866.5800    -2909.6611
       246.7114                 33.0191             312.3           1137.4292     4041.0000    -2903.5708
       246.7627                 33.0260             313.6           1248.1689     4053.2400    -2805.0711
       246.8139                 33.0329             317.2           1186.7655     4087.0800    -2900.3145
       246.8651                 33.0398             306.9           1098.3867     3989.1600    -2890.7733
       246.9164                 33.0468             290.6            919.5430     3835.8000    -2916.2570
       246.9676                 33.0537             300.7           1127.6941     3930.6600    -2802.9659
       247.0189                 33.0606             308.4           1018.0215     4003.3800    -2985.3585
       247.0704                 33.0676             335.1           1323.2144     4255.9200    -2932.7056
       247.1216                 33.0745             301.8           1063.3101     3941.1000    -2877.7899
       247.1729                 33.0814             312.8            987.0041     4045.1400    -3058.1359
       247.2242                 33.0883             304.0            953.0418     3962.1600    -3009.1182
       247.2500                 33.0918             297.1           1077.1286     3897.3600    -2820.2314
       247.3014                 33.0987             310.6           1240.5407     4024.2600    -2783.7193
       247.3526                 33.1057             310.4           1153.9894     4022.2800    -2868.2906
       247.4040                 33.1126             319.2           1260.0387     4105.2600    -2845.2213
       247.4553                 33.1195             308.3           1032.5017     4002.4800    -2969.9783
       247.5066                 33.1265             323.4           1173.8156     4145.5800    -2971.7644
       247.5580                 33.1334             312.8           1115.4501     4045.5000    -2930.0499
       247.6093                 33.1403             310.7           1104.5455     4025.1600    -2920.6145
       247.6608                 33.1472             324.6           1199.3047     4156.7400    -2957.4353
       247.7120                 33.1542             300.7            889.9765     3931.0200    -3041.0435
       247.7635                 33.1611             297.7            878.2866     3902.7600    -3024.4734
       247.8149                 33.1680             323.9           1213.7518     4150.0800    -2936.3282
       247.8662                 33.1750             309.7           1158.1697     4015.8000    -2857.6303
       247.9175                 33.1819             316.7           1224.7815     4082.5800    -2857.7985
       247.9688                 33.1888             301.4            923.8721     3938.0400    -3014.1679
       248.0200                 33.1957             313.4           1167.0361     4050.5400    -2883.5039
       248.0714                 33.2027             301.4            921.2960     3938.0400    -3016.7440
       248.1227                 33.2096             306.6           1070.3717     3986.6400    -2916.2683
       248.1740                 33.2165             299.3           1019.2925     3917.8800    -2898.5875
       248.2254                 33.2234             320.6           1106.8112     4118.9400    -3012.1288
       248.2500                 33.2268             320.6           1257.0077     4118.9400    -2861.9323
       248.3013                 33.2337             315.5           1097.2497     4070.8800    -2973.6303
       248.3526                 33.2406             298.4           1011.7208     3909.4200    -2897.6992
       248.4038                 33.2475             309.3           1047.7459     4012.5600    -2964.8141
       248.4552                 33.2545             308.7            997.1091     4006.9800    -3009.8709
       248.5065                 33.2614             307.2           1017.5747     3992.2200    -2974.6453
       248.5578                 33.2683             310.7           1216.0564     4025.7000    -2809.6436
       248.6091                 33.2753             305.3            995.2257     3974.2200    -2978.9943
       248.6603                 33.2822             311.9           1093.7139     4036.6800    -2942.9661
       248.7116                 33.2891             311.0            928.3780     4028.2200    -3099.8420
       248.7630                 33.2960             296.6            790.3281     3892.1400    -3101.8119
       248.8144                 33.3030             311.7           1102.1027     4035.0600    -2932.9573
       248.8658                 33.3099             321.8           1129.1871     4130.2800    -3001.0929
       248.9171                 33.3168             293.0            902.9846     3858.4800    -2955.4954
       248.9684                 33.3238             301.9            798.4125     3942.5400    -3144.1275
       249.0197                 33.3307             324.5           1170.9160     4156.2000    -2985.2840
       249.0711                 33.3376             312.6           1107.0375     4043.1600    -2936.1225
       249.1224                 33.3445             294.6            888.5806     3873.9600    -2985.3794
       249.1736                 33.3515             316.3           1161.5247     4078.6200    -2917.0953
       249.2248                 33.3584             308.0           1004.3028     4000.1400    -2995.8372
       249.2500                 33.3618             313.0           1139.8798     4047.6600    -2907.7802
       249.3014                 33.3687             312.2            842.3146     4040.1000    -3197.7854
       249.3525                 33.3756             311.4            866.9479     4032.3600    -3165.4121
       249.4038                 33.3826             329.8           1017.6405     4205.7000    -3188.0595
       249.4551                 33.3895             300.6            828.6473     3930.3000    -3101.6527
       249.5065                 33.3964             301.9            881.4774     3942.1800    -3060.7026
       249.5578                 33.4033             298.7            874.5557     3911.7600    -3037.2043
       249.6090                 33.4103             289.9            738.7348     3829.5000    -3090.7652
       249.6603                 33.4172             302.3            938.5523     3946.1400    -3007.5877
       249.7117                 33.4241             287.2            765.5540     3803.7600    -3038.2060
       249.7630                 33.4311             299.5            919.0056     3920.2200    -3001.2144
       249.8142                 33.4380             300.9            861.1274     3932.8200    -3071.6926
       249.8655                 33.4449             320.1           1050.0489     4114.2600    -3064.2111
       249.9169                 33.4518             316.7           1074.4170     4082.4000    -3007.9830
       249.9680                 33.4588             305.9            799.4398     3980.1600    -3180.7202
       250.0193                 33.4657             301.7            792.1862     3940.3800    -3148.1938
       250.0707                 33.4726             306.8            927.9788     3988.8000    -3060.8212
       250.1220                 33.4796             287.1            690.9367     3803.0400    -3112.1033
       250.1733                 33.4865             328.6           1176.4226     4194.5400    -3018.1174
       250.2247                 33.4934             304.4            861.1046     3965.7600    -3104.6554
       250.2500                 33.4968             300.3            895.4066     3927.4200    -3032.0134
       250.3013                 33.5037             282.9            560.4509     3763.0800    -3202.6291
       250.3525                 33.5107             311.8            925.9394     4036.1400    -3110.2006
       250.4038                 33.5176             316.9            999.7953     4084.2000    -3084.4047
       250.4550                 33.5245             305.8            996.0425     3979.4400    -2983.3975
       250.5062                 33.5315             311.8            873.9450     4035.6000    -3161.6550
       250.5575                 33.5384             312.6            980.9970     4042.9800    -3061.9830
       250.6087                 33.5453             319.8           1007.0483     4111.2000    -3104.1517
       250.6600                 33.5522             300.8            757.3965     3932.2800    -3174.8835
       250.7113                 33.5592             298.0            809.8719     3906.0000    -3096.1281
       250.7626                 33.5661             303.0            886.0875     3952.9800    -3066.8925
       250.8138                 33.5730             309.5            963.6016     4014.3600    -3050.7584
       250.8651                 33.5800             314.2            858.1177     4058.6400    -3200.5223
       250.9163                 33.5869             310.8            943.2439     4026.2400    -3082.9961
       250.9675                 33.5938             296.1            761.4590     3888.0000    -3126.5410
       251.0188                 33.6007             296.5            832.0148     3891.2400    -3059.2252
       251.0699                 33.6077             324.3           1055.3343     4153.6800    -3098.3457
       251.1211                 33.6146             310.9            940.1125     4026.9600    -3086.8475
       251.1724                 33.6215             317.9            992.6550     4093.0200    -3100.3650
       251.2238                 33.6284             299.2            812.9164     3917.3400    -3104.4236
       251.2500                 33.6320             296.0            908.6753     3886.7400    -2978.0647
       251.3013                 33.6389             302.3            872.6846     3946.1400    -3073.4554
       251.3526                 33.6458             305.1            910.4559     3972.4200    -3061.9641
       251.4039                 33.6528             311.4            978.0769     4032.0000    -3053.9231
       251.4554                 33.6597             307.4            995.6466     3994.2000    -2998.5534
       251.5068                 33.6666             305.4            882.0576     3975.3000    -3093.2424
       251.5580                 33.6735             313.9            893.8845     4056.1200    -3162.2355
       251.6093                 33.6805             318.5            988.5388     4099.3200    -3110.7812
       251.6606                 33.6874             306.0            948.9544     3980.8800    -3031.9256
       251.7119                 33.6943             312.3            975.5439     4040.4600    -3064.9161
       251.7632                 33.7013             297.0            842.2118     3895.7400    -3053.5282
       251.8145                 33.7082             313.5            983.2423     4051.6200    -3068.3777
       251.8657                 33.7151             304.5           1037.3335     3966.6600    -2929.3265
       251.9169                 33.7220             307.3            972.2479     3993.1200    -3020.8721
       251.9682                 33.7290             291.6            782.8469     3845.1600    -3062.3131
       252.0194                 33.7359             303.2            843.5423     3954.6000    -3111.0577
       252.0707                 33.7428             306.5            895.0942     3985.3800    -3090.2858
       252.1221                 33.7497             294.5            843.4432     3872.1600    -3028.7168
       252.1734                 33.7567             298.9            841.2998     3914.1000    -3072.8002
       252.2248                 33.7636             324.0           1030.3691     4150.9800    -3120.6109
       252.2500                 33.7670             308.2           1025.3243     4002.3000    -2976.9757
       252.3014                 33.7739             304.5            898.9210     3967.0200    -3068.0990
       252.3527                 33.7809             309.0           1008.0502     4009.8600    -3001.8098
       252.4040                 33.7878             313.5           1019.7694     4051.4400    -3031.6706
       252.4553                 33.7947             295.8            781.1880     3884.7600    -3103.5720
       252.5066                 33.8016             301.7            859.6969     3940.7400    -3081.0431
       252.5578                 33.8086             299.8            814.6614     3922.9200    -3108.2586
       252.6092                 33.8155             305.4            989.4356     3975.4800    -2986.0444
       252.6604                 33.8224             305.9            787.1603     3980.5200    -3193.3597
       252.7117                 33.8294             309.7            897.3779     4016.3400    -3118.9621
       252.7631                 33.8363             298.0            913.5369     3905.4600    -2991.9231
       252.8143                 33.8432             320.3           1099.8329     4116.2400    -3016.4071
       252.8656                 33.8501             301.3            869.7766     3936.7800    -3067.0034
       252.9171                 33.8571             288.6            699.1568     3816.9000    -3117.7432
       252.9683                 33.8640             312.6            961.0181     4043.8800    -3082.8619
       253.0197                 33.8709             314.5            992.1865     4061.3400    -3069.1535
       253.0709                 33.8779             325.0           1031.2636     4160.1600    -3128.8964
       253.1222                 33.8848             300.1            894.7336     3925.0800    -3030.3464
       253.1735                 33.8917             302.5            908.4978     3948.3000    -3039.8022
       253.2248                 33.8986             297.5            944.3950     3901.1400    -2956.7450
       253.2500                 33.9020             290.3            800.3539     3832.5600    -3032.2061
       253.3013                 33.9090             298.7           1063.6644     3912.3000    -2848.6356
       253.3526                 33.9159             319.4           1095.3273     4107.2400    -3011.9127
       253.4039                 33.9228             319.7           1106.2589     4110.3000    -3004.0411
       253.4552                 33.9297             298.1            798.2912     3906.9000    -3108.6088
       253.5065                 33.9367             298.3            922.7290     3908.3400    -2985.6110
       253.5579                 33.9436             315.4           1011.9417     4069.8000    -3057.8583
       253.6092                 33.9505             321.5           1123.3312     4127.4000    -3004.0688
       253.6606                 33.9575             318.1           1057.9737     4095.5400    -3037.5663
       253.7118                 33.9644             295.2           1020.9330     3879.1800    -2858.2470
       253.7632                 33.9713             310.1           1147.2519     4019.9400    -2872.6881
       253.8146                 33.9782             308.2            953.8864     4001.7600    -3047.8736
       253.8660                 33.9852             309.8            916.8532     4017.0600    -3100.2068
       253.9172                 33.9921             305.3            970.1679     3974.7600    -3004.5921
       253.9685                 33.9990             311.8           1071.6528     4035.6000    -2963.9472
       254.0199                 34.0060             311.1           1008.9272     4029.3000    -3020.3728
       254.0712                 34.0129             301.1            958.0246     3935.1600    -2977.1354
       254.1225                 34.0198             314.3           1052.3928     4059.5400    -3007.1472
       254.1737                 34.0267             290.5            952.4945     3834.9000    -2882.4055
       254.2250                 34.0337             291.8            945.8196     3846.9600    -2901.1404
       254.2500                 34.0370             307.3           1059.7037     3993.4800    -2933.7763
       254.3014                 34.0440             321.6           1168.6514     4128.6600    -2960.0086
       254.3526                 34.0509             305.8           1087.6219     3979.6200    -2891.9981
       254.4040                 34.0578             304.4           1077.9269     3965.5800    -2887.6531
       254.4553                 34.0648             308.2            953.8362     4002.1200    -3048.2838
       254.5066                 34.0717             312.3           1156.5208     4040.6400    -2884.1192
       254.5579                 34.0786             307.2           1060.7289     3992.2200    -2931.4911
       254.6092                 34.0855             330.9           1259.5653     4216.5000    -2956.9347
       254.6606                 34.0925             318.5           1287.4453     4098.7800    -2811.3347
       254.7119                 34.0994             309.0           1141.7555     4009.5000    -2867.7445
       254.7632                 34.1063             328.6           1373.0351     4194.5400    -2821.5049
       254.8146                 34.1132             290.9            938.9992     3838.3200    -2899.3208
       254.8660                 34.1202             307.3            889.1357     3992.9400    -3103.8043
       254.9173                 34.1271             303.0           1010.6377     3952.9800    -2942.3423
       254.9687                 34.1340             311.0           1099.8188     4028.0400    -2928.2212
       255.0199                 34.1410             316.7           1164.2424     4081.6800    -2917.4376
       255.0713                 34.1479             308.1           1056.4015     4001.2200    -2944.8185
       255.1226                 34.1548             319.6           1307.0656     4109.5800    -2802.5144
       255.1738                 34.1617             320.1           1231.7816     4114.6200    -2882.8384
       255.2252                 34.1687             322.4           1215.7778     4135.5000    -2919.7222
       255.2500                 34.1720             314.0           1049.4272     4057.0200    -3007.5928
       255.3014                 34.1790             306.8           1065.4571     3988.8000    -2923.3429
       255.3527                 34.1859             308.2           1045.5439     4002.1200    -2956.5761
       255.4039                 34.1928             305.7           1100.6336     3978.3600    -2877.7264
       255.4551                 34.1997             296.6            920.3930     3892.6800    -2972.2870
       255.5064                 34.2067             300.0           1039.5447     3924.3600    -2884.8153
       255.5577                 34.2136             288.9            886.2574     3820.1400    -2933.8826
       255.6091                 34.2205             313.9           1030.5726     4055.4000    -3024.8274
       255.6605                 34.2275             307.4            931.9158     3994.7400    -3062.8242
       255.7118                 34.2344             314.2           1091.8668     4058.1000    -2966.2332
       255.7631                 34.2413             305.3            954.5903     3974.5800    -3019.9897
       255.8145                 34.2482             290.9            865.0407     3838.1400    -2973.0993
       255.8658                 34.2552             310.9           1054.3282     4026.9600    -2972.6318
       255.9172                 34.2621             291.8            913.6539     3846.7800    -2933.1261
       255.9687                 34.2690             300.5            971.7413     3929.0400    -2957.2987
       256.0200                 34.2759             312.2           1109.5499     4039.2000    -2929.6501
       256.0713                 34.2829             311.3           1084.7203     4031.1000    -2946.3797
       256.1226                 34.2898             307.8            986.5053     3998.1600    -3011.6547
       256.1739                 34.2967             308.9           1003.4606     4008.2400    -3004.7794
       256.2252                 34.3037             295.8           1102.1214     3884.5800    -2782.4586
       256.2500                 34.3070             306.5           1039.5266     3986.2800    -2946.7534
       256.3015                 34.3139             310.3           1035.3421     4022.1000    -2986.7579
       256.3527                 34.3209             303.3           1018.8852     3955.3200    -2936.4348
       256.4041                 34.3278             303.3           1154.2879     3955.6800    -2801.3921
       256.4554                 34.3347             313.8           1225.8544     4055.0400    -2829.1856
       256.5067                 34.3417             310.6           1024.6300     4024.4400    -2999.8100
       256.5580                 34.3486             305.0           1089.8917     3971.3400    -2881.4483
       256.6094                 34.3555             301.2           1006.2929     3935.8800    -2929.5871
       256.6608                 34.3624             303.0           1075.2437     3953.1600    -2877.9163
       256.7121                 34.3694             297.3            836.4329     3898.8000    -3062.3671
       256.7635                 34.3763             312.6           1091.9059     4042.9800    -2951.0741
       256.8148                 34.3832             307.6           1043.1115     3996.5400    -2953.4285
       256.8662                 34.3901             311.0           1027.3679     4027.8600    -3000.4921
       256.9175                 34.3971             290.1            888.4186     3831.3000    -2942.8814
       256.9688                 34.4040             299.9           1012.8167     3923.6400    -2910.8233
       257.0199                 34.4109             306.2            939.5544     3983.4000    -3043.8456
       257.0713                 34.4179             302.7            945.5097     3950.2800    -3004.7703
       257.1225                 34.4248             305.7            986.2472     3978.3600    -2992.1128
       257.1737                 34.4317             302.8           1049.3526     3950.6400    -2901.2874
       257.2250                 34.4386             307.6           1014.8055     3995.8200    -2981.0145
       257.2500                 34.4420             302.5           1084.1913     3947.7600    -2863.5687
       257.3014                 34.4489             297.9            908.2831     3904.3800    -2996.0969
       257.3528                 34.4559             291.2            851.7627     3841.5600    -2989.7973
       257.4042                 34.4628             310.2           1022.0478     4020.6600    -2998.6122
       257.4555                 34.4697             319.8           1121.3912     4111.0200    -2989.6288
       257.5067                 34.4766             297.9            898.0194     3904.9200    -3006.9006
       257.5581                 34.4836             326.5           1288.4212     4174.7400    -2886.3188
       257.6094                 34.4905             303.7           1068.8578     3959.4600    -2890.6022
       257.6607                 34.4974             299.7           1011.6475     3921.3000    -2909.6525
       257.7120                 34.5044             312.1           1096.6875     4038.4800    -2941.7925
       257.7634                 34.5113             323.3           1199.6984     4144.6800    -2944.9816
       257.8145                 34.5182             298.7           1022.1515     3911.7600    -2889.6085
       257.8660                 34.5251             311.8           1104.5311     4035.7800    -2931.2489
       257.9173                 34.5321             299.4           1053.9500     3918.6000    -2864.6500
       257.9686                 34.5390             312.3           1106.2283     4040.4600    -2934.2317
       258.0200                 34.5459             295.3            968.0329     3880.2600    -2912.2271
       258.0713                 34.5529             304.6            920.2014     3967.7400    -3047.5386
       258.1227                 34.5598             310.1           1114.4088     4019.7600    -2905.3512
       258.1740                 34.5667             311.1            999.6566     4029.1200    -3029.4634
       258.2253                 34.5736             306.5           1054.1754     3986.1000    -2931.9246
       258.2500                 34.5770             302.9            942.3908     3952.2600    -3009.8692
       258.3014                 34.5839             306.1           1110.2583     3982.5000    -2872.2417
       258.3526                 34.5908             298.1            858.7527     3906.5400    -3047.7873
       258.4040                 34.5978             302.9           1016.2234     3952.0800    -2935.8566
       258.4554                 34.6047             313.0           1079.2915     4046.9400    -2967.6485
       258.5068                 34.6116             315.1            938.4664     4067.4600    -3128.9936
       258.5579                 34.6185             315.0           1089.9290     4066.3800    -2976.4510
       258.6093                 34.6255             303.8           1059.9157     3960.5400    -2900.6243
       258.6607                 34.6324             293.1            965.4942     3859.3800    -2893.8858
       258.7122                 34.6393             301.7            952.5720     3940.7400    -2988.1680
       258.7635                 34.6463             317.4           1160.0498     4089.0600    -2929.0102
       258.8149                 34.6532             313.6           1233.0187     4052.7000    -2819.6813
       258.8663                 34.6601             295.0            928.5036     3877.7400    -2949.2364
       258.9178                 34.6670             303.0           1069.5174     3953.1600    -2883.6426
       258.9691                 34.6740             301.1           1139.2826     3935.3400    -2796.0574
       259.0204                 34.6809             303.0           1007.8354     3952.6200    -2944.7846
       259.0718                 34.6878             301.7            985.4839     3940.2000    -2954.7161
       259.1230                 34.6948             298.3           1049.5008     3908.3400    -2858.8392
       259.1744                 34.7017             313.7           1139.8796     4054.1400    -2914.2604
       259.2258                 34.7086             319.1           1240.3201     4104.3600    -2864.0399
       259.2500                 34.7119             315.2           1158.4387     4067.8200    -2909.3813
       259.3013                 34.7188             299.0           1015.3667     3915.3600    -2899.9933
       259.3527                 34.7257             289.7            894.3875     3827.5200    -2933.1325
       259.4041                 34.7326             296.3            955.2496     3889.6200    -2934.3704
       259.4555                 34.7396             299.3           1149.8806     3917.5200    -2767.6394
       259.5069                 34.7465             303.0           1118.1307     3952.8000    -2834.6693
       259.5583                 34.7534             307.7           1181.2873     3997.0800    -2815.7927
       259.6096                 34.7604             317.1           1277.9401     4086.3600    -2808.4199
       259.6611                 34.7673             311.7           1272.2488     4034.5200    -2762.2712
       259.7127                 34.7742             310.8           1176.3387     4026.4200    -2850.0813
       259.7642                 34.7811             310.0           1116.9585     4019.0400    -2902.0815
       259.8156                 34.7881             287.7           1009.1351     3808.6200    -2799.4849
       259.8669                 34.7950             318.0           1214.9489     4093.9200    -2878.9711
       259.9183                 34.8019             303.1            894.8819     3953.5200    -3058.6381
       259.9697                 34.8089             320.2           1128.4194     4115.3400    -2986.9206
       260.0210                 34.8158             311.1           1188.9835     4029.6600    -2840.6765
       260.0725                 34.8227             303.6            933.8818     3958.2000    -3024.3182
       260.1237                 34.8296             311.0           1117.8108     4028.2200    -2910.4092
       260.1751                 34.8366             301.6           1118.1968     3940.0200    -2821.8232
       260.2265                 34.8435             309.8           1049.6876     4016.5200    -2966.8324
       260.2500                 34.8467             297.3            960.0710     3899.1600    -2939.0890
       260.3015                 34.8536             307.5           1061.1876     3994.9200    -2933.7324
       260.3528                 34.8605             314.9           1148.4813     4065.4800    -2916.9987
       260.4041                 34.8674             330.1           1306.8692     4208.7600    -2901.8908
       260.4555                 34.8744             295.5            950.1154     3882.4200    -2932.3046
       260.5067                 34.8813             308.7           1161.1314     4006.6200    -2845.4886
       260.5581                 34.8882             305.4           1008.7724     3975.1200    -2966.3476
       260.6095                 34.8952             307.8           1140.2251     3997.8000    -2857.5749
       260.6609                 34.9021             316.5           1073.7694     4080.0600    -3006.2906
       260.7121                 34.9090             307.1           1018.1847     3991.5000    -2973.3153
       260.7633                 34.9159             301.6            933.0324     3939.3000    -3006.2676
       260.8145                 34.9229             318.2           1234.9773     4096.6200    -2861.6427
       260.8659                 34.9298             329.6           1311.8824     4203.7200    -2891.8376
       260.9172                 34.9367             295.5            984.5916     3881.8800    -2897.2884
       260.9686                 34.9436             305.4           1104.9485     3975.1200    -2870.1715
       261.0199                 34.9506             298.0           1022.7954     3906.0000    -2883.2046
       261.0711                 34.9575             320.8           1177.1515     4121.1000    -2943.9485
       261.1224                 34.9644             290.0            880.5137     3829.6800    -2949.1663
       261.1737                 34.9714             280.9            761.0903     3744.0000    -2982.9097
       261.2249                 34.9783             301.1           1065.6619     3934.8000    -2869.1381
       261.2500                 34.9817             303.9           1079.7909     3961.2600    -2881.4691
       261.3014                 34.9886             313.8            979.1148     4054.8600    -3075.7452
       261.3527                 34.9955             311.3           1039.7783     4031.1000    -2991.3217
       261.4040                 35.0025             306.0            946.1464     3981.0600    -3034.9136
       261.4553                 35.0094             297.9            909.8821     3905.1000    -2995.2179
       261.5067                 35.0163             301.6            947.0711     3939.8400    -2992.7689
       261.5579                 35.0233             301.1           1053.9931     3934.8000    -2880.8069
       261.6092                 35.0302             319.2           1087.2217     4106.1600    -3018.9383
       261.6606                 35.0371             309.7           1160.8500     4015.9800    -2855.1300
       261.7120                 35.0440             304.9           1109.4338     3970.9800    -2861.5462
       261.7633                 35.0510             308.4           1028.2805     4003.7400    -2975.4595
       261.8146                 35.0579             298.0            929.5043     3906.0000    -2976.4957
       261.8659                 35.0648             309.2           1042.6296     4010.9400    -2968.3104
       261.9173                 35.0717             309.3           1178.9558     4012.7400    -2833.7842
       261.9686                 35.0787             301.3           1138.2552     3936.9600    -2798.7048
       262.0200                 35.0856             307.1           1095.3747     3991.8600    -2896.4853
       262.0712                 35.0925             302.6           1072.2793     3949.3800    -2877.1007
       262.1226                 35.0995             310.2           1137.1601     4020.6600    -2883.4999
       262.1739                 35.1064             314.0           1047.6711     4056.3000    -3008.6289
       262.2251                 35.1133             308.4           1305.4895     4003.7400    -2698.2505
       262.2500                 35.1167             312.4           1116.4410     4041.1800    -2924.7390
       262.3013                 35.1236             297.2           1075.6773     3897.9000    -2822.2227
       262.3524                 35.1305             290.7           1050.3975     3836.7000    -2786.3025
       262.4037                 35.1375             321.7           1230.7946     4129.5600    -2898.7654
       262.4551                 35.1444             284.2            811.4528     3775.5000    -2964.0472
       262.5063                 35.1513             302.4            968.4838     3946.8600    -2978.3762
       262.5577                 35.1582             308.2            946.5398     4002.1200    -3055.5802
       262.6090                 35.1652             293.7            938.9593     3864.6000    -2925.6407
       262.6603                 35.1721             292.8           1054.2148     3856.3200    -2802.1052
       262.7117                 35.1790             307.7           1116.6233     3997.6200    -2880.9967
       262.7630                 35.1859             313.5           1067.4158     4051.6200    -2984.2042
       262.8143                 35.1929             304.7           1122.1187     3968.8200    -2846.7013
       262.8655                 35.1998             304.4           1089.1028     3965.9400    -2876.8372
       262.9169                 35.2067             317.0           1066.0319     4085.1000    -3019.0681
       262.9682                 35.2137             295.3           1000.4154     3880.0800    -2879.6646
       263.0196                 35.2206             304.2            929.4000     3963.7800    -3034.3800
       263.0708                 35.2275             298.0           1037.0865     3905.6400    -2868.5535
       263.1222                 35.2344             314.5           1244.9673     4061.5200    -2816.5527
       263.1734                 35.2414             306.1           1172.0470     3981.7800    -2809.7330
       263.2247                 35.2483             307.4           1048.9694     3994.3800    -2945.4106
       263.2500                 35.2517             295.6            873.7537     3882.9600    -3009.2063
       263.3013                 35.2586             300.6           1025.7705     3929.9400    -2904.1695
       263.3527                 35.2656             303.2            910.1526     3954.9600    -3044.8074
       263.4040                 35.2725             316.5           1165.7840     4079.8800    -2914.0960
       263.4553                 35.2794             301.0           1026.3181     3933.9000    -2907.5819
       263.5066                 35.2864             313.0           1237.9902     4046.9400    -2808.9498
       263.5579                 35.2933             305.8           1105.6694     3979.2600    -2873.5906
       263.6094                 35.3002             309.1            994.6458     4010.2200    -3015.5742
       263.6606                 35.3071             295.1            918.2462     3877.9200    -2959.6738
       263.7120                 35.3141             316.3            975.0151     4078.6200    -3103.6049
       263.7634                 35.3210             303.8           1157.8158     3960.0000    -2802.1842
       263.8147                 35.3279             318.6           1175.3900     4100.0400    -2924.6500
       263.8659                 35.3348             283.2            870.8570     3766.3200    -2895.4630
       263.9171                 35.3418             323.9           1173.8811     4149.7200    -2975.8389
       263.9683                 35.3487             297.2            914.0070     3898.0800    -2984.0730
       264.0197                 35.3556             299.5           1047.8526     3919.6800    -2871.8274
       264.0709                 35.3626             319.7           1213.0983     4110.1200    -2897.0217
       264.1222                 35.3695             314.0           1085.6883     4057.0200    -2971.3317
       264.1735                 35.3764             319.2           1093.0043     4105.8000    -3012.7957
       264.2247                 35.3833             318.6           1223.2441     4100.4000    -2877.1559
       264.2500                 35.3868             328.4           1304.5516     4192.9200    -2888.3684
       264.3012                 35.3937             314.2           1108.9046     4058.1000    -2949.1954
       264.3525                 35.4006             313.4           1025.7839     4051.2600    -3025.4761
       264.4038                 35.4075             322.2           1050.7213     4133.7000    -3082.9787
       264.4551                 35.4145             332.3           1200.3612     4229.8200    -3029.4588
       264.5065                 35.4214             313.1            985.6566     4047.8400    -3062.1834
       264.5578                 35.4283             307.7           1036.3750     3997.4400    -2961.0650
       264.6092                 35.4353             331.1           1215.4926     4218.3000    -3002.8074
       264.6606                 35.4422             316.4           1096.6722     4078.9800    -2982.3078
       264.7120                 35.4491             314.5           1090.2367     4061.7000    -2971.4633
       264.7634                 35.4560             321.3           1089.8291     4125.6000    -3035.7709
       264.8146                 35.4630             296.6           1006.1182     3892.6800    -2886.5618
       264.8658                 35.4699             313.4           1060.4913     4051.0800    -2990.5887
       264.9171                 35.4768             316.2           1151.0773     4077.3600    -2926.2827
       264.9684                 35.4837             305.7           1117.3207     3978.7200    -2861.3993
       265.0196                 35.4907             308.2           1034.7950     4001.7600    -2966.9650
       265.0709                 35.4976             322.4           1064.2457     4136.2200    -3071.9743
       265.1221                 35.5045             300.0           1023.7218     3924.3600    -2900.6382
       265.1736                 35.5115             286.4            788.3401     3795.6600    -3007.3199
       265.2249                 35.5184             310.9            998.5666     4027.5000    -3028.9334
       265.2500                 35.5218             295.7            865.2575     3883.5000    -3018.2425
       265.3013                 35.5287             313.6            943.9934     4052.5200    -3108.5266
       265.3525                 35.5356             309.2            960.4795     4011.4800    -3051.0005
       265.4038                 35.5426             298.3            822.6751     3908.1600    -3085.4849
       265.4551                 35.5495             313.6           1042.1702     4053.0600    -3010.8898
       265.5064                 35.5564             317.5           1082.5628     4089.2400    -3006.6772
       265.5577                 35.5633             286.0            744.6744     3792.6000    -3047.9256
       265.6090                 35.5703             304.7            981.5448     3968.8200    -2987.2752
       265.6605                 35.5772             318.2           1117.6641     4095.9000    -2978.2359
       265.7120                 35.5841             314.1            934.4406     4057.5600    -3123.1194
       265.7632                 35.5911             302.9            798.0334     3952.2600    -3154.2266
       265.8145                 35.5980             302.8            969.2834     3950.6400    -2981.3566
       265.8659                 35.6049             286.4            580.8935     3796.3800    -3215.4865
       265.9173                 35.6118             308.6            897.7336     4005.5400    -3107.8064
       265.9685                 35.6188             297.5            817.5538     3900.6000    -3083.0462
       266.0198                 35.6257             301.8            899.1169     3941.4600    -3042.3431
       266.0712                 35.6326             306.4            964.0207     3984.6600    -3020.6393
       266.1224                 35.6395             302.3           1139.4699     3946.5000    -2807.0301
       266.1737                 35.6465             311.0           1167.3470     4028.4000    -2861.0530
       266.2250                 35.6534             303.5            941.1907     3957.1200    -3015.9293
       266.2500                 35.6568             296.3            815.5678     3889.2600    -3073.6922
       266.3013                 35.6637             315.5           1037.9844     4070.5200    -3032.5356
       266.3527                 35.6706             310.3            973.7017     4021.9200    -3048.2183
       266.4040                 35.6776             308.2           1241.9569     4001.7600    -2759.8031
       266.4554                 35.6845             307.4            861.0552     3994.7400    -3133.6848
       266.5067                 35.6914             312.9            961.7132     4046.5800    -3084.8668
       266.5580                 35.6984             305.7            854.7040     3978.0000    -3123.2960
       266.6092                 35.7053             306.0            806.4941     3980.8800    -3174.3859
       266.6605                 35.7122             302.2            749.5992     3945.2400    -3195.6408
       266.7120                 35.7191             301.9            669.8751     3942.5400    -3272.6649
       266.7632                 35.7261             297.2            755.3264     3898.4400    -3143.1136
       266.8145                 35.7330             288.6            613.3177     3816.7200    -3203.4023
       266.8658                 35.7399             310.0            847.2828     4018.5000    -3171.2172
       266.9170                 35.7468             308.1            820.1148     4000.5000    -3180.3852
       266.9684                 35.7538             308.9            717.3715     4008.2400    -3290.8685
       267.0197                 35.7607             278.0            524.9462     3716.8200    -3191.8738
       267.0710                 35.7676             307.8            867.8796     3998.5200    -3130.6404
       267.1224                 35.7746             315.5            844.4865     4071.0600    -3226.5735
       267.1736                 35.7815             308.0            829.4307     3999.6000    -3170.1693
       267.2251                 35.7884             312.2            943.6628     4039.5600    -3095.8972
       267.2500                 35.7918             306.4            939.3962     3984.6600    -3045.2638
       267.3012                 35.7987             306.4            706.6866     3984.8400    -3278.1534
       267.3525                 35.8056             313.2            912.3890     4048.7400    -3136.3510
       267.4038                 35.8126             335.2           1093.3770     4256.4600    -3163.0830
       267.4552                 35.8195             324.3            984.3626     4153.5000    -3169.1374
       267.5065                 35.8264             305.7            767.3711     3978.5400    -3211.1689
       267.5578                 35.8333             292.7            703.2452     3855.4200    -3152.1748
       267.6091                 35.8403             345.3           1303.5332     4352.2200    -3048.6868
       267.6605                 35.8472             309.4            843.5863     4013.4600    -3169.8737
       267.7117                 35.8541             307.8           1038.3174     3997.8000    -2959.4826
       267.7630                 35.8611             295.1            792.8944     3878.2800    -3085.3856
       267.8143                 35.8680             295.8            717.0629     3885.3000    -3168.2371
       267.8655                 35.8749             309.7            858.1017     4015.9800    -3157.8783
       267.9168                 35.8818             310.9            751.9898     4026.9600    -3274.9702
       267.9680                 35.8888             308.4            838.2746     4003.9200    -3165.6454
       268.0194                 35.8957             325.1            853.9723     4161.2400    -3307.2677
       268.0707                 35.9026             292.7            738.1878     3855.2400    -3117.0522
       268.1219                 35.9095             336.0           1112.8137     4264.2000    -3151.3863
       268.1733                 35.9165             303.0            637.0508     3952.9800    -3315.9292
       268.2246                 35.9234             303.2            645.9841     3954.7800    -3308.7959
       268.2500                 35.9268             315.1            818.5709     4067.1000    -3248.5291
       268.3013                 35.9337             313.0            855.4512     4047.1200    -3191.6688
       268.3527                 35.9407             301.5            758.5965     3938.4000    -3179.8035
       268.4040                 35.9476             300.2            726.3855     3926.7000    -3200.3145
       268.4552                 35.9545             320.5            940.9120     4117.8600    -3176.9480
       268.5065                 35.9615             308.9            901.9516     4008.9600    -3107.0084
       268.5578                 35.9684             317.6            891.0614     4090.6800    -3199.6186
       268.6091                 35.9753             318.9            845.8686     4103.2800    -3257.4114
       268.6604                 35.9822             307.9            852.8244     3999.2400    -3146.4156
       268.7118                 35.9892             309.2            876.6734     4011.3000    -3134.6266
       268.7630                 35.9961             296.0            695.5724     3887.1000    -3191.5276
       268.8143                 36.0030             303.8            804.5281     3960.5400    -3156.0119
       268.8654                 36.0100             306.8            874.0269     3988.8000    -3114.7731
       268.9166                 36.0169             308.7            935.4833     4006.2600    -3070.7767
       268.9678                 36.0238             297.5            685.9850     3901.3200    -3215.3350
       269.0191                 36.0307             296.0            769.1553     3886.9200    -3117.7647
       269.0704                 36.0377             321.5           1123.0341     4127.0400    -3004.0059
       269.1217                 36.0446             301.0            958.9494     3934.2600    -2975.3106
       269.1731                 36.0515             295.9            697.6031     3885.4800    -3187.8769
       269.2244                 36.0584             307.9            870.0445     3999.4200    -3129.3755
       269.2500                 36.0619             323.6            970.7874     4147.3800    -3176.5926
       269.3013                 36.0688             299.3            792.5647     3918.0600    -3125.4953
       269.3525                 36.0758             303.8            859.0721     3960.0000    -3100.9279
       269.4037                 36.0827             295.2            726.9456     3878.8200    -3151.8744
       269.4550                 36.0896             315.3            981.5099     4068.7200    -3087.2101
       269.5064                 36.0965             310.2            902.1843     4021.0200    -3118.8357
       269.5577                 36.1035             308.6            958.3904     4006.0800    -3047.6896
       269.6088                 36.1104             314.9            911.8965     4064.7600    -3152.8635
       269.6602                 36.1173             313.9            904.5379     4055.7600    -3151.2221
       269.7115                 36.1242             296.8            689.3554     3894.3000    -3204.9446
       269.7628                 36.1312             316.1            938.2808     4076.8200    -3138.5392
       269.8140                 36.1381             323.8            947.2612     4149.0000    -3201.7388
       269.8654                 36.1450             302.3            715.3653     3946.3200    -3230.9547
       269.9167                 36.1520             300.1            613.1422     3925.4400    -3312.2978
       269.9680                 36.1589             302.3            877.4262     3946.1400    -3068.7138
       270.0194                 36.1658             297.2            570.5658     3897.7200    -3327.1542
       270.0706                 36.1727             337.3           1067.9868     4276.2600    -3208.2732
       270.1220                 36.1797             307.7            863.8590     3996.7200    -3132.8610
       270.1733                 36.1866             309.0            825.1271     4009.5000    -3184.3729
       270.2246                 36.1935             306.3            856.0781     3983.9400    -3127.8619
       270.2500                 36.1970             315.1            955.4504     4066.9200    -3111.4696
       270.3013                 36.2039             314.2            930.0031     4058.8200    -3128.8169
       270.3526                 36.2108             303.2            726.6869     3955.1400    -3228.4531
       270.4040                 36.2177             332.0           1076.4988     4226.7600    -3150.2612
       270.4553                 36.2247             299.3            796.8572     3917.8800    -3121.0228
       270.5066                 36.2316             313.2            880.9009     4048.9200    -3168.0191
       270.5578                 36.2385             303.1            768.6940     3953.5200    -3184.8260
       270.6090                 36.2454             309.1            864.7684     4010.0400    -3145.2716
       270.6602                 36.2524             278.9            537.0479     3725.6400    -3188.5921
       270.7115                 36.2593             321.8            941.7695     4129.9200    -3188.1505
       270.7626                 36.2662             297.6            658.0136     3901.8600    -3243.8464
       270.8138                 36.2732             307.1            868.0985     3991.5000    -3123.4015
       270.8651                 36.2801             314.3            920.6461     4059.3600    -3138.7139
       270.9163                 36.2870             316.6            828.2886     4080.7800    -3252.4914
       270.9677                 36.2939             303.5            740.8466     3957.6600    -3216.8134
       271.0189                 36.3009             298.8            807.3049     3913.0200    -3105.7151
       271.0703                 36.3078             300.7            703.8347     3931.2000    -3227.3653
       271.1216                 36.3147             300.8            702.0637     3931.9200    -3229.8563
       271.1730                 36.3217             304.4            849.4366     3966.1200    -3116.6834
       271.2241                 36.3286             316.4            814.2865     4079.3400    -3265.0535
       271.2500                 36.3321             317.4            840.3059     4089.0600    -3248.7541
       271.3013                 36.3390             321.7            900.6809     4129.3800    -3228.6991
       271.3527                 36.3459             328.3           1059.1795     4191.8400    -3132.6605
       271.4039                 36.3529             307.8            895.7811     3997.8000    -3102.0189
       271.4554                 36.3598             295.2            698.4646     3879.3600    -3180.8954
       271.5067                 36.3667             305.2            818.2364     3973.6800    -3155.4436
       271.5580                 36.3736             312.2            962.3348     4039.3800    -3077.0452
       271.6092                 36.3806             301.6            808.3915     3939.4800    -3131.0885
       271.6604                 36.3875             307.2            749.0119     3992.4000    -3243.3881
       271.7117                 36.3944             302.2            721.3385     3944.8800    -3223.5415
       271.7631                 36.4014             308.8            922.9257     4007.3400    -3084.4143
       271.8144                 36.4083             308.2            841.8289     4002.3000    -3160.4711
       271.8656                 36.4152             306.8            866.6920     3988.8000    -3122.1080
       271.9170                 36.4221             312.9           1020.7387     4046.0400    -3025.3013
       271.9683                 36.4291             295.3            947.2769     3880.4400    -2933.1631
       272.0196                 36.4360             291.5            802.8981     3844.0800    -3041.1819
       272.0709                 36.4429             314.1           1050.3909     4057.9200    -3007.5291
       272.1220                 36.4499             310.2            967.9654     4020.4800    -3052.5146
       272.1732                 36.4568             303.3            834.1801     3956.0400    -3121.8599
       272.2246                 36.4637             310.9            979.9957     4027.3200    -3047.3243
       272.2500                 36.4671             310.9            927.8634     4027.3200    -3099.4566
       272.3013                 36.4741             320.5            984.8260     4118.0400    -3133.2140
       272.3525                 36.4810             297.4            811.8796     3899.5200    -3087.6404
       272.4037                 36.4879             302.4            866.4516     3947.0400    -3080.5884
       272.4549                 36.4948             310.7            964.2361     4025.5200    -3061.2839
       272.5062                 36.5018             290.9            716.3458     3838.6800    -3122.3342
       272.5575                 36.5087             318.6            984.6646     4100.0400    -3115.3754
       272.6088                 36.5156             303.7            887.2295     3959.6400    -3072.4105
       272.6601                 36.5226             298.9            890.8453     3914.2800    -3023.4347
       272.7114                 36.5295             303.1            957.1169     3954.0600    -2996.9431
       272.7626                 36.5364             300.4            880.1184     3928.3200    -3048.2016
       272.8139                 36.5433             280.6            705.1111     3741.1200    -3036.0089
       272.8652                 36.5503             310.0            993.0875     4019.2200    -3026.1325
       272.9165                 36.5572             306.7            899.1326     3987.5400    -3088.4074
       272.9677                 36.5641             314.7           1122.6593     4063.5000    -2940.8407
       273.0190                 36.5710             287.9            876.5163     3810.0600    -2933.5437
       273.0703                 36.5780             304.3            961.3270     3965.0400    -3003.7130
       273.1215                 36.5849             312.2           1016.0267     4039.3800    -3023.3533
       273.1729                 36.5918             348.1           1354.5069     4378.3200    -3023.8131
       273.2242                 36.5988             327.4           1170.2594     4183.0200    -3012.7606
       273.2500                 36.6022             305.2            910.1231     3973.1400    -3063.0169
       273.3013                 36.6092             294.7            699.7735     3874.6800    -3174.9065
       273.3525                 36.6161             305.1            832.9441     3972.4200    -3139.4759
       273.4038                 36.6230             309.7            869.8961     4016.1600    -3146.2639
       273.4551                 36.6300             294.1            826.1195     3868.9200    -3042.8005
       273.5064                 36.6369             303.4            890.5819     3956.4000    -3065.8181
       273.5577                 36.6438             292.5            814.6685     3853.6200    -3038.9515
       273.6090                 36.6507             315.1           1054.6786     4066.9200    -3012.2414
       273.6602                 36.6577             305.5            925.6428     3976.5600    -3050.9172
       273.7116                 36.6646             299.8            962.6767     3922.3800    -2959.7033
       273.7630                 36.6715             299.8            898.8669     3922.7400    -3023.8731
       273.8143                 36.6784             305.8            845.4558     3979.0800    -3133.6242
       273.8655                 36.6854             300.7            930.8215     3931.3800    -3000.5585
       273.9168                 36.6923             315.1            989.8266     4066.9200    -3077.0934
       273.9682                 36.6992             312.0            924.5942     4037.7600    -3113.1658
       274.0196                 36.7062             306.1            991.1212     3982.3200    -2991.1988
       274.0709                 36.7131             309.1            961.0404     4010.4000    -3049.3596
       274.1222                 36.7200             303.7            870.3831     3959.4600    -3089.0769
       274.1734                 36.7269             298.8            888.4634     3912.8400    -3024.3766
       274.2247                 36.7339             307.7           1001.3916     3997.6200    -2996.2284
       274.2500                 36.7373             318.9            993.4507     4102.7400    -3109.2893
       274.3013                 36.7442             296.2            692.1472     3888.1800    -3196.0328
       274.3525                 36.7511             299.2            630.3404     3917.1600    -3286.8196
       274.4038                 36.7581             311.8            822.1661     4035.6000    -3213.4339
       274.4551                 36.7650             299.4            702.7207     3918.6000    -3215.8793
       274.5066                 36.7719             303.4            678.1415     3956.4000    -3278.2585
       274.5579                 36.7788             301.9            676.2567     3942.5400    -3266.2833
       274.6091                 36.7858             320.1            901.2084     4114.0800    -3212.8716
       274.6605                 36.7927             314.5            841.6578     4061.3400    -3219.6822
       274.7117                 36.7996             305.6            783.5305     3977.4600    -3193.9295
       274.7631                 36.8066             312.6            892.1232     4043.8800    -3151.7568
       274.8143                 36.8135             326.6            927.1361     4175.6400    -3248.5039
       274.8655                 36.8204             299.1            865.6765     3916.0800    -3050.4035
       274.9167                 36.8273             317.8            895.1889     4092.8400    -3197.6511
       274.9680                 36.8343             306.2            887.1904     3982.8600    -3095.6696
       275.0191                 36.8412             316.2            904.3352     4077.0000    -3172.6648
       275.0704                 36.8481             279.0            635.8026     3726.0000    -3090.1974
       275.1216                 36.8551             318.7           1068.9930     4100.7600    -3031.7670
       275.1729                 36.8620             311.9            912.2373     4036.6800    -3124.4427
       275.2242                 36.8689             294.6            785.7873     3873.0600    -3087.2727
       275.2500                 36.8724             325.2           1076.1134     4162.1400    -3086.0266
       275.3012                 36.8793             320.7            918.3637     4120.2000    -3201.8363
       275.3526                 36.8863             309.3            794.6128     4012.5600    -3217.9472
       275.4038                 36.8932             306.6            782.4511     3986.4600    -3204.0089
       275.4551                 36.9001             306.6            841.3274     3986.4600    -3145.1326
       275.5065                 36.9070             299.6            686.8836     3920.7600    -3233.8764
       275.5577                 36.9140             308.6            829.3407     4005.3600    -3176.0193
       275.6090                 36.9209             313.9            811.4935     4056.1200    -3244.6265
       275.6604                 36.9278             309.9            890.5527     4018.3200    -3127.7673
       275.7115                 36.9347             299.5            758.0238     3919.3200    -3161.2962
       275.7629                 36.9417             308.7            776.3632     4006.9800    -3230.6168
       275.8141                 36.9486             300.9            808.2068     3933.3600    -3125.1532
       275.8654                 36.9555             300.3            689.2391     3927.4200    -3238.1809
       275.9166                 36.9625             315.1            758.0828     4067.4600    -3309.3772
       275.9680                 36.9694             291.6            733.5333     3845.5200    -3111.9867
       276.0193                 36.9763             303.1            746.2030     3953.8800    -3207.6770
       276.0706                 36.9832             318.9            985.8840     4103.2800    -3117.3960
       276.1219                 36.9902             311.0            946.8572     4028.4000    -3081.5428
       276.1732                 36.9971             302.4            731.4993     3946.6800    -3215.1807
       276.2246                 37.0040             322.2            875.2431     4134.4200    -3259.1769
       276.2500                 37.0075             294.9            743.3729     3875.9400    -3132.5671
       276.3012                 37.0144             308.7            881.9622     4006.6200    -3124.6578
       276.3526                 37.0213             306.2            784.8900     3983.2200    -3198.3300
       276.4038                 37.0282             302.1            825.5622     3944.3400    -3118.7778
       276.4551                 37.0352             302.2            866.4276     3945.2400    -3078.8124
       276.5064                 37.0421             316.5            846.6207     4080.2400    -3233.6193
       276.5577                 37.0490             301.4            767.4231     3937.5000    -3170.0769
       276.6089                 37.0560             323.4            912.2155     4145.0400    -3232.8245
       276.6602                 37.0629             305.0            875.5360     3971.7000    -3096.1640
       276.7114                 37.0698             302.4            684.8290     3947.4000    -3262.5710
       276.7628                 37.0767             321.1           1042.4940     4123.4400    -3080.9460
       276.8141                 37.0837             311.4            938.0572     4031.6400    -3093.5828
       276.8653                 37.0906             292.9            629.9063     3857.5800    -3227.6737
       276.9164                 37.0975             307.4            740.1246     3994.7400    -3254.6154
       276.9678                 37.1044             297.7            732.6459     3902.4000    -3169.7541
       277.0190                 37.1114             310.5            893.7416     4023.3600    -3129.6184
       277.0702                 37.1183             296.1            692.6532     3887.8200    -3195.1668
       277.1214                 37.1252             306.2            723.4235     3983.0400    -3259.6165
       277.1726                 37.1322             322.6            955.8525     4137.6600    -3181.8075
       277.2238                 37.1391             307.4            831.7787     3994.3800    -3162.6013
       277.2500                 37.1426             309.2            797.0508     4011.6600    -3214.6092
       277.3012                 37.1496             294.1            595.6948     3868.5600    -3272.8652
       277.3524                 37.1565             311.3            650.5753     4031.1000    -3380.5247
       277.4037                 37.1634             285.3            464.8050     3786.1200    -3321.3150
       277.4550                 37.1703             307.5            740.0094     3995.6400    -3255.6306
       277.5064                 37.1773             301.3            817.5517     3936.4200    -3118.8683
       277.5576                 37.1842             304.6            661.0360     3968.2800    -3307.2440
       277.6088                 37.1911             307.3            684.1230     3993.8400    -3309.7170
       277.6600                 37.1981             297.9            611.5623     3904.3800    -3292.8177
       277.7111                 37.2050             312.5            728.3967     4042.0800    -3313.6833
       277.7624                 37.2119             299.2            511.1186     3917.3400    -3406.2214
       277.8137                 37.2188             305.4            747.6380     3975.3000    -3227.6620
       277.8649                 37.2258             306.0            524.9464     3981.2400    -3456.2936
       277.9162                 37.2327             301.4            657.8834     3937.6800    -3279.7966
       277.9674                 37.2396             317.5            796.7388     4089.7800    -3293.0412
       278.0185                 37.2465             293.9            510.7244     3867.3000    -3356.5756
       278.0696                 37.2535             294.1            539.7054     3869.1000    -3329.3946
       278.1210                 37.2604             310.6            678.7736     4024.8000    -3346.0264
       278.1722                 37.2673             326.6            825.1404     4175.8200    -3350.6796
       278.2235                 37.2743             307.9            628.8491     3999.0600    -3370.2109
       278.2500                 37.2779             300.2            569.3124     3926.1600    -3356.8476
       278.3013                 37.2848             315.5            716.2025     4070.8800    -3354.6775
       278.3527                 37.2917             310.6            739.9894     4024.4400    -3284.4506
       278.4040                 37.2986             296.5            448.3039     3891.7800    -3443.4761
       278.4551                 37.3056             312.7            726.9932     4044.0600    -3317.0668
       278.5063                 37.3125             318.9            736.3102     4102.9200    -3366.6098
       278.5574                 37.3194             316.6            810.8120     4081.5000    -3270.6880
       278.6087                 37.3263             301.2            664.4616     3936.0600    -3271.5984
       278.6600                 37.3333             302.4            561.1431     3947.4000    -3386.2569
       278.7112                 37.3402             312.9            735.8751     4046.2200    -3310.3449
       278.7624                 37.3471             313.1            635.7344     4048.2000    -3412.4656
       278.8136                 37.3541             307.0            596.4298     3990.9600    -3394.5302
       278.8649                 37.3610             303.2            450.3253     3954.9600    -3504.6347
       278.9161                 37.3679             298.8            450.8495     3913.3800    -3462.5305
       278.9672                 37.3748             299.5            578.7277     3919.6800    -3340.9523
       279.0184                 37.3818             301.4            497.5937     3937.5000    -3439.9063
       279.0697                 37.3887             300.8            563.2269     3931.7400    -3368.5131
       279.1210                 37.3956             309.1            637.7302     4010.7600    -3373.0298
       279.1722                 37.4026             320.3            793.8152     4116.4200    -3322.6048
       279.2233                 37.4095             305.6            697.5627     3977.6400    -3280.0773
       279.2500                 37.4131             302.3            567.4684     3946.1400    -3378.6716
       279.3013                 37.4200             304.7            622.5664     3968.6400    -3346.0736
       279.3524                 37.4270             317.5            837.7758     4089.9600    -3252.1842
       279.4036                 37.4339             306.2            667.0993     3982.6800    -3315.5807
       279.4548                 37.4408             305.2            642.4420     3973.8600    -3331.4180
       279.5059                 37.4477             318.2            712.7862     4095.9000    -3383.1138
       279.5570                 37.4547             298.8            590.1690     3912.8400    -3322.6710
       279.6082                 37.4616             322.9            836.4612     4140.9000    -3304.4388
       279.6592                 37.4685             318.8            823.0212     4102.3800    -3279.3588
       279.7104                 37.4755             286.4            358.5094     3796.0200    -3437.5106
       279.7617                 37.4824             320.8            796.0380     4120.9200    -3324.8820
       279.8128                 37.4893             309.4            720.1018     4013.6400    -3293.5382
       279.8640                 37.4962             297.2            673.9785     3898.0800    -3224.1015
       279.9152                 37.5032             323.3            808.8597     4144.1400    -3335.2803
       279.9663                 37.5101             311.7            726.2677     4035.2400    -3308.9723
       280.0177                 37.5170             299.8            559.6952     3922.9200    -3363.2248
       280.0690                 37.5239             317.5            692.7360     4089.6000    -3396.8640
       280.1202                 37.5309             325.8            731.7280     4168.2600    -3436.5320
       280.1714                 37.5378             295.9            513.6442     3886.0200    -3372.3758
       280.2226                 37.5447             316.6            660.1026     4081.1400    -3421.0374
       280.2500                 37.5484             316.9            695.4305     4083.6600    -3388.2295
       280.3012                 37.5554             312.8            713.7916     4045.3200    -3331.5284
       280.3524                 37.5623             303.1            670.0413     3954.0600    -3284.0187
       280.4037                 37.5692             299.4            670.8664     3918.4200    -3247.5536
       280.4548                 37.5761             296.2            566.5792     3889.0800    -3322.5008
       280.5060                 37.5831             315.5            870.9593     4070.5200    -3199.5607
       280.5573                 37.5900             303.1            736.8826     3953.8800    -3216.9974
       280.6085                 37.5969             316.8            803.5123     4083.4800    -3279.9677
       280.6596                 37.6039             305.7            678.1008     3978.3600    -3300.2592
       280.7107                 37.6108             310.4            537.0832     4022.6400    -3485.5568
       280.7620                 37.6177             303.7            493.8633     3959.4600    -3465.5967
       280.8132                 37.6246             287.3            470.5395     3805.0200    -3334.4805
       280.8643                 37.6316             309.7            553.4788     4015.9800    -3462.5012
       280.9155                 37.6385             329.9            751.7967     4206.2400    -3454.4433
       280.9667                 37.6454             298.2            475.0377     3907.4400    -3432.4023
       281.0178                 37.6523             293.3            543.1490     3861.7200    -3318.5710
       281.0688                 37.6593             304.6            508.9633     3967.7400    -3458.7767
       281.1199                 37.6662             297.7            529.1097     3902.5800    -3373.4703
       281.1711                 37.6731             309.9            607.4051     4017.6000    -3410.1949
       281.2221                 37.6801             298.7            395.9370     3911.7600    -3515.8230
       281.2500                 37.6838             299.9            528.0043     3924.0000    -3395.9957
       281.3012                 37.6908             297.7            639.0993     3902.9400    -3263.8407
       281.3525                 37.6977             318.9            833.7351     4103.1000    -3269.3649
       281.4038                 37.7046             303.3            524.8408     3955.8600    -3431.0192
       281.4550                 37.7115             315.6            693.1877     4072.1400    -3378.9523
       281.5061                 37.7185             285.4            432.7753     3787.0200    -3354.2447
       281.5573                 37.7254             319.1            796.0398     4104.5400    -3308.5002
       281.6085                 37.7323             306.4            648.1488     3984.6600    -3336.5112
       281.6598                 37.7392             304.3            596.7674     3965.2200    -3368.4526
       281.7110                 37.7462             312.0            776.2551     4038.1200    -3261.8649
       281.7623                 37.7531             311.7            757.6885     4034.8800    -3277.1915
       281.8135                 37.7600             310.5            712.4856     4023.5400    -3311.0544
       281.8647                 37.7670             317.5            796.0608     4089.7800    -3293.7192
       281.9159                 37.7739             317.1            644.0178     4086.0000    -3441.9822
       281.9671                 37.7808             296.8            481.8416     3894.1200    -3412.2784
       282.0182                 37.7877             295.7            586.6672     3883.6800    -3297.0128
       282.0694                 37.7947             295.9            359.3928     3885.4800    -3526.0872
       282.1206                 37.8016             312.7            596.5188     4044.0600    -3447.5412
       282.1719                 37.8085             295.8            643.6232     3884.4000    -3240.7768
       282.2229                 37.8155             310.3            755.0132     4021.5600    -3266.5468
       282.2500                 37.8191             309.5            676.3710     4014.1800    -3337.8090
       282.3012                 37.8260             305.9            617.2518     3980.1600    -3362.9082
       282.3523                 37.8330             311.3            599.2128     4030.7400    -3431.5272
       282.4035                 37.8399             304.4            508.1809     3965.7600    -3457.5791
       282.4548                 37.8468             313.0            685.6469     4047.4800    -3361.8331
       282.5061                 37.8537             317.2            683.5928     4087.0800    -3403.4872
       282.5574                 37.8607             285.1            409.1836     3783.4200    -3374.2364
       282.6085                 37.8676             308.5            711.9998     4004.4600    -3292.4602
       282.6597                 37.8745             325.6            795.2910     4166.2800    -3370.9890
       282.7108                 37.8815             302.4            522.8841     3947.5800    -3424.6959
       282.7620                 37.8884             311.4            677.0012     4032.1800    -3355.1788
       282.8132                 37.8953             323.3            838.3407     4144.6800    -3306.3393
       282.8645                 37.9022             314.3            690.3613     4059.9000    -3369.5387
       282.9157                 37.9092             302.8            585.5509     3950.8200    -3365.2691
       282.9669                 37.9161             318.8            784.7088     4101.6600    -3316.9512
       283.0181                 37.9230             319.6            651.0498     4109.7600    -3458.7102
       283.0693                 37.9300             307.8            693.8826     3998.1600    -3304.2774
       283.1206                 37.9369             301.8            666.3355     3941.8200    -3275.4845
       283.1718                 37.9438             312.8            769.6731     4045.1400    -3275.4669
       283.2229                 37.9507             301.8            687.1991     3941.1000    -3253.9009
       283.2500                 37.9544             289.6            591.6673     3826.2600    -3234.5927
       283.3012                 37.9613             322.5            733.9878     4137.3000    -3403.3122
       283.3523                 37.9683             293.7            536.2268     3864.7800    -3328.5532
       283.4035                 37.9752             306.7            595.2542     3987.7200    -3392.4658
       283.4546                 37.9821             300.3            640.7609     3927.0600    -3286.2991
       283.5057                 37.9890             308.3            566.6652     4002.8400    -3436.1748
       283.5569                 37.9960             308.5            744.9259     4005.0000    -3260.0741
       283.6081                 38.0029             312.0            763.1193     4038.1200    -3275.0007
       283.6594                 38.0098             301.7            640.0937     3940.9200    -3300.8263
       283.7106                 38.0167             308.7            662.6084     4006.8000    -3344.1916
       283.7619                 38.0237             305.9            743.0374     3979.9800    -3236.9426
       283.8130                 38.0306             299.1            715.2818     3915.9000    -3200.6182
       283.8642                 38.0375             312.3            729.0483     4040.4600    -3311.4117
       283.9155                 38.0445             307.5            722.2451     3995.6400    -3273.3949
       283.9668                 38.0514             306.9            716.1173     3989.5200    -3273.4027
       284.0182                 38.0583             294.1            572.4682     3868.9200    -3296.4518
       284.0695                 38.0652             321.5            744.9260     4127.0400    -3382.1140
       284.1207                 38.0722             298.2            565.5555     3907.8000    -3342.2445
       284.1719                 38.0791             312.9            693.1082     4045.8600    -3352.7518
       284.2231                 38.0860             295.3            576.9818     3880.4400    -3303.4582
       284.2500                 38.0897             312.5            771.5474     4042.4400    -3270.8926
       284.3012                 38.0966             295.6            639.0287     3883.1400    -3244.1113
       284.3524                 38.1035             315.7            863.3635     4073.0400    -3209.6765
       284.4035                 38.1105             298.7            643.4136     3912.1200    -3268.7064
       284.4547                 38.1174             282.3            461.7097     3757.1400    -3295.4303
       284.5060                 38.1243             311.1            676.8059     4028.9400    -3352.1341
       284.5573                 38.1312             296.7            463.4128     3893.0400    -3429.6272
       284.6084                 38.1382             313.1            692.8780     4047.8400    -3354.9620
       284.6596                 38.1451             303.9            662.7210     3961.2600    -3298.5390
       284.7108                 38.1520             312.6            729.8381     4043.7000    -3313.8619
       284.7621                 38.1589             313.7            799.9855     4053.9600    -3253.9745
       284.8134                 38.1659             312.1            671.0641     4038.8400    -3367.7759
       284.8646                 38.1728             290.9            582.9170     3838.6800    -3255.7630
       284.9158                 38.1797             308.4            648.5384     4003.5600    -3355.0216
       284.9672                 38.1867             319.2            858.9231     4105.9800    -3247.0569
       285.0185                 38.1936             323.1            798.6660     4142.1600    -3343.4940
       285.0697                 38.2005             302.1            535.7676     3944.3400    -3408.5724
       285.1209                 38.2074             292.7            435.9134     3855.2400    -3419.3266
       285.1721                 38.2144             308.4            656.0326     4003.3800    -3347.3474
       285.2235                 38.2213             320.5            645.3016     4117.8600    -3472.5584
       285.2500                 38.2249             321.3            637.8114     4125.7800    -3487.9686
       285.3012                 38.2318             308.6            601.4202     4005.9000    -3404.4798
       285.3525                 38.2387             317.8            654.0450     4092.8400    -3438.7950
       285.4037                 38.2457             307.4            608.8881     3994.7400    -3385.8519
       285.4550                 38.2526             299.1            514.1363     3916.2600    -3402.1237
       285.5063                 38.2595             300.8            492.2525     3932.2800    -3440.0275
       285.5575                 38.2664             305.4            582.3336     3975.1200    -3392.7864
       285.6087                 38.2734             290.8            469.7158     3837.9600    -3368.2442
       285.6598                 38.2803             295.3            392.1682     3879.9000    -3487.7318
       285.7111                 38.2872             300.1            467.3829     3925.6200    -3458.2371
       285.7623                 38.2942             330.7            840.5362     4213.9800    -3373.4438
       285.8136                 38.3011             330.0            832.4811     4207.5000    -3375.0189
       285.8648                 38.3080             303.5            455.7256     3957.8400    -3502.1144
       285.9159                 38.3149             324.5            720.5630     4156.2000    -3435.6370
       285.9672                 38.3219             307.3            600.1227     3992.9400    -3392.8173
       286.0185                 38.3288             279.4            226.9711     3730.5000    -3503.5289
       286.0698                 38.3357             315.0            541.7333     4065.8400    -3524.1067
       286.1210                 38.3426             300.7            516.6063     3930.6600    -3414.0537
       286.1721                 38.3496             317.4            619.7723     4088.3400    -3468.5677
       286.2233                 38.3565             307.0            553.1809     3990.4200    -3437.2391
       286.2500                 38.3601             295.9            442.9174     3886.0200    -3443.1026
       286.3012                 38.3670             307.6            597.9249     3995.8200    -3397.8951
       286.3523                 38.3740             287.5            372.6223     3806.8200    -3434.1977
       286.4034                 38.3809             308.1            547.7250     4000.6800    -3452.9550
       286.4545                 38.3878             301.7            453.6347     3940.3800    -3486.7453
       286.5056                 38.3947             309.7            546.8964     4015.9800    -3469.0836
       286.5569                 38.4017             314.7            509.0000     4062.7800    -3553.7800
       286.6080                 38.4086             303.7            475.8577     3959.1000    -3483.2423
       286.6592                 38.4155             314.8            578.6922     4064.5800    -3485.8878
       286.7105                 38.4225             304.6            528.5667     3968.1000    -3439.5333
       286.7616                 38.4294             291.7            437.0029     3846.2400    -3409.2371
       286.8128                 38.4363             312.9            572.7696     4046.5800    -3473.8104
       286.8640                 38.4432             314.4            525.5858     4060.6200    -3535.0342
       286.9153                 38.4502             317.6            487.7323     4090.3200    -3602.5877
       286.9665                 38.4571             313.4            512.7702     4050.7200    -3537.9498
       287.0178                 38.4640             301.9            460.4495     3942.0000    -3481.5505
       287.0688                 38.4710             293.3            410.4124     3860.8200    -3450.4076
       287.1200                 38.4779             293.2            413.3537     3859.9200    -3446.5663
       287.1712                 38.4848             306.6            514.0055     3986.6400    -3472.6345
       287.2224                 38.4917             317.6            754.3692     4090.6800    -3336.3108
       287.2500                 38.4955             293.7            460.7344     3865.1400    -3404.4056
       287.3011                 38.5024             304.6            473.9424     3968.2800    -3494.3376
       287.3523                 38.5093             319.1            595.4048     4104.3600    -3508.9552
       287.4035                 38.5162             318.6            566.3654     4099.6800    -3533.3146
       287.4547                 38.5232             305.1            347.0349     3972.2400    -3625.2051
       287.5059                 38.5301             310.4            537.0840     4022.4600    -3485.3760
       287.5570                 38.5370             310.6            459.1076     4024.4400    -3565.3324
       287.6082                 38.5440             307.6            352.7485     3996.5400    -3643.7915
       287.6594                 38.5509             298.2            425.2484     3907.0800    -3481.8316
       287.7106                 38.5578             315.9            414.8136     4074.4800    -3659.6664
       287.7618                 38.5647             302.0            466.0516     3943.0800    -3477.0284
       287.8130                 38.5717             293.8            338.3713     3865.5000    -3527.1287
       287.8642                 38.5786             316.4            564.8718     4079.5200    -3514.6482
       287.9154                 38.5855             307.3            395.7114     3993.4800    -3597.7686
       287.9665                 38.5925             300.5            420.5203     3929.0400    -3508.5197
       288.0176                 38.5994             293.0            238.3071     3858.4800    -3620.1729
       288.0688                 38.6063             318.7            570.1582     4100.9400    -3530.7818
       288.1201                 38.6132             295.3            245.2913     3880.4400    -3635.1487
       288.1712                 38.6202             306.1            401.2733     3982.5000    -3581.2267
       288.2224                 38.6271             303.0            405.7146     3952.9800    -3547.2654
       288.2500                 38.6308             310.5            449.4789     4023.7200    -3574.2411
       288.3012                 38.6378             315.9            533.3043     4074.4800    -3541.1757
       288.3523                 38.6447             313.7            468.8762     4053.6000    -3584.7238
       288.4035                 38.6516             305.3            377.8074     3974.4000    -3596.5926
       288.4548                 38.6585             306.1            303.3923     3981.6000    -3678.2077
       288.5060                 38.6655             310.7            470.6943     4025.5200    -3554.8257
       288.5573                 38.6724             284.9            234.6278     3781.9800    -3547.3522
       288.6085                 38.6793             315.1            436.4264     4066.7400    -3630.3136
       288.6597                 38.6863             301.3            292.5378     3937.1400    -3644.6022
       288.7108                 38.6932             311.8            362.4554     4035.9600    -3673.5046
       288.7621                 38.7001             302.4            532.4866     3947.5800    -3415.0934
       288.8133                 38.7070             301.8            524.5278     3941.6400    -3417.1122
       288.8646                 38.7140             302.5            263.9725     3948.4800    -3684.5075
       288.9157                 38.7209             309.8            487.4445     4016.7000    -3529.2555
       288.9669                 38.7278             299.7            341.2592     3921.8400    -3580.5808
       289.0180                 38.7347             293.1            241.3487     3859.0200    -3617.6713
       289.0693                 38.7417             294.4            393.1767     3871.2600    -3478.0833
       289.1205                 38.7486             328.8            682.9760     4196.1600    -3513.1840
       289.1717                 38.7555             291.6            238.7479     3845.1600    -3606.4121
       289.2228                 38.7625             312.7            505.2836     4044.2400    -3538.9564
       289.2500                 38.7661             302.0            357.3576     3943.8000    -3586.4424
       289.3013                 38.7731             329.8            600.6777     4205.3400    -3604.6623
       289.3525                 38.7800             316.0            558.0146     4075.2000    -3517.1854
       289.4036                 38.7869             308.7            419.6581     4006.8000    -3587.1419
       289.4546                 38.7938             320.9            568.9703     4121.8200    -3552.8497
       289.5058                 38.8008             304.0            400.7289     3962.1600    -3561.4311
       289.5569                 38.8077             303.1            421.8299     3953.7000    -3531.8701
       289.6080                 38.8146             304.8            432.9175     3969.9000    -3536.9825
       289.6593                 38.8216             296.9            365.2536     3895.3800    -3530.1264
       289.7105                 38.8285             314.0            451.4489     4056.6600    -3605.2111
       289.7615                 38.8354             312.4            468.4260     4041.3600    -3572.9340
       289.8127                 38.8423             312.3            507.4743     4040.4600    -3532.9857
       289.8639                 38.8493             318.6            475.3109     4100.4000    -3625.0891
       289.9151                 38.8562             294.5            388.0513     3872.1600    -3484.1087
       289.9663                 38.8631             298.3            278.9579     3908.5200    -3629.5621
       290.0175                 38.8701             304.3            440.4605     3965.0400    -3524.5795
       290.0688                 38.8770             289.8            340.8890     3827.8800    -3486.9910
       290.1201                 38.8839             311.3            635.6229     4030.9200    -3395.2971
       290.1713                 38.8908             300.3            449.5361     3926.8800    -3477.3439
       290.2225                 38.8978             307.7            445.3813     3996.7200    -3551.3387
       290.2500                 38.9015             315.3            510.2673     4069.2600    -3558.9927
       290.3011                 38.9084             316.4            501.2218     4078.9800    -3577.7582
       290.3524                 38.9153             303.3            340.1453     3955.5000    -3615.3547
       290.4036                 38.9223             328.6            614.3580     4194.9000    -3580.5420
       290.4548                 38.9292             297.6            307.0745     3901.8600    -3594.7855
       290.5059                 38.9361             305.8            466.7939     3979.2600    -3512.4661
       290.5571                 38.9431             295.7            458.1298     3884.2200    -3426.0902
       290.6083                 38.9500             306.3            406.2714     3983.7600    -3577.4886
       290.6593                 38.9569             304.5            456.9280     3966.6600    -3509.7320
       290.7104                 38.9638             290.8            245.6218     3837.7800    -3592.1582
       290.7615                 38.9708             316.8            553.5488     4082.7600    -3529.2112
       290.8125                 38.9777             295.0            280.1856     3877.0200    -3596.8344
       290.8638                 38.9846             315.7            531.0798     4072.3200    -3541.2402
       290.9150                 38.9916             310.9            504.0021     4027.3200    -3523.3179
       290.9661                 38.9985             332.8            572.1884     4233.9600    -3661.7716
       291.0173                 39.0054             310.4            442.9337     4022.2800    -3579.3463
       291.0685                 39.0123             317.4            499.4755     4088.3400    -3588.8645
       291.1197                 39.0193             301.2            417.3536     3936.0600    -3518.7064
       291.1709                 39.0262             312.4            523.2898     4041.1800    -3517.8902
       291.2221                 39.0331             309.3            400.5035     4012.2000    -3611.6965
       291.2500                 39.0369             314.1            554.0434     4057.3800    -3503.3366
       291.3011                 39.0438             312.3            516.6305     4041.0000    -3524.3695
       291.3523                 39.0508             321.0            532.9791     4122.7200    -3589.7409
       291.4035                 39.0577             307.6            493.7796     3996.3600    -3502.5804
       291.4547                 39.0646             294.3            337.2682     3870.7200    -3533.4518
       291.5060                 39.0715             312.3            428.8334     4040.2800    -3611.4466
       291.5572                 39.0785             307.3            374.6709     3993.1200    -3618.4491
       291.6084                 39.0854             306.8            419.7325     3988.2600    -3568.5275
       291.6595                 39.0923             318.4            632.2554     4098.0600    -3465.8046
       291.7106                 39.0993             325.8            581.8340     4168.2600    -3586.4260
       291.7618                 39.1062             324.8            680.1687     4158.9000    -3478.7313
       291.8130                 39.1131             310.8            617.2146     4026.7800    -3409.5654
       291.8642                 39.1200             291.0            365.0047     3839.5800    -3474.5753
       291.9153                 39.1270             306.7            473.3240     3988.0800    -3514.7560
       291.9665                 39.1339             291.8            308.0462     3847.5000    -3539.4538
       292.0177                 39.1408             323.3            579.4321     4144.8600    -3565.4279
       292.0688                 39.1478             322.0            634.2556     4131.9000    -3497.6444
       292.1200                 39.1547             318.4            556.1434     4098.2400    -3542.0966
       292.1711                 39.1616             308.0            407.8578     3999.9600    -3592.1022
       292.2223                 39.1685             316.9            491.8455     4084.2000    -3592.3545
       292.2500                 39.1723             307.2            482.2266     3992.0400    -3509.8134
       292.3013                 39.1792             303.6            436.8881     3958.3800    -3521.4919
       292.3524                 39.1862             317.1            548.2442     4086.3600    -3538.1158
       292.4036                 39.1931             315.4            544.4802     4069.6200    -3525.1398
       292.4549                 39.2000             294.0            339.3465     3867.6600    -3528.3135
       292.5061                 39.2069             305.0            439.3499     3971.3400    -3531.9901
       292.5572                 39.2139             316.6            472.2813     4081.5000    -3609.2187
       292.6085                 39.2208             302.8            271.7913     3950.6400    -3678.8487
       292.6597                 39.2277             294.0            282.5407     3867.8400    -3585.2993
       292.7107                 39.2346             317.7            534.2816     4091.7600    -3557.4784
       292.7619                 39.2416             289.9            298.6051     3828.9600    -3530.3549
       292.8130                 39.2485             314.2            485.5660     4058.8200    -3573.2540
       292.8642                 39.2554             294.4            410.7465     3871.4400    -3460.6935
       292.9153                 39.2624             284.0            166.5678     3773.1600    -3606.5922
       292.9666                 39.2693             310.1            442.5896     4019.9400    -3577.3504
       293.0177                 39.2762             298.8            428.2725     3913.2000    -3484.9275
       293.0689                 39.2831             316.9            531.9284     4083.6600    -3551.7316
       293.1200                 39.2901             307.4            460.5406     3994.0200    -3533.4794
       293.1712                 39.2970             308.8            476.8767     4007.3400    -3530.4633
       293.2222                 39.3039             310.7            371.5264     4025.1600    -3653.6336
       293.2500                 39.3077             302.8            400.5552     3950.4600    -3549.9048
       293.3012                 39.3146             298.9            372.6999     3914.1000    -3541.4001
       293.3525                 39.3215             284.9            180.9387     3782.1600    -3601.2213
       293.4036                 39.3285             310.5            450.0161     4023.1800    -3573.1639
       293.4547                 39.3354             296.8            300.5728     3894.1200    -3593.5472
       293.5059                 39.3423             313.2            462.1980     4049.4600    -3587.2620
       293.5571                 39.3492             328.3            655.3458     4191.8400    -3536.4942
       293.6084                 39.3562             296.3            386.7568     3889.9800    -3503.2232
       293.6595                 39.3631             329.5            638.9886     4202.4600    -3563.4714
       293.7107                 39.3700             308.7            353.5389     4006.2600    -3652.7211
       293.7617                 39.3770             292.9            249.8334     3857.7600    -3607.9266
       293.8128                 39.3839             294.8            239.8290     3875.5800    -3635.7510
       293.8639                 39.3908             313.1            414.4294     4048.3800    -3633.9506
       293.9151                 39.3977             288.8            326.1507     3818.7000    -3492.5493
       293.9664                 39.4047             308.9            412.2632     4008.0600    -3595.7968
       294.0174                 39.4116             303.7            369.5072     3959.8200    -3590.3128
       294.0686                 39.4185             297.9            421.8217     3905.1000    -3483.2783
       294.1197                 39.4255             326.9            653.5561     4177.9800    -3524.4239
       294.1710                 39.4324             296.8            389.9910     3894.6600    -3504.6690
       294.2223                 39.4393             310.9            460.4819     4026.9600    -3566.4781
       294.2500                 39.4431             325.6            649.4212     4166.1000    -3516.6788
       294.3013                 39.4500             305.6            329.2385     3977.1000    -3647.8615
       294.3524                 39.4569             301.1            426.7668     3934.6200    -3507.8532
       294.4037                 39.4638             319.7            527.4724     4110.8400    -3583.3676
       294.4548                 39.4708             308.5            294.0744     4005.1800    -3711.1056
       294.5060                 39.4777             313.3            546.9032     4049.8200    -3502.9168
       294.5572                 39.4846             312.3            447.1471     4041.0000    -3593.8529
       294.6085                 39.4916             326.5            545.0293     4174.5600    -3629.5307
       294.6596                 39.4985             299.7            369.7062     3922.0200    -3552.3138
       294.7107                 39.5054             296.6            329.3552     3892.5000    -3563.1448
       294.7619                 39.5123             300.7            372.6022     3931.5600    -3558.9578
       294.8131                 39.5193             313.4            501.8865     4050.9000    -3549.0135
       294.8642                 39.5262             299.5            345.5315     3919.5000    -3573.9685
       294.9153                 39.5331             291.0            324.0236     3839.7600    -3515.7364
       294.9666                 39.5400             320.8            637.7687     4120.7400    -3482.9713
       295.0177                 39.5470             317.0            461.2206     4085.1000    -3623.8794
       295.0690                 39.5539             304.9            457.6938     3970.4400    -3512.7462
       295.1200                 39.5608             316.1            471.1690     4076.6400    -3605.4710
       295.1712                 39.5678             319.7            624.3414     4110.1200    -3485.7786
       295.2225                 39.5747             301.7            334.2878     3940.2000    -3605.9122
       295.2500                 39.5784             305.3            411.8125     3974.7600    -3562.9475
       295.3012                 39.5853             318.8            489.3252     4101.6600    -3612.3348
       295.3524                 39.5923             314.4            549.7083     4060.2600    -3510.5517
       295.4037                 39.5992             312.4            584.8584     4041.7200    -3456.8616
       295.4550                 39.6061             316.9            604.7536     4083.8400    -3479.0864
       295.5061                 39.6130             312.8            400.0552     4045.3200    -3645.2648
       295.5574                 39.6200             324.1            579.3470     4152.2400    -3572.8930
       295.6087                 39.6269             319.0            472.2544     4103.4600    -3631.2056
       295.6599                 39.6338             314.9            547.6363     4065.3000    -3517.6637
       295.7110                 39.6408             297.1            343.8383     3897.0000    -3553.1617
       295.7624                 39.6477             306.0            504.2500     3981.2400    -3476.9900
       295.8135                 39.6546             304.0            366.4429     3962.1600    -3595.7171
       295.8647                 39.6615             292.8            318.0579     3856.1400    -3538.0821
       295.9159                 39.6685             314.0            543.4815     4057.0200    -3513.5385
       295.9670                 39.6754             319.3            519.1215     4107.0600    -3587.9385
       296.0182                 39.6823             307.2            417.1229     3992.2200    -3575.0971
       296.0695                 39.6892             305.8            342.0534     3979.4400    -3637.3866
       296.1207                 39.6962             342.0            754.0747     4321.0800    -3567.0053
       296.1718                 39.7031             309.6            562.2120     4015.0800    -3452.8680
       296.2229                 39.7100             314.1            488.0901     4057.9200    -3569.8299
       296.2500                 39.7137             307.2            454.2738     3992.7600    -3538.4862
       296.3012                 39.7206             292.7            320.5504     3855.6000    -3535.0496
       296.3523                 39.7276             310.2            489.6971     4020.3000    -3530.6029
       296.4034                 39.7345             313.7            547.5368     4054.1400    -3506.6032
       296.4545                 39.7414             311.1            558.9751     4029.1200    -3470.1449
       296.5055                 39.7483             316.9            503.0668     4083.6600    -3580.5932
       296.5567                 39.7553             294.7            295.5426     3874.3200    -3578.7774
       296.6077                 39.7622             300.2            281.8687     3926.3400    -3644.4713
       296.6587                 39.7691             310.7            445.6085     4025.1600    -3579.5515
       296.7100                 39.7760             298.5            363.6101     3909.9600    -3546.3499
       296.7611                 39.7830             306.9            273.2176     3989.5200    -3716.3024
       296.8123                 39.7899             299.7            470.8046     3922.0200    -3451.2154
       296.8634                 39.7968             293.3            308.4360     3861.5400    -3553.1040
       296.9146                 39.8038             301.6            358.2358     3939.4800    -3581.2442
       296.9656                 39.8107             295.7            415.9351     3883.8600    -3467.9249
       297.0168                 39.8176             295.3            273.8180     3880.4400    -3606.6220
       297.0680                 39.8245             304.7            475.2310     3968.8200    -3493.5890
       297.1192                 39.8315             302.0            283.6138     3943.2600    -3659.6462
       297.1703                 39.8384             336.2            742.1908     4266.3600    -3524.1692
       297.2215                 39.8453             305.7            433.5399     3978.0000    -3544.4601
       297.2500                 39.8492             300.3            495.6335     3927.2400    -3431.6065
       297.3013                 39.8561             305.0            445.9456     3971.3400    -3525.3944
       297.3525                 39.8630             311.2            499.5701     4030.2000    -3530.6299
       297.4036                 39.8700             313.2            521.7074     4049.2800    -3527.5726
       297.4548                 39.8769             331.2            646.1132     4218.6600    -3572.5468
       297.5060                 39.8838             326.0            591.6638     4169.5200    -3577.8562
       297.5572                 39.8908             307.6            433.4054     3996.1800    -3562.7746
       297.6085                 39.8977             313.7            466.5699     4053.4200    -3586.8501
       297.6597                 39.9046             295.7            348.7350     3883.6800    -3534.9450
       297.7108                 39.9115             291.5            366.8137     3843.9000    -3477.0863
       297.7619                 39.9185             330.6            700.6430     4213.0800    -3512.4370
       297.8131                 39.9254             288.8            236.5958     3818.7000    -3582.1042
       297.8643                 39.9323             313.5            519.9044     4051.6200    -3531.7156
       297.9154                 39.9392             315.0            501.4313     4065.6600    -3564.2287
       297.9666                 39.9462             307.8            469.2194     3998.5200    -3529.3006
       298.0179                 39.9531             282.3             77.9141     3756.9600    -3679.0459
       298.0689                 39.9600             302.2            315.2351     3945.0600    -3629.8249
       298.1201                 39.9670             318.9            614.2623     4102.5600    -3488.2977
       298.1713                 39.9739             327.8            661.7822     4186.8000    -3525.0178
       298.2226                 39.9808             299.0            464.7352     3915.1800    -3450.4448
       298.2500                 39.9845             322.9            618.8279     4140.5400    -3521.7121
       298.3010                 39.9914             315.3            560.4755     4069.0800    -3508.6045
       298.3522                 39.9984             326.5            574.4953     4174.5600    -3600.0647
       298.4034                 40.0053             294.1            259.3067     3868.5600    -3609.2533
       298.4546                 40.0122             311.8            422.9045     4035.6000    -3612.6955
       298.5058                 40.0192             307.6            417.3966     3996.5400    -3579.1434
       298.5569                 40.0261             315.7            439.5542     4072.6800    -3633.1258
       298.6081                 40.0330             300.9            303.2958     3933.0000    -3629.7042
       298.6592                 40.0399             302.5            388.4436     3948.1200    -3559.6764
       298.7105                 40.0469             316.6            533.8695     4081.1400    -3547.2705
       298.7616                 40.0538             289.3            169.4094     3823.2000    -3653.7906
       298.8127                 40.0607             300.3            380.4681     3927.6000    -3547.1319
       298.8639                 40.0677             307.7            479.6916     3997.4400    -3517.7484
       298.9152                 40.0746             307.7            364.6761     3996.9000    -3632.2239
       298.9664                 40.0815             282.6            121.0330     3760.0200    -3638.9870
       299.0175                 40.0884             297.0            347.3026     3896.6400    -3549.3374
       299.0687                 40.0954             305.1            421.3801     3972.6000    -3551.2199
       299.1199                 40.1023             302.6            343.3629     3948.8400    -3605.4771
       299.1710                 40.1092             314.9            644.8722     4065.3000    -3420.4278
       299.2221                 40.1161             295.4            248.6153     3881.3400    -3632.7247
       299.2500                 40.1199             307.6            361.1737     3996.3600    -3635.1863
       299.3011                 40.1269             310.7            478.9662     4025.7000    -3546.7338
       299.3522                 40.1338             290.8            310.9823     3837.7800    -3526.7977
       299.4033                 40.1407             308.7            414.5413     4006.9800    -3592.4387
       299.4545                 40.1476             282.1            147.2780     3755.8800    -3608.6020
       299.5057                 40.1546             286.9            128.6361     3800.5200    -3671.8839
       299.5571                 40.1615             313.4            478.1075     4050.9000    -3572.7925
       299.6082                 40.1684             297.0            290.8644     3896.6400    -3605.7756
       299.6594                 40.1753             306.2            457.8657     3983.2200    -3525.3543
       299.7106                 40.1823             300.2            316.1426     3926.1600    -3610.0174
       299.7618                 40.1892             302.2            328.8677     3944.8800    -3616.0123
       299.8129                 40.1961             307.2            356.2243     3992.0400    -3635.8157
       299.8642                 40.2031             318.2            492.7250     4096.0800    -3603.3550
       299.9154                 40.2100             292.2            254.1697     3851.2800    -3597.1103
       299.9667                 40.2169             301.2            304.0589     3936.0600    -3632.0011
       300.0179                 40.2238             318.9            471.8555     4102.7400    -3630.8845
       300.0691                 40.2308             317.1            543.3628     4085.6400    -3542.2772
       300.1202                 40.2377             303.1            350.2019     3953.3400    -3603.1381
       300.1714                 40.2446             313.8            521.5861     4054.5000    -3532.9139
       300.2226                 40.2516             299.8            427.3454     3922.3800    -3495.0346
       300.2500                 40.2553             317.7            488.6008     4091.2200    -3602.6192
       300.3010                 40.2622             304.4            360.6953     3966.3000    -3605.6047
       300.3521                 40.2691             300.9            322.1220     3932.8200    -3610.6980
       300.4033                 40.2761             315.0            530.6602     4066.2000    -3535.5398
       300.4543                 40.2830             304.3            455.6355     3964.8600    -3509.2245
       300.5055                 40.2899             307.1            474.0299     3991.6800    -3517.6501
       300.5566                 40.2968             307.1            345.4629     3991.8600    -3646.3971
       300.6079                 40.3038             310.0            371.9319     4019.2200    -3647.2881
       300.6590                 40.3107             323.9            537.1373     4150.0800    -3612.9427
       300.7102                 40.3176             297.3            290.0910     3898.9800    -3608.8890
       300.7614                 40.3245             311.8            456.8961     4035.6000    -3578.7039
       300.8126                 40.3315             312.7            478.3425     4044.7800    -3566.4375
       300.8638                 40.3384             302.6            294.0856     3948.8400    -3654.7544
       300.9149                 40.3453             306.6            427.5889     3986.6400    -3559.0511
       300.9660                 40.3523             312.2            456.3766     4039.5600    -3583.1834
       301.0170                 40.3592             295.6            330.5245     3882.9600    -3552.4355
       301.0682                 40.3661             298.6            306.8093     3911.2200    -3604.4107
       301.1192                 40.3730             301.3            358.5336     3936.4200    -3577.8864
       301.1704                 40.3800             301.4            360.5635     3938.0400    -3577.4765
       301.2216                 40.3869             319.9            627.9949     4112.1000    -3484.1051
       301.2500                 40.3907             306.6            508.6055     3986.6400    -3478.0345
